Date,Directorates,LCC Customer,Bin Type,Waste Type,Tonnage
2008-04-01,AIRE ALMO,"NAVAGATION HOUSE, LEEDS SOUTH HOMES",1100L-C,Card,0.101
2008-04-01,AIRE ALMO,"NAVAGATION HOUSE, LEEDS SOUTH HOMES",1100L-W,Gen Waste,0.565
2008-04-01,AIRE ALMO,SWARCLIFFE NHO,1100L-C,Card,0.095
2008-04-01,AIRE ALMO,SWARCLIFFE NHO,1100L-W,Gen Waste,0.361
2008-04-01,City Development,ARKITECTURAL DESIGN,1100L-C,Card,0.102
2008-04-01,City Development,ARKITECTURAL DESIGN,1100L-W,Gen Waste,1.006
2008-04-01,City Development,PUDSEY MARKETS,1100L-C,Card,0.552
2008-04-01,City Development,PUDSEY MARKETS,1100L-W,Gen Waste,2.951
2008-04-01,City Development,TAXI LICENSING,1100L-C,Card,0.095
2008-04-01,City Development,TAXI LICENSING,1100L-W,Gen Waste,0.283
2008-04-01,City Services,AIREBOROUGH NEW ROADSIDE 03044,1100L-C,Card,0.196
2008-04-01,City Services,AIREBOROUGH NEW ROADSIDE 03044,1100L-W,Gen Waste,0.277
2008-04-01,City Services,ALLERTON BYWATER CENTRE - YS220,360L-W,Gen Waste,0.175
2008-04-01,City Services,ALSTON LANE CENTRE - YS221,660L-W,Gen Waste,0.206
2008-04-01,City Services,APEX HOUSE,1100L-C,Card,0.197
2008-04-01,City Services,APEX HOUSE,1100L-W,Gen Waste,1.143
2008-04-01,City Services,APEX HOUSE,660L-C,Card,0.122
2008-04-01,City Services,ARMLEY OSC 03082,1100L-C,Card,0.1
2008-04-01,City Services,ARMLEY OSC 03082,1100L-W,Gen Waste,0.341
2008-04-01,City Services,BANGLADESHI CENTRE - YS223,1100L-C,Card,0.111
2008-04-01,City Services,BANGLADESHI CENTRE - YS223,1100L-W,Gen Waste,0.462
2008-04-01,City Services,BARLEYFIELDS CENTRE - YS224,660L-W,Gen Waste,0.211
2008-04-01,City Services,BELGRAVE HOUSE,1100L-C,Card,0.206
2008-04-01,City Services,BELGRAVE HOUSE,1100L-W,Gen Waste,0.683
2008-04-01,City Services,BLACKBURN HALL - AET143,1100L-W,Gen Waste,0.55
2008-04-01,City Services,BOSTON SPA CENTRE - YS226,660L-W,Gen Waste,0.207
2008-04-01,City Services,CANON HOUSE 03025,1100L-C,Card,0.111
2008-04-01,City Services,CANON HOUSE 03026,1100L-W,Gen Waste,0.583
2008-04-01,City Services,CANON HOUSE 03027,1100L-W,Gen Waste,0.577
2008-04-01,City Services,CATERING - BEESTON PRIMARY,1100L-W,Gen Waste,0.341
2008-04-01,City Services,CIVIC HALL - CITY SERVICES DEPT,660L-C,Card,0.721
2008-04-01,City Services,CIVIC HALL - CITY SERVICES DEPT,660L-W,Gen Waste,4.3
2008-04-01,City Services,CROSS GREEN CENTRE - YS230,1100L-W,Gen Waste,0.224
2008-04-01,City Services,CROSSGATES CENTRE - YS231,1100L-C,Card,0.09
2008-04-01,City Services,CROSSGATES CENTRE - YS231,1100L-W,Gen Waste,0.288
2008-04-01,City Services,DEWSBURY ROAD OSC 03083,1100L-C,Card,0.078
2008-04-01,City Services,DEWSBURY ROAD OSC 03083,1100L-W,Gen Waste,0.606
2008-04-01,City Services,EBOR GARDENS COMM CENT- YS233,1100L-C,Card,0.1
2008-04-01,City Services,EBOR GARDENS COMM CENT- YS233,1100L-W,Gen Waste,0.347
2008-04-01,City Services,EVOLUTION HOUSE,1100L-C,Card,0.082
2008-04-01,City Services,EVOLUTION HOUSE,1100L-W,Gen Waste,0.7
2008-04-01,City Services,FIELDHEAD CARR CENTRE - YS234,660L-W,Gen Waste,0.206
2008-04-01,City Services,FIR TREE SCHOOL,1100L-W,Gen Waste,0.447
2008-04-01,City Services,GARFORTH OSC - MAIN STREET 03051,1100L-C,Card,0.115
2008-04-01,City Services,GARFORTH OSC - MAIN STREET 03051,1100L-W,Gen Waste,0.279
2008-04-01,City Services,GILDERSOME YOUTH CENTRE,1100L-W,Gen Waste,0.215
2008-04-01,City Services,HAREHILLS PLACE COMMUNITY CENTRE,1100L-W,Gen Waste,0.226
2008-04-01,City Services,HEADINGLEY COMMUNITY CENTRE,1100L-W,Gen Waste,0.214
2008-04-01,City Services,HENRY BARRAN CENTRE - YS240,1100L-C,Card,0.116
2008-04-01,City Services,HENRY BARRAN CENTRE - YS240,1100L-W,Gen Waste,0.581
2008-04-01,City Services,HOLBECK YOUTH CENTRE,1100L-W,Gen Waste,0.244
2008-04-01,City Services,HOUGH TOP COURT 03027,1100L-C,Card,0.117
2008-04-01,City Services,HOUGH TOP COURT 03027,1100L-W,Gen Waste,1.203
2008-04-01,City Services,KENTMERE CENTRE - YS244,1100L-C,Card,0.086
2008-04-01,City Services,KENTMERE CENTRE - YS244,1100L-W,Gen Waste,0.29
2008-04-01,City Services,KIPPAX YOUTH CENTRE,660L-W,Gen Waste,0.168
2008-04-01,City Services,KNOWSTHORPE GATE SUPPORT SER 43390,1100L-C,Card,0.198
2008-04-01,City Services,LANDMARK COURT,1100L-C,Card,0.099
2008-04-01,City Services,LANDMARK COURT,1100L-W,Gen Waste,0.296
2008-04-01,City Services,LINCOLN GREEN YOUTH CENTRE,1100L-W,Gen Waste,0.285
2008-04-01,City Services,LITTLE LONDON COMMUNITY CENTRE,1100L-W,Gen Waste,0.229
2008-04-01,City Services,MANDELA CENTRE,1100L-C,Card,0.11
2008-04-01,City Services,MANDELA CENTRE,1100L-W,Gen Waste,0.445
2008-04-01,City Services,MEANWOOD COMMUNITY CENTRE,1100L-W,Gen Waste,0.247
2008-04-01,City Services,MERRION HOUSE,1100L-C,Card,0.404
2008-04-01,City Services,MERRION HOUSE,1100L-W,Gen Waste,5.455
2008-04-01,City Services,MERRION HOUSE,360L-C,Card,0.211
2008-04-01,City Services,MERRION HOUSE,660L-C,Card,0.437
2008-04-01,City Services,METHLEY CENTRE,1100L-W,Gen Waste,0.287
2008-04-01,City Services,MICKLEFIELD YOUTH CENTRE,1100L-W,Gen Waste,0.278
2008-04-01,City Services,MIDDLETON PARK HIGHWAYS 03034,1100L-C,Card,0.369
2008-04-01,City Services,MIDDLETON PARK HIGHWAYS 03034,1100L-W,Gen Waste,1.12
2008-04-01,City Services,MIDDLETON SKILLS CENTRE - YS253,1100L-C,Card,0.088
2008-04-01,City Services,MIDDLETON SKILLS CENTRE - YS253,1100L-W,Gen Waste,0.306
2008-04-01,City Services,MORLEY TOWN HALL 03060,1100L-C,Card,0.212
2008-04-01,City Services,MORLEY TOWN HALL 03060,1100L-W,Gen Waste,0.449
2008-04-01,City Services,NOWELL MOUNT CENTRE - YS254,1100L-W,Gen Waste,0.288
2008-04-01,City Services,OLD COCKBURN SPORTS HALL,1100L-W,Gen Waste,0.292
2008-04-01,City Services,OSMONDTHORPE OSC 03085,1100L-C,Card,0.09
2008-04-01,City Services,OSMONDTHORPE OSC 03085,1100L-W,Gen Waste,0.587
2008-04-01,City Services,OTLEY A O 03066,1100L-W,Gen Waste,0.228
2008-04-01,City Services,PAKISTANI CENTRE - YS256,1100L-C,Card,0.117
2008-04-01,City Services,PALACE PROJECT - YS257,1100L-W,Gen Waste,0.239
2008-04-01,City Services,PRINCE PHILLIP CENTRE - YS258,1100L-C,Card,0.099
2008-04-01,City Services,PRINCE PHILLIP CENTRE - YS258,1100L-W,Gen Waste,0.463
2008-04-01,City Services,PUDSEY TOWN HALL 03071,1100L-W,Gen Waste,0.802
2008-04-01,City Services,PUDSEY TOWN HALL 03071,660L-C,Card,0.129
2008-04-01,City Services,RICHMOND HILL CENTRE - YS259,1100L-W,Gen Waste,0.28
2008-04-01,City Services,RICHMOND HILL CENTRE - YS259,660L-W,Gen Waste,0.162
2008-04-01,City Services,ROSE LUND CENTRE - YS260,660L-W,Gen Waste,0.217
2008-04-01,City Services,ROTHWELL A O - 03074,1100L-C,Card,0.1
2008-04-01,City Services,ROTHWELL A O - 03074,1100L-W,Gen Waste,0.281
2008-04-01,City Services,SOUTH GIPTON CENTRE - YS263,1100L-W,Gen Waste,0.28
2008-04-01,City Services,SOUTH LEEDS FLC,1100L-C,Card,0.089
2008-04-01,City Services,SOUTH LEEDS FLC,1100L-W,Gen Waste,1.535
2008-04-01,City Services,SOUTH SEACROFT OSC,1100L-C,Card,0.097
2008-04-01,City Services,SOUTH SEACROFT OSC,660L-C,Card,0.142
2008-04-01,City Services,SOUTH SEACROFT OSC,660L-W,Gen Waste,0.619
2008-04-01,City Services,ST GABRIELS CENTRE - YS264,660L-W,Gen Waste,0.165
2008-04-01,City Services,ST GEORGES CENTRE 03036,1100L-C,Card,0.299
2008-04-01,City Services,ST GEORGES CENTRE 03036,1100L-W,Gen Waste,0.506
2008-04-01,City Services,ST GREGORYS Y & A CENTRE,1100L-C,Card,0.112
2008-04-01,City Services,ST GREGORYS Y & A CENTRE,1100L-W,Gen Waste,0.296
2008-04-01,City Services,ST MATTHEWS CENTRE - YS266,1100L-W,Gen Waste,0.272
2008-04-01,City Services,STANHOPE DRIVE YOUTH CENTRE,660L-W,Gen Waste,0.162
2008-04-01,City Services,STRAWBERRY LANE CENTRE - YS268,1100L-C,Card,0.099
2008-04-01,City Services,STRAWBERRY LANE CENTRE - YS268,1100L-W,Gen Waste,0.343
2008-04-01,City Services,THE LEONARDO BUILDING 03020,1100L-C,Card,0.184
2008-04-01,City Services,THE LEONARDO BUILDING 03020,1100L-W,Gen Waste,1.367
2008-04-01,City Services,THORESBY HOUSE 03017,1100L-C,Card,0.393
2008-04-01,City Services,THORESBY HOUSE 03017,1100L-W,Gen Waste,2.733
2008-04-01,City Services,TINGLEY YOUTH & COMMUNITY CENTRE,660L-W,Gen Waste,0.163
2008-04-01,City Services,WELFARE RIGHTS UNIT,1100L-W,Gen Waste,0.279
2008-04-01,City Services,WESTON LANE CENTRE - YS272,1100L-W,Gen Waste,0.219
2008-04-01,City Services,WETHERBY A O 03078,1100L-W,Gen Waste,0.278
2008-04-01,City Services,WINDMILL YOUTH CENTRE,1100L-W,Gen Waste,0.281
2008-04-01,City Services,WOODHOUSE COMMUNITY CENTRE,1100L-W,Gen Waste,0.219
2008-04-01,City Services,WOODSLEY ROAD CENTRE - YS275,1100L-W,Gen Waste,0.591
2008-04-01,City Services,YEADON TOWN HALL - AET149,1100L-C,Card,0.088
2008-04-01,City Services,YEADON TOWN HALL - AET149,1100L-W,Gen Waste,0.465
2008-04-01,E ALMO,BUILDING SERVICES,1100L-C,Card,0.103
2008-04-01,E ALMO,BUILDING SERVICES,1100L-W,Gen Waste,0.285
2008-04-01,E ALMO,BURMANTOFTS NH,1100L-W,Gen Waste,0.279
2008-04-01,E ALMO,BUTTON HILL COMMUNITY CENTRE,1100L-W,Gen Waste,0.227
2008-04-01,E ALMO,GIPTON NHO,660L-W,Gen Waste,0.212
2008-04-01,E ALMO,HAREHILLS & CHAPEL TOWN NHO,1100L-W,Gen Waste,0.224
2008-04-01,E ALMO,MEANWOOD NHO,1100L-W,Gen Waste,0.232
2008-04-01,E ALMO,MOORTOWN NHO,1100L-W,Gen Waste,0.283
2008-04-01,E ALMO,RICHOMOND HILL NHO,660L-W,Gen Waste,0.205
2008-04-01,E ALMO,SEACROFT NORTH 0SS - S066640,1100L-C,Card,0.106
2008-04-01,E ALMO,SEACROFT NORTH 0SS - S066640,1100L-W,Gen Waste,0.3
2008-04-01,E ALMO,TRIBECA HOUSE,1100L-C,Card,0.096
2008-04-01,E ALMO,TRIBECA HOUSE,1100L-W,Gen Waste,0.464
2008-04-01,Education Leeds/Schools,ARTEMIS,1100L-W,Gen Waste,0.106
2008-04-01,Education Leeds/Schools,BLENHEIM CENTRE,1100L-W,Gen Waste,0.123
2008-04-01,Education Leeds/Schools,BLENHEIM CENTRE,1100L-W,Gen Waste,0.121
2008-04-01,Education Leeds/Schools,ELMETE CENTRE,1100L-C,Card,0.023
2008-04-01,Education Leeds/Schools,ELMETE CENTRE,1100L-C,Card,0.018
2008-04-01,Education Leeds/Schools,ELMETE CENTRE,1100L-W,Gen Waste,0.175
2008-04-01,Education Leeds/Schools,ELMETE CENTRE,1100L-W,Gen Waste,0.182
2008-04-01,Education Leeds/Schools,ELMETE CENTRE,1100L-W,Gen Waste,0.162
2008-04-01,Education Leeds/Schools,GRAFTON SITE,1100L-C,Card,0.022
2008-04-01,Education Leeds/Schools,GRAFTON SITE,1100L-W,Gen Waste,0.113
2008-04-01,Education Leeds/Schools,SOUTH PUDSEY COMMUNITY CENTRE,1100L-W,Gen Waste,0.228
2008-04-01,Education Leeds/Schools,SOUTH PUDSEY COMMUNITY CENTRE,1100L-C,Card,0.023
2008-04-01,Education Leeds/Schools,SOUTH PUDSEY COMMUNITY CENTRE,1100L-W,Gen Waste,0.052
2008-04-01,Education Leeds/Schools,WEST PARK CENTRE,1100L-C,Card,0.023
2008-04-01,Education Leeds/Schools,WEST PARK CENTRE,1100L-C,Card,0.032
2008-04-01,Education Leeds/Schools,WEST PARK CENTRE,1100L-W,Gen Waste,0.106
2008-04-01,Education Leeds/Schools,WEST PARK CENTRE,1100L-W,Gen Waste,0.11
2008-04-01,Education Leeds/Schools,WEST PARK CENTRE,1100L-W,Gen Waste,0.118
2008-04-01,Education Leeds/Schools,WEST PARK CENTRE,1100L-W,Gen Waste,0.113
2008-04-01,Environment & Neighbourhoods,AIRE VALLEY TEAM - BELLE ISLE FOUND,660L-C,Card,0.114
2008-04-01,Environment & Neighbourhoods,EAST LEEDS AREA MANAGEMENT TEAM,1100L-C,Card,0.101
2008-04-01,Environment & Neighbourhoods,EAST LEEDS AREA MANAGEMENT TEAM,1100L-W,Gen Waste,0.273
2008-04-01,Environment & Neighbourhoods,ENVIROMENTAL HEALTH NEW ADD,660L-C,Card,0.073
2008-04-01,Environment & Neighbourhoods,ENVIROMENTAL HEALTH NEW ADD,660L-W,Gen Waste,0.207
2008-04-01,Environment & Neighbourhoods,HILLSIDE HOSTEL,1100L-C,Card,0.102
2008-04-01,Environment & Neighbourhoods,HILLSIDE HOSTEL,1100L-W,Gen Waste,0.682
2008-04-01,Environment & Neighbourhoods,KIRKGATE CHAMBERS,1100L-C,Card,0.109
2008-04-01,Environment & Neighbourhoods,KIRKGATE CHAMBERS,240L-C,Card,0.114
2008-04-01,Environment & Neighbourhoods,LEEDS COMMUNITY SAFETY,660L-C,Card,0.074
2008-04-01,Environment & Neighbourhoods,MILLSHAW ENVIRONMENTAL HEALTH OFFICE,1100L-C,Card,0.099
2008-04-01,Environment & Neighbourhoods,MILLSHAW ENVIRONMENTAL HEALTH OFFICE,1100L-W,Gen Waste,0.335
2008-04-01,Environment & Neighbourhoods,PENNINGTON PLACE,1100L-W,Gen Waste,0.695
2008-04-01,Environment & Neighbourhoods,RESETTLEMENT SERVICES,1100L-W,Gen Waste,0.351
2008-04-01,Environment & Neighbourhoods,RICHMOND COURT,1100L-W,Gen Waste,1.145
2008-04-01,Environment & Neighbourhoods,THE HOLLIES,1100L-W,Gen Waste,0.67
2008-04-01,Learning & Leisure,ARDSLEY/TINGLEY LIBRARY,1100L-W,Gen Waste,0.303
2008-04-01,Learning & Leisure,ARMLEY EYC - OUTREACH CENTRE,1100L-W,Gen Waste,0.334
2008-04-01,Learning & Leisure,ARMLEY LASER CENTRE - YS222,1100L-C,Card,0.097
2008-04-01,Learning & Leisure,ARMLEY LASER CENTRE - YS222,1100L-W,Gen Waste,0.23
2008-04-01,Learning & Leisure,ARMLEY LASER CENTRE - YS222,660L-W,Gen Waste,0.081
2008-04-01,Learning & Leisure,ARMLEY MILLS -  MUS174,1100L-W,Gen Waste,0.329
2008-04-01,Learning & Leisure,ARMLEY MILLS -  MUS174,660L-C,Card,0.07
2008-04-01,Learning & Leisure,ARMLEY SPORTS CENTRE - SPO164,1100L-C,Card,0.098
2008-04-01,Learning & Leisure,ARMLEY SPORTS CENTRE - SPO164,1100L-W,Gen Waste,1.15
2008-04-01,Learning & Leisure,BELLE ISLE CENTRE - YS226,1100L-C,Card,0.116
2008-04-01,Learning & Leisure,BELLE ISLE CENTRE - YS226,1100L-W,Gen Waste,0.305
2008-04-01,Learning & Leisure,BOWLS & ATHLETICS SPO16,1100L-C,Card,0.068
2008-04-01,Learning & Leisure,BOWLS & ATHLETICS SPO16,1100L-W,Gen Waste,0.675
2008-04-01,Learning & Leisure,BRAMLEY BATHS - SPO160,1100L-W,Gen Waste,0.296
2008-04-01,Learning & Leisure,BRAMLEY CENTRE - YS227,1100L-C,Card,0.1
2008-04-01,Learning & Leisure,BRAMLEY CENTRE - YS227,1100L-W,Gen Waste,0.223
2008-04-01,Learning & Leisure,BRAMLEY CHILDRENS CENTRE - EDEYC206,1100L-C,Card,0.088
2008-04-01,Learning & Leisure,BRAMLEY CHILDRENS CENTRE - EDEYC206,1100L-W,Gen Waste,0.295
2008-04-01,Learning & Leisure,BROAD LANE LIBRARY - LIB120,1100L-W,Gen Waste,0.063
2008-04-01,Learning & Leisure,BURLEY PARK EYC - U8EYC183,1100L-C,Card,0.104
2008-04-01,Learning & Leisure,BURLEY PARK EYC - U8EYC183,1100L-W,Gen Waste,0.338
2008-04-01,Learning & Leisure,CATERING - CANAL GARDEN,1100L-C,Card,0.204
2008-04-01,Learning & Leisure,CATERING - CANAL GARDEN,1100L-W,Gen Waste,1.106
2008-04-01,Learning & Leisure,CATERING - GOLDEN ACRE PARK,1100L-C,Card,0.098
2008-04-01,Learning & Leisure,CATERING - GOLDEN ACRE PARK,1100L-W,Gen Waste,0.461
2008-04-01,Learning & Leisure,CATERING - TEMPLE NEWSAM PARK,1100L-C,Card,0.126
2008-04-01,Learning & Leisure,CATERING - TEMPLE NEWSAM PARK,1100L-W,Gen Waste,0.835
2008-04-01,Learning & Leisure,CENTRAL LIBRARY - LIB114,1100L-C,Card,0.112
2008-04-01,Learning & Leisure,CENTRAL LIBRARY - LIB114,1100L-W,Gen Waste,1.487
2008-04-01,Learning & Leisure,CHAPEL ALLERTON BR LIBRARY - LIB113,240L-W,Gen Waste,0.067
2008-04-01,Learning & Leisure,CHAPEL ALLERTON CHILDRENS CENTRE,1100L-C,Card,0.106
2008-04-01,Learning & Leisure,CHAPEL ALLERTON CHILDRENS CENTRE,1100L-W,Gen Waste,0.231
2008-04-01,Learning & Leisure,CHAPELTOWN CHILDRENS CENTRE,1100L-C,Card,0.108
2008-04-01,Learning & Leisure,CHAPELTOWN CHILDRENS CENTRE,1100L-W,Gen Waste,0.457
2008-04-01,Learning & Leisure,CITY MUSEUM,1100L-C,Card,0.107
2008-04-01,Learning & Leisure,CITY MUSEUM,1100L-W,Gen Waste,0.397
2008-04-01,Learning & Leisure,COMPTON ROAD LIBRARY - LIB140,1100L-C,Card,0.028
2008-04-01,Learning & Leisure,COMPTON ROAD LIBRARY - LIB140,660L-W,Gen Waste,0.209
2008-04-01,Learning & Leisure,CONSTRUCTION SKILLS TRAINING CENTRE,1100L-C,Card,0.095
2008-04-01,Learning & Leisure,CONSTRUCTION SKILLS TRAINING CENTRE,1100L-W,Gen Waste,0.33
2008-04-01,Learning & Leisure,CROSSGATES LIBRARY - LIB119,1100L-W,Gen Waste,0.273
2008-04-01,Learning & Leisure,DENIS HEALEY CENTRE - YS232,1100L-W,Gen Waste,0.286
2008-04-01,Learning & Leisure,DOREEN HAMILTON DC - 506 Q884679,1100L-C,Card,0.102
2008-04-01,Learning & Leisure,DOREEN HAMILTON DC - 506 Q884679,1100L-W,Gen Waste,0.562
2008-04-01,Learning & Leisure,DOREEN HAMILTON EYC - SSEYC200,1100L-C,Card,0.099
2008-04-01,Learning & Leisure,DOREEN HAMILTON EYC - SSEYC200,1100L-W,Gen Waste,0.583
2008-04-01,Learning & Leisure,DRIGHLINGTON MEETING HALL - AET144,1100L-W,Gen Waste,0.236
2008-04-01,Learning & Leisure,EAST LEEDS FLC - TRGEYC214,1100L-C,Card,0.205
2008-04-01,Learning & Leisure,EAST LEEDS FLC - TRGEYC214,1100L-W,Gen Waste,1.398
2008-04-01,Learning & Leisure,EAST LEEDS LEISURE CENTRE - SPO158,1100L-C,Card,0.098
2008-04-01,Learning & Leisure,EAST LEEDS LEISURE CENTRE - SPO158,1100L-W,Gen Waste,1.044
2008-04-01,Learning & Leisure,FARSLEY BRANCH LIBRARY - LIB103,1100L-W,Gen Waste,0.056
2008-04-01,Learning & Leisure,FEARNVILLE SPORTS CENTRE - SPO153,1100L-C,Card,0.096
2008-04-01,Learning & Leisure,FEARNVILLE SPORTS CENTRE - SPO153,1100L-W,Gen Waste,0.579
2008-04-01,Learning & Leisure,FIRTHFIELD EYC - (ANNE FLEGG),1100L-W,Gen Waste,0.271
2008-04-01,Learning & Leisure,GARFORTH LEISURE CENTRE - SPO281,1100L-C,Card,0.116
2008-04-01,Learning & Leisure,GARFORTH LIBRARY (REAR) - LIB110,360L-W,Gen Waste,0.172
2008-04-01,Learning & Leisure,GILDERSOME MEETING HALL DMS - AET14,1100L-W,Gen Waste,0.216
2008-04-01,Learning & Leisure,GOTTS PARK MUNICIPAL GOLF CL - PK16,1100L-W,Gen Waste,0.342
2008-04-01,Learning & Leisure,GUISELEY LIBRARY - LIB106,660L-W,Gen Waste,0.168
2008-04-01,Learning & Leisure,HALTON LIBRARY - LIB139,1100L-W,Gen Waste,0.294
2008-04-01,Learning & Leisure,HAREHILLS CHILDRENS CENTRE,1100L-C,Card,0.094
2008-04-01,Learning & Leisure,HAREHILLS CHILDRENS CENTRE,1100L-W,Gen Waste,0.298
2008-04-01,Learning & Leisure,HAREHILLS JOB SHOP,660L-W,Gen Waste,0.166
2008-04-01,Learning & Leisure,HAWKSWORTH WOOD EYC - TRGEYC217,1100L-C,Card,0.075
2008-04-01,Learning & Leisure,HAWKSWORTH WOOD EYC - TRGEYC217,1100L-W,Gen Waste,0.343
2008-04-01,Learning & Leisure,HEADINGLEY ANN CENTRE - YS238,360L-W,Gen Waste,0.139
2008-04-01,Learning & Leisure,"HERD FARM, ECCUP RESEVIOR - YS241",1100L-W,Gen Waste,0.57
2008-04-01,Learning & Leisure,HOLBECK LIBRARY - LIB137,240L-W,Gen Waste,0.072
2008-04-01,Learning & Leisure,HOLT PARK LEISURE CENTRE - SPO157,1100L-W,Gen Waste,0.684
2008-04-01,Learning & Leisure,HORSFORTH LIBRARY - LIB118,1100L-W,Gen Waste,0.222
2008-04-01,Learning & Leisure,HUNSLET CHILDRENS CENTRE,1100L-C,Card,0.1
2008-04-01,Learning & Leisure,HUNSLET CHILDRENS CENTRE,1100L-W,Gen Waste,0.277
2008-04-01,Learning & Leisure,HUNSLET HALL EYC - U8EYC186,1100L-C,Card,0.106
2008-04-01,Learning & Leisure,HUNSLET HALL EYC - U8EYC186,1100L-W,Gen Waste,0.443
2008-04-01,Learning & Leisure,HUNSLET LAKE - YS243,1100L-W,Gen Waste,0.291
2008-04-01,Learning & Leisure,HUNSLET LIBRARY (REAR) - LIB117,1100L-W,Gen Waste,0.287
2008-04-01,Learning & Leisure,IRELAND WOOD PUBLIC LIBRARY - LIB11,240L-W,Gen Waste,0.072
2008-04-01,Learning & Leisure,JOHN SMEATON LEISURE CENTRE,1100L-C,Card,0.099
2008-04-01,Learning & Leisure,JOHN SMEATON LEISURE CENTRE,1100L-W,Gen Waste,1.361
2008-04-01,Learning & Leisure,KENTMERE EYC - U8EYC187,1100L-C,Card,0.11
2008-04-01,Learning & Leisure,KENTMERE EYC - U8EYC187,1100L-W,Gen Waste,0.568
2008-04-01,Learning & Leisure,KIPPAX LIBRARY - LIB111,240L-W,Gen Waste,0.091
2008-04-01,Learning & Leisure,KIPPAX SPORTS CENTRE - SPO163,1100L-C,Card,0.121
2008-04-01,Learning & Leisure,KIPPAX SPORTS CENTRE - SPO163,1100L-W,Gen Waste,0.554
2008-04-01,Learning & Leisure,KIRKSTALL ABBEY HOUSE MUSEUM - MUS1,1100L-C,Card,0.102
2008-04-01,Learning & Leisure,KIRKSTALL ABBEY HOUSE MUSEUM - MUS1,1100L-W,Gen Waste,0.665
2008-04-01,Learning & Leisure,KIRKSTALL LEISURE CENTRE,1100L-C,Card,0.103
2008-04-01,Learning & Leisure,KIRKSTALL LEISURE CENTRE,1100L-W,Gen Waste,0.686
2008-04-01,Learning & Leisure,LANGBAR EYC - U8EYC189,1100L-C,Card,0.102
2008-04-01,Learning & Leisure,LANGBAR EYC - U8EYC189,1100L-W,Gen Waste,0.34
2008-04-01,Learning & Leisure,LAUREL BANK EYC - SSEYC202,1100L-W,Gen Waste,0.228
2008-04-01,Learning & Leisure,LEEDS MUSEUM DISCOVERY CENTRE,1100L-C,Card,0.108
2008-04-01,Learning & Leisure,LEEDS MUSEUM DISCOVERY CENTRE,660L-W,Gen Waste,0.206
2008-04-01,Learning & Leisure,LEEDS TOWN HALL,1100L-C,Card,0.395
2008-04-01,Learning & Leisure,LEEDS TOWN HALL,1100L-W,Gen Waste,2.976
2008-04-01,Learning & Leisure,LIBRARY HQ - NEW - LIB127,1100L-C,Card,0.089
2008-04-01,Learning & Leisure,LIBRARY HQ - NEW - LIB127,1100L-W,Gen Waste,0.826
2008-04-01,Learning & Leisure,LOTHERTON BIRD GARDEN,1100L-W,Gen Waste,0.544
2008-04-01,Learning & Leisure,LOTHERTON HALL - MUS176,660L-W,Gen Waste,0.216
2008-04-01,Learning & Leisure,MIDDLETON LEISURE CENTRE - SPO159,1100L-C,Card,0.089
2008-04-01,Learning & Leisure,MIDDLETON LEISURE CENTRE - SPO159,1100L-W,Gen Waste,0.504
2008-04-01,Learning & Leisure,MOOR ALLERTON LIBRARY - LIB116,360L-W,Gen Waste,0.174
2008-04-01,Learning & Leisure,MOOR ALLERTON LIBRARY - LIB116,360L-C,Card,0.038
2008-04-01,Learning & Leisure,MORLEY EARLEY YEARS - TRGEYC218,1100L-C,Card,0.109
2008-04-01,Learning & Leisure,MORLEY EARLEY YEARS - TRGEYC218,1100L-W,Gen Waste,0.228
2008-04-01,Learning & Leisure,MORLEY LEISURE CENTRE,1100L-C,Card,0.089
2008-04-01,Learning & Leisure,MORLEY PUBLIC LIBRARY (REAR) - LIB1,1100L-C,Card,0.107
2008-04-01,Learning & Leisure,MORLEY PUBLIC LIBRARY (REAR) - LIB1,360L-W,Gen Waste,0.138
2008-04-01,Learning & Leisure,NEIGHBOURHOOD JOB SHOP,240L-W,Gen Waste,0.077
2008-04-01,Learning & Leisure,NESFIELD OUTREACH - U8EYC191,1100L-W,Gen Waste,0.305
2008-04-01,Learning & Leisure,NEW AQUATICS CENTRE,1100L-C,Card,0.184
2008-04-01,Learning & Leisure,NEW AQUATICS CENTRE,1100L-W,Gen Waste,2.237
2008-04-01,Learning & Leisure,NORTH AREA OFFICE - YS277,1100L-C,Card,0.099
2008-04-01,Learning & Leisure,NORTH AREA OFFICE - YS277,1100L-W,Gen Waste,0.213
2008-04-01,Learning & Leisure,OAKDALE EYC - U8EYC192,1100L-C,Card,0.098
2008-04-01,Learning & Leisure,OAKDALE EYC - U8EYC192,1100L-W,Gen Waste,0.302
2008-04-01,Learning & Leisure,OAKWOOD LIBRARY - LIB125,360L-W,Gen Waste,0.137
2008-04-01,Learning & Leisure,OTLEY LIBRARY - LIB135,360L-W,Gen Waste,0.133
2008-04-01,Learning & Leisure,PARKS & COUNTRYSIDES,1100L-C,Card,0.095
2008-04-01,Learning & Leisure,PARKS & COUNTRYSIDES,1100L-W,Gen Waste,0.674
2008-04-01,Learning & Leisure,PUDSEY CIVIC HALL,1100L-W,Gen Waste,0.054
2008-04-01,Learning & Leisure,PUDSEY CIVIC HALL - CATERING,1100L-C,Card,0.203
2008-04-01,Learning & Leisure,PUDSEY LEISURE CENTRE - SPO161,1100L-C,Card,0.092
2008-04-01,Learning & Leisure,PUDSEY LEISURE CENTRE - SPO161,1100L-W,Gen Waste,0.733
2008-04-01,Learning & Leisure,PUDSEY LIBRARY (REAR) - LIB109,1100L-W,Gen Waste,0.288
2008-04-01,Learning & Leisure,QUARRY MOUNT CHILDRENS CENTRE,1100L-W,Gen Waste,0.219
2008-04-01,Learning & Leisure,RED HALL,1100L-C,Card,0.189
2008-04-01,Learning & Leisure,RICHMOND HILL EYC - U8EYC193,1100L-W,Gen Waste,0.292
2008-04-01,Learning & Leisure,RICHMOND HILL SPORTS HALL - SPO155,1100L-W,Gen Waste,0.277
2008-04-01,Learning & Leisure,ROSEVILLE CENTRE - TRGEYC284,1100L-W,Gen Waste,0.229
2008-04-01,Learning & Leisure,ROTHWELL LC - SPO279,1100L-C,Card,0.095
2008-04-01,Learning & Leisure,ROTHWELL LIBRARY - LIB104,360L-W,Gen Waste,0.176
2008-04-01,Learning & Leisure,ROUNDHAY MANSION,1100L-C,Card,0.087
2008-04-01,Learning & Leisure,ROUNDHAY MANSION,660L-W,Gen Waste,0.207
2008-04-01,Learning & Leisure,SAILING CENTRE - SPO282,660L-W,Gen Waste,0.169
2008-04-01,Learning & Leisure,SCHOOLS LIBRARY SERVICE,1100L-W,Gen Waste,0.232
2008-04-01,Learning & Leisure,SCOTHALL SPORTS CENTRE - SPO152,1100L-W,Gen Waste,0.922
2008-04-01,Learning & Leisure,SCOTT HALL EYC - U8EYC195,1100L-C,Card,0.107
2008-04-01,Learning & Leisure,SCOTT HALL EYC - U8EYC195,1100L-W,Gen Waste,0.23
2008-04-01,Learning & Leisure,SEACROFT CC - U8EYC196,1100L-C,Card,0.069
2008-04-01,Learning & Leisure,SEACROFT CC - U8EYC196,1100L-W,Gen Waste,0.283
2008-04-01,Learning & Leisure,SEACROFT LIBRARY (SIDE) - LIB107,1100L-W,Gen Waste,0.276
2008-04-01,Learning & Leisure,SHEPHERD LANE EYC - U8EYC197,1100L-C,Card,0.02
2008-04-01,Learning & Leisure,SHEPHERD LANE EYC - U8EYC197,1100L-W,Gen Waste,0.227
2008-04-01,Learning & Leisure,SOUTH LEEDS STADIUM,1100L-C,Card,0.202
2008-04-01,Learning & Leisure,SOUTH LEEDS STADIUM,1100L-W,Gen Waste,3.377
2008-04-01,Learning & Leisure,SPRINGFIELD EYC,1100L-W,Gen Waste,0.665
2008-04-01,Learning & Leisure,ST LAWRENCE HOUSE EYC - U8EYC198,1100L-C,Card,0.099
2008-04-01,Learning & Leisure,ST LAWRENCE HOUSE EYC - U8EYC198,1100L-W,Gen Waste,0.29
2008-04-01,Learning & Leisure,SWINNOW LIBRARY - LIB136,1100L-W,Gen Waste,0.064
2008-04-01,Learning & Leisure,TECHNORTH EYC - TRGEYC212,1100L-C,Card,0.197
2008-04-01,Learning & Leisure,TECHNORTH EYC - TRGEYC212,1100L-W,Gen Waste,0.906
2008-04-01,Learning & Leisure,TEMPLE NEWSAM HOUSE - MUS175,1100L-C,Card,0.101
2008-04-01,Learning & Leisure,TEMPLE NEWSAM HOUSE - MUS175,1100L-W,Gen Waste,0.297
2008-04-01,Learning & Leisure,THWAITE MILLS - MUS173,1100L-C,Card,0.11
2008-04-01,Learning & Leisure,THWAITE MILLS - MUS173,1100L-W,Gen Waste,0.296
2008-04-01,Learning & Leisure,TREETOPS COMMUNITY CENTRE,1100L-W,Gen Waste,0.05
2008-04-01,Learning & Leisure,TREETOPS COMMUNITY CENTRE,360L-W,Gen Waste,0.175
2008-04-01,Learning & Leisure,TUNSTALL ROAD CENTRE - YS270,1100L-C,Card,0.092
2008-04-01,Learning & Leisure,TUNSTALL ROAD CENTRE - YS270,1100L-W,Gen Waste,0.337
2008-04-01,Learning & Leisure,TWO WILLOWS EYC - U8EYC199,1100L-C,Card,0.104
2008-04-01,Learning & Leisure,TWO WILLOWS EYC - U8EYC199,1100L-W,Gen Waste,0.47
2008-04-01,Learning & Leisure,WEST ARDSLEY CENTRE - YS271,1100L-W,Gen Waste,0.274
2008-04-01,Learning & Leisure,WEST LEEDS FLC - TRGEYC211,1100L-C,Card,0.105
2008-04-01,Learning & Leisure,WEST LEEDS FLC - TRGEYC211,1100L-W,Gen Waste,0.661
2008-04-01,Learning & Leisure,WETHERBY LEISURE CENTRE - SPO156,1100L-W,Gen Waste,0.58
2008-04-01,Learning & Leisure,WETHERBY LIBRARY - LIB108,360L-W,Gen Waste,0.174
2008-04-01,Learning & Leisure,WHINMOOR LIBRARY - LIB126,1100L-W,Gen Waste,0.059
2008-04-01,Learning & Leisure,WINDMILL CHILDRENS CENTRE - U8EYC28,1100L-C,Card,0.095
2008-04-01,Learning & Leisure,WINDMILL CHILDRENS CENTRE - U8EYC28,1100L-W,Gen Waste,0.59
2008-04-01,Learning & Leisure,YEADON LIBRARY - LIB219,360L-W,Gen Waste,0.144
2008-04-01,Resources,CITY SERVICES - PROPERTY MAINTENANC,1100L-C,Card,0.195
2008-04-01,Resources,CITY SERVICES - PROPERTY MAINTENANC,1100L-W,Gen Waste,0.615
2008-04-01,Resources,CLEANING & SERVICES(CITY PRINT),1100L-W,Gen Waste,0.861
2008-04-01,Resources,SECURITY SERVICES,1100L-W,Gen Waste,0.357
2008-04-01,Resources,TRANSPORT AGENCY 36370,1100L-C,Card,0.117
2008-04-01,Resources,TRANSPORT AGENCY 36370,1100L-W,Gen Waste,0.561
2008-04-01,Resources,WESTLAND ROAD DEPOT 77400,1100L-C,Card,0.104
2008-04-01,Resources,WESTLAND ROAD DEPOT 77400,1100L-W,Gen Waste,0.329
2008-04-01,Social Care,ACORN LODGE - Q890207,1100L-W,Gen Waste,0.34
2008-04-01,Social Care,AMBERTON COURT - S065890,1100L-C,Card,0.103
2008-04-01,Social Care,AMBERTON COURT - S065890,1100L-W,Gen Waste,0.825
2008-04-01,Social Care,APNA DAY CENTRE - S064100,1100L-W,Gen Waste,0.222
2008-04-01,Social Care,BAILEYS HOUSE - 238 - Q888998,1100L-C,Card,0.08
2008-04-01,Social Care,BAILEYS HOUSE - 238 - Q888998,1100L-W,Gen Waste,0.847
2008-04-01,Social Care,BELLE ISLE NEIGHBOURHOOD CENTRE - 9,660L-W,Gen Waste,0.207
2008-04-01,Social Care,BEWERLEY CROFT - 255 - S064200,1100L-C,Card,0.101
2008-04-01,Social Care,BEWERLEY CROFT - 255 - S064200,1100L-W,Gen Waste,0.687
2008-04-01,Social Care,BODMIN ROAD 2 - 81,660L-W,Gen Waste,0.211
2008-04-01,Social Care,BODMIN ROAD 4 - 70,660L-W,Gen Waste,0.212
2008-04-01,Social Care,BRAMLEY LAWN DC - S063921,1100L-W,Gen Waste,0.222
2008-04-01,Social Care,BRAMLEY TC - 362 - S066251,1100L-C,Card,0.105
2008-04-01,Social Care,BRAMLEY TC - 362 - S066251,1100L-W,Gen Waste,0.45
2008-04-01,Social Care,BROOKSBANK - 141 Q893778,1100L-C,Card,0.097
2008-04-01,Social Care,BROOKSBANK - 141 Q893778,1100L-W,Gen Waste,0.575
2008-04-01,Social Care,BROOM COURT - 242 S066401,1100L-C,Card,0.106
2008-04-01,Social Care,BROOM COURT - 242 S066401,1100L-W,Gen Waste,0.843
2008-04-01,Social Care,BURLEY WILLOWS - 170 - S064513,1100L-C,Card,0.1
2008-04-01,Social Care,BURLEY WILLOWS - 170 - S064513,1100L-W,Gen Waste,0.668
2008-04-01,Social Care,BURLEY WILLOWS DC - 523,1100L-W,Gen Waste,0.337
2008-04-01,Social Care,CALVERLANDS DC - 516,1100L-C,Card,0.096
2008-04-01,Social Care,CALVERLANDS DC - 516,1100L-W,Gen Waste,0.225
2008-04-01,Social Care,CLIFFORD BROOKE CTR 327 - Q897660,1100L-C,Card,0.1
2008-04-01,Social Care,CLIFFORD BROOKE CTR 327 - Q897660,1100L-W,Gen Waste,0.682
2008-04-01,Social Care,COTTINGLEY COURT - 253,1100L-W,Gen Waste,0.665
2008-04-01,Social Care,CRISIS CENTRE - 353 - Q900405,1100L-C,Card,0.082
2008-04-01,Social Care,CRISIS CENTRE - 353 - Q900405,1100L-W,Gen Waste,0.227
2008-04-01,Social Care,CROSSGATES LIBRARY,1100L-C,Card,0.108
2008-04-01,Social Care,DELPH MANOR - 230 - Q829527,1100L-W,Gen Waste,1.108
2008-04-01,Social Care,DOLPHIN MANOR - S065663,1100L-C,Card,0.11
2008-04-01,Social Care,DOLPHIN MANOR - S065663,1100L-W,Gen Waste,0.855
2008-04-01,Social Care,EASDALE CLOSE,360L-W,Gen Waste,0.346
2008-04-01,Social Care,EAST LEEDS FAMILY RC  Q874041,1100L-W,Gen Waste,0.278
2008-04-01,Social Care,EASTMOOR CSU - 126 - S066405,1100L-C,Card,0.192
2008-04-01,Social Care,EASTMOOR CSU - 126 - S066405,1100L-W,Gen Waste,1.408
2008-04-01,Social Care,FAIRVIEW - S066039,1100L-C,Card,0.109
2008-04-01,Social Care,FAIRVIEW - S066039,1100L-W,Gen Waste,0.567
2008-04-01,Social Care,FARFIELD DC - S063922,660L-W,Gen Waste,0.165
2008-04-01,Social Care,FIRTHFIELDS DC - S065781,1100L-C,Card,0.121
2008-04-01,Social Care,FIRTHFIELDS DC - S065781,1100L-W,Gen Waste,0.293
2008-04-01,Social Care,FREDERICK HURDLE DC - 509 Q894243,1100L-C,Card,0.103
2008-04-01,Social Care,FREDERICK HURDLE DC - 509 Q894243,1100L-W,Gen Waste,0.22
2008-04-01,Social Care,GANNERS GREEN - 66 - Q874398,360L-W,Gen Waste,0.278
2008-04-01,Social Care,GRANGE COURT - S063964,1100L-C,Card,0.123
2008-04-01,Social Care,GRANGE COURT - S063964,1100L-W,Gen Waste,0.56
2008-04-01,Social Care,GREEN THE - 176 - S066593,1100L-W,Gen Waste,0.554
2008-04-01,Social Care,GREEN THE DC - S066593,1100L-C,Card,0.098
2008-04-01,Social Care,GREEN THE DC - S066593,1100L-W,Gen Waste,0.3
2008-04-01,Social Care,HARRY BOOTH HOUSE - S063957,1100L-C,Card,0.096
2008-04-01,Social Care,HARRY BOOTH HOUSE - S063957,1100L-W,Gen Waste,0.66
2008-04-01,Social Care,HEALEY CROFT - 229,1100L-W,Gen Waste,0.572
2008-04-01,Social Care,HOLBECK DC - S063712,1100L-C,Card,0.107
2008-04-01,Social Care,HOLBECK DC - S063712,1100L-W,Gen Waste,0.289
2008-04-01,Social Care,HOME LEA HOUSE - S064059,1100L-C,Card,0.102
2008-04-01,Social Care,HOME LEA HOUSE - S064059,1100L-W,Gen Waste,0.859
2008-04-01,Social Care,HORSFORTH - 359 - Q895809,1100L-C,Card,0.102
2008-04-01,Social Care,HORSFORTH - 359 - Q895809,1100L-W,Gen Waste,0.466
2008-04-01,Social Care,HOUGH LANE CENTRE,1100L-C,Card,0.108
2008-04-01,Social Care,HOUGH LANE CENTRE,1100L-W,Gen Waste,0.5
2008-04-01,Social Care,HUNSLET HALL - 6,1100L-W,Gen Waste,0.462
2008-04-01,Social Care,HUNSLET HALL - 6,660L-C,Card,0.108
2008-04-01,Social Care,INGLEWOOD - 46 - S066331,1100L-W,Gen Waste,0.455
2008-04-01,Social Care,IVESON APPROACH - 68 - Q882007,1100L-W,Gen Waste,0.226
2008-04-01,Social Care,JOSEPH STREET - 239 - S066530,1100L-W,Gen Waste,0.272
2008-04-01,Social Care,KIRKLAND HOUSE - 164 - S064209,1100L-C,Card,0.095
2008-04-01,Social Care,KIRKLAND HOUSE - 164 - S064209,1100L-W,Gen Waste,0.44
2008-04-01,Social Care,KNOWLE MANOR - S064208,1100L-W,Gen Waste,0.695
2008-04-01,Social Care,LAUREL BANK DC - S066161,1100L-C,Card,0.086
2008-04-01,Social Care,LAUREL BANK DC - S066161,1100L-W,Gen Waste,0.235
2008-04-01,Social Care,LEE GRANGE - 251,1100L-W,Gen Waste,0.853
2008-04-01,Social Care,LEE GRANGE - 251,240L-W,Gen Waste,0.09
2008-04-01,Social Care,LEEDS CTR INTERGR LIV - 340 Q892988,1100L-C,Card,0.087
2008-04-01,Social Care,LEEDS CTR INTERGR LIV - 340 Q892988,1100L-W,Gen Waste,0.563
2008-04-01,Social Care,LINCOLNFIELDS DC - 501 - S063821,1100L-C,Card,0.102
2008-04-01,Social Care,LINCOLNFIELDS DC - 501 - S063821,1100L-W,Gen Waste,0.296
2008-04-01,Social Care,LUTTRELL CRESCENT - 72,660L-W,Gen Waste,0.158
2008-04-01,Social Care,MANORFIELD HOUSE - 161 - Q897775,1100L-C,Card,0.109
2008-04-01,Social Care,MANORFIELD HOUSE - 161 - Q897775,1100L-W,Gen Waste,0.446
2008-04-01,Social Care,MARINERS DC - 332 - S066141,1100L-C,Card,0.106
2008-04-01,Social Care,MARINERS DC - 332 - S066141,1100L-W,Gen Waste,0.462
2008-04-01,Social Care,MAWCROFT GRANGE - 234,1100L-W,Gen Waste,0.441
2008-04-01,Social Care,MIDDLECROSS - HOP,1100L-W,Gen Waste,0.687
2008-04-01,Social Care,MIDDLECROSS DC - 512 - S065939,1100L-C,Card,0.102
2008-04-01,Social Care,MIDDLECROSS DC - 512 - S065939,1100L-W,Gen Waste,0.348
2008-04-01,Social Care,MIDDLETON ADVICE CENTRE - 594,1100L-C,Card,0.108
2008-04-01,Social Care,MIDDLETON ADVICE CENTRE - 594,1100L-W,Gen Waste,0.293
2008-04-01,Social Care,MOOR END TC - 358 - Q896765,1100L-C,Card,0.1
2008-04-01,Social Care,MOOR END TC - 358 - Q896765,1100L-W,Gen Waste,0.568
2008-04-01,Social Care,MUSGRAVE COURT - 168 - S066540,1100L-W,Gen Waste,0.562
2008-04-01,Social Care,NABURN COURT DC - 316 - S066370,1100L-C,Card,0.091
2008-04-01,Social Care,NABURN COURT DC - 316 - S066370,1100L-W,Gen Waste,0.278
2008-04-01,Social Care,NORTHWEST LEEDS FAMILY RC - 69,240L-W,Gen Waste,0.146
2008-04-01,Social Care,OLD MIDDLETON OFFICE,1100L-W,Gen Waste,0.276
2008-04-01,Social Care,OSMONDTHORPE RES CTR - 331 Q892091,1100L-C,Card,0.113
2008-04-01,Social Care,OSMONDTHORPE RES CTR - 331 Q892091,1100L-W,Gen Waste,0.452
2008-04-01,Social Care,PARKLEES HOP -,1100L-C,Card,0.098
2008-04-01,Social Care,PARKLEES HOP -,1100L-W,Gen Waste,0.467
2008-04-01,Social Care,PINFOLDS - 243,1100L-C,Card,0.09
2008-04-01,Social Care,PINFOLDS - 243,1100L-W,Gen Waste,0.56
2008-04-01,Social Care,POTTERNEWTON - 367 - S063891,1100L-W,Gen Waste,0.682
2008-04-01,Social Care,PRIMROSE HILL - 171 S065699,1100L-W,Gen Waste,0.571
2008-04-01,Social Care,QUEENSWOOD DRIVE DC - S065697,1100L-C,Card,0.099
2008-04-01,Social Care,QUEENSWOOD DRIVE DC - S065697,1100L-W,Gen Waste,0.227
2008-04-01,Social Care,RADCLIFFE LANE DC -  S066696,1100L-C,Card,0.11
2008-04-01,Social Care,RADCLIFFE LANE DC -  S066696,1100L-W,Gen Waste,0.294
2008-04-01,Social Care,RAMSHEAD WOOD - 363,1100L-C,Card,0.111
2008-04-01,Social Care,RAMSHEAD WOOD - 363,1100L-W,Gen Waste,0.568
2008-04-01,Social Care,RAYNELL DRIVE - 444 Q862300,660L-W,Gen Waste,0.162
2008-04-01,Social Care,RICHMOND HILL DC - 322 S063822,1100L-W,Gen Waste,0.283
2008-04-01,Social Care,RICHMOND HOUSE - S065911,1100L-W,Gen Waste,0.702
2008-04-01,Social Care,RIDGESIDE,1100L-W,Gen Waste,0.68
2008-04-01,Social Care,RIDGESIDE,240L-W,Gen Waste,0.294
2008-04-01,Social Care,RIDGESIDE - BETHANY,240L-W,Gen Waste,0.07
2008-04-01,Social Care,RIDGESIDE - HALFWAY HOUSE,240L-W,Gen Waste,0.075
2008-04-01,Social Care,ROOS COURT - 235 - Q859440,1100L-W,Gen Waste,0.459
2008-04-01,Social Care,ROSE FARM DC - 314 - Q880559,1100L-C,Card,0.095
2008-04-01,Social Care,ROSE FARM DC - 314 - Q880559,1100L-W,Gen Waste,0.559
2008-04-01,Social Care,ROSSEDENE - 231 - Q849090,1100L-W,Gen Waste,0.686
2008-04-01,Social Care,ROTHWELL- A T C - S064341,1100L-C,Card,0.093
2008-04-01,Social Care,ROTHWELL- A T C - S064341,1100L-C,Card,0.095
2008-04-01,Social Care,ROTHWELL- A T C - S064341,1100L-W,Gen Waste,0.592
2008-04-01,Social Care,SIEGEN DC 325 - S064988,1100L-W,Gen Waste,0.223
2008-04-01,Social Care,SIEGEN MANOR HOP AND CENTRE - 169,1100L-C,Card,0.105
2008-04-01,Social Care,SIEGEN MANOR HOP AND CENTRE - 169,1100L-W,Gen Waste,0.454
2008-04-01,Social Care,SPEN CROFT HOSTEL - Q884463,1100L-C,Card,0.104
2008-04-01,Social Care,SPEN CROFT HOSTEL - Q884463,1100L-W,Gen Waste,0.229
2008-04-01,Social Care,SPEN CROFT HOSTEL - Q884463,1100L-W,Gen Waste,0.235
2008-04-01,Social Care,SPRING GARDENS - 162 Q895017,1100L-W,Gen Waste,0.433
2008-04-01,Social Care,SPRING GARDENS ANNEXE - S063961,1100L-W,Gen Waste,0.212
2008-04-01,Social Care,SPRINGFIELD DC - 519 - S066010,1100L-C,Card,0.111
2008-04-01,Social Care,SPRINGFIELD DC - 519 - S066010,1100L-W,Gen Waste,0.332
2008-04-01,Social Care,SQUIRREL WAY - 82 Q892331,1100L-C,Card,0.128
2008-04-01,Social Care,SQUIRREL WAY - 82 Q892331,1100L-W,Gen Waste,1.053
2008-04-01,Social Care,ST CATHERINES DRIVE - 77,1100L-W,Gen Waste,0.226
2008-04-01,Social Care,STOCKS HILL DC - 345 Q878493,1100L-C,Card,0.086
2008-04-01,Social Care,STOCKS HILL DC - 345 Q878493,1100L-W,Gen Waste,0.348
2008-04-01,Social Care,SUFFOLK COURT - 137 - Q894346,1100L-C,Card,0.099
2008-04-01,Social Care,SUFFOLK COURT - 137 - Q894346,1100L-W,Gen Waste,0.447
2008-04-01,Social Care,TEMPLARS CROFT - 233 - S065942,1100L-W,Gen Waste,0.603
2008-04-01,Social Care,THE VALE DC - 347 - S064298,1100L-C,Card,0.096
2008-04-01,Social Care,THE VALE DC - 347 - S064298,1100L-W,Gen Waste,0.284
2008-04-01,Social Care,WEST ARDSLEY  ATC- S065913,1100L-C,Card,0.096
2008-04-01,Social Care,WEST ARDSLEY  ATC- S065913,1100L-W,Gen Waste,1.165
2008-04-01,Social Care,WETHERBY DAY SERVICES - S065123,1100L-W,Gen Waste,0.577
2008-04-01,Social Care,WHITE ROSE HOUSE - 2,1100L-C,Card,0.094
2008-04-01,Social Care,WHITE ROSE HOUSE - 2,1100L-W,Gen Waste,0.437
2008-04-01,Social Care,WINDLESFORD GREEN - 232,1100L-W,Gen Waste,0.578
2008-04-01,Social Care,WOOD LANE,1100L-W,Gen Waste,0.218
2008-04-01,Social Care,WOOD LANE,1100L-W,Gen Waste,0.101
2008-04-01,Social Care,WOODHOUSE DC - S063840,1100L-C,Card,0.097
2008-04-01,Social Care,WOODHOUSE DC - S063840,1100L-W,Gen Waste,0.214
2008-04-01,Social Care,WYKEBECK VALLEY DC - 317,1100L-C,Card,0.093
2008-04-01,Social Care,WYKEBECK VALLEY DC - 317,1100L-W,Gen Waste,0.275
2008-04-01,Social Care,YOUTH JUSTICE SERVICE,1100L-W,Gen Waste,0.341
2008-04-01,Social Care,YOUTH OFFENDING TEAM,1100L-C,Card,0.105
2008-04-01,Social Care,YOUTH OFFENDING TEAM,1100L-W,Gen Waste,0.361
2008-04-01,TBC,CITY ART GALLERY - MUS285,1100L-W,Gen Waste,0.872
2008-04-01,TBC,WESTHOLME - 183 - S066464,1100L-C,Card,0.088
2008-04-01,TBC,WESTHOLME - 183 - S066464,1100L-W,Gen Waste,0.676
2008-04-01,W ALMO,BRAMLEY NHO,1100L-W,Gen Waste,0.232
2008-04-01,W ALMO,HORSFORTH NHO,660L-W,Gen Waste,0.167
2008-04-01,W ALMO,HOUSING REGISTER,360L-W,Gen Waste,0.141
2008-04-01,W ALMO,KIRKSTALL NHO,1100L-W,Gen Waste,0.36
2008-04-01,W ALMO,PROGRESS HOUSE,1100L-W,Gen Waste,0.223
2008-04-01,W ALMO,SILVER ROYD HILL,1100L-W,Gen Waste,0.335
2008-04-01,W ALMO,WEETWOOD NHO,360L-W,Gen Waste,0.137
2008-04-01,W ALMO,WESTFIELD CHAMBERS,1100L-W,Gen Waste,0.49
2008-05-01,AIRE ALMO,"NAVAGATION HOUSE, LEEDS SOUTH HOMES",1100L-C,Card,0.115
2008-05-01,AIRE ALMO,"NAVAGATION HOUSE, LEEDS SOUTH HOMES",1100L-W,Gen Waste,0.481
2008-05-01,AIRE ALMO,SWARCLIFFE NHO,1100L-C,Card,0.092
2008-05-01,AIRE ALMO,SWARCLIFFE NHO,1100L-W,Gen Waste,0.218
2008-05-01,City Development,ARKITECTURAL DESIGN,1100L-C,Card,0.132
2008-05-01,City Development,ARKITECTURAL DESIGN,1100L-W,Gen Waste,0.533
2008-05-01,City Development,PUDSEY MARKETS,1100L-C,Card,0.468
2008-05-01,City Development,PUDSEY MARKETS,1100L-W,Gen Waste,2.23
2008-05-01,City Development,TAXI LICENSING,1100L-C,Card,0.121
2008-05-01,City Development,TAXI LICENSING,1100L-W,Gen Waste,0.206
2008-05-01,City Services,AIREBOROUGH NEW ROADSIDE 03044,1100L-C,Card,0.149
2008-05-01,City Services,AIREBOROUGH NEW ROADSIDE 03044,1100L-W,Gen Waste,0.184
2008-05-01,City Services,ALLERTON BYWATER CENTRE - YS220,360L-W,Gen Waste,0.176
2008-05-01,City Services,ALSTON LANE CENTRE - YS221,660L-W,Gen Waste,0.164
2008-05-01,City Services,APEX HOUSE,1100L-C,Card,0.257
2008-05-01,City Services,APEX HOUSE,1100L-W,Gen Waste,1.016
2008-05-01,City Services,APEX HOUSE,660L-C,Card,0.087
2008-05-01,City Services,ARMLEY OSC 03082,1100L-C,Card,0.125
2008-05-01,City Services,ARMLEY OSC 03082,1100L-W,Gen Waste,0.228
2008-05-01,City Services,BANGLADESHI CENTRE - YS223,1100L-C,Card,0.131
2008-05-01,City Services,BANGLADESHI CENTRE - YS223,1100L-W,Gen Waste,0.456
2008-05-01,City Services,BARLEYFIELDS CENTRE - YS224,660L-W,Gen Waste,0.161
2008-05-01,City Services,BELGRAVE HOUSE,1100L-C,Card,0.259
2008-05-01,City Services,BELGRAVE HOUSE,1100L-W,Gen Waste,0.425
2008-05-01,City Services,BLACKBURN HALL - AET143,1100L-W,Gen Waste,0.577
2008-05-01,City Services,BOSTON SPA CENTRE - YS226,660L-W,Gen Waste,0.162
2008-05-01,City Services,CANON HOUSE 03025,1100L-C,Card,0.12
2008-05-01,City Services,CANON HOUSE 03026,1100L-W,Gen Waste,0.509
2008-05-01,City Services,CANON HOUSE 03027,1100L-W,Gen Waste,0.499
2008-05-01,City Services,CATERING - BEESTON PRIMARY,1100L-W,Gen Waste,0.288
2008-05-01,City Services,CIVIC HALL - CITY SERVICES DEPT,660L-C,Card,0.87
2008-05-01,City Services,CIVIC HALL - CITY SERVICES DEPT,660L-W,Gen Waste,3.644
2008-05-01,City Services,CROSS GREEN CENTRE - YS230,1100L-W,Gen Waste,0.238
2008-05-01,City Services,CROSSGATES CENTRE - YS231,1100L-C,Card,0.146
2008-05-01,City Services,CROSSGATES CENTRE - YS231,1100L-W,Gen Waste,0.243
2008-05-01,City Services,DEWSBURY ROAD OSC 03083,1100L-C,Card,0.131
2008-05-01,City Services,DEWSBURY ROAD OSC 03083,1100L-W,Gen Waste,0.53
2008-05-01,City Services,EBOR GARDENS COMM CENT- YS233,1100L-C,Card,0.129
2008-05-01,City Services,EBOR GARDENS COMM CENT- YS233,1100L-W,Gen Waste,0.222
2008-05-01,City Services,EVOLUTION HOUSE,1100L-C,Card,0.122
2008-05-01,City Services,EVOLUTION HOUSE,1100L-W,Gen Waste,0.447
2008-05-01,City Services,FIELDHEAD CARR CENTRE - YS234,660L-W,Gen Waste,0.168
2008-05-01,City Services,FIR TREE SCHOOL,1100L-W,Gen Waste,0.545
2008-05-01,City Services,GARFORTH OSC - MAIN STREET 03051,1100L-C,Card,0.13
2008-05-01,City Services,GARFORTH OSC - MAIN STREET 03051,1100L-W,Gen Waste,0.291
2008-05-01,City Services,GILDERSOME YOUTH CENTRE,1100L-W,Gen Waste,0.284
2008-05-01,City Services,HAREHILLS PLACE COMMUNITY CENTRE,1100L-W,Gen Waste,0.234
2008-05-01,City Services,HEADINGLEY COMMUNITY CENTRE,1100L-W,Gen Waste,0.243
2008-05-01,City Services,HENRY BARRAN CENTRE - YS240,1100L-C,Card,0.115
2008-05-01,City Services,HENRY BARRAN CENTRE - YS240,1100L-W,Gen Waste,0.465
2008-05-01,City Services,HOLBECK YOUTH CENTRE,1100L-W,Gen Waste,0.281
2008-05-01,City Services,HOUGH TOP COURT 03027,1100L-C,Card,0.111
2008-05-01,City Services,HOUGH TOP COURT 03027,1100L-W,Gen Waste,0.994
2008-05-01,City Services,KENTMERE CENTRE - YS244,1100L-C,Card,0.129
2008-05-01,City Services,KENTMERE CENTRE - YS244,1100L-W,Gen Waste,0.213
2008-05-01,City Services,KIPPAX YOUTH CENTRE,660L-W,Gen Waste,0.215
2008-05-01,City Services,KNOWSTHORPE GATE SUPPORT SER 43390,1100L-C,Card,0.236
2008-05-01,City Services,LANDMARK COURT,1100L-C,Card,0.119
2008-05-01,City Services,LANDMARK COURT,1100L-W,Gen Waste,0.293
2008-05-01,City Services,LINCOLN GREEN YOUTH CENTRE,1100L-W,Gen Waste,0.242
2008-05-01,City Services,LITTLE LONDON COMMUNITY CENTRE,1100L-W,Gen Waste,0.224
2008-05-01,City Services,MANDELA CENTRE,1100L-C,Card,0.118
2008-05-01,City Services,MANDELA CENTRE,1100L-W,Gen Waste,0.466
2008-05-01,City Services,MEANWOOD COMMUNITY CENTRE,1100L-W,Gen Waste,0.231
2008-05-01,City Services,MERRION HOUSE,1100L-C,Card,0.498
2008-05-01,City Services,MERRION HOUSE,1100L-W,Gen Waste,4.979
2008-05-01,City Services,MERRION HOUSE,360L-C,Card,0.259
2008-05-01,City Services,MERRION HOUSE,660L-C,Card,0.524
2008-05-01,City Services,METHLEY CENTRE,1100L-W,Gen Waste,0.268
2008-05-01,City Services,MICKLEFIELD YOUTH CENTRE,1100L-W,Gen Waste,0.288
2008-05-01,City Services,MIDDLETON PARK HIGHWAYS 03034,1100L-C,Card,0.51
2008-05-01,City Services,MIDDLETON PARK HIGHWAYS 03034,1100L-W,Gen Waste,0.894
2008-05-01,City Services,MIDDLETON SKILLS CENTRE - YS253,1100L-C,Card,0.138
2008-05-01,City Services,MIDDLETON SKILLS CENTRE - YS253,1100L-W,Gen Waste,0.242
2008-05-01,City Services,MORLEY TOWN HALL 03060,1100L-C,Card,0.231
2008-05-01,City Services,MORLEY TOWN HALL 03060,1100L-W,Gen Waste,0.579
2008-05-01,City Services,NOWELL MOUNT CENTRE - YS254,1100L-W,Gen Waste,0.236
2008-05-01,City Services,OLD COCKBURN SPORTS HALL,1100L-W,Gen Waste,0.276
2008-05-01,City Services,OSMONDTHORPE OSC 03085,1100L-C,Card,0.134
2008-05-01,City Services,OSMONDTHORPE OSC 03085,1100L-W,Gen Waste,0.47
2008-05-01,City Services,OTLEY A O 03066,1100L-W,Gen Waste,0.235
2008-05-01,City Services,PAKISTANI CENTRE - YS256,1100L-C,Card,0.135
2008-05-01,City Services,PALACE PROJECT - YS257,1100L-W,Gen Waste,0.234
2008-05-01,City Services,PRINCE PHILLIP CENTRE - YS258,1100L-C,Card,0.132
2008-05-01,City Services,PRINCE PHILLIP CENTRE - YS258,1100L-W,Gen Waste,0.434
2008-05-01,City Services,PUDSEY TOWN HALL 03071,1100L-W,Gen Waste,0.54
2008-05-01,City Services,PUDSEY TOWN HALL 03071,660L-C,Card,0.176
2008-05-01,City Services,RICHMOND HILL CENTRE - YS259,1100L-W,Gen Waste,0.228
2008-05-01,City Services,RICHMOND HILL CENTRE - YS259,660L-W,Gen Waste,0.162
2008-05-01,City Services,ROSE LUND CENTRE - YS260,660L-W,Gen Waste,0.207
2008-05-01,City Services,ROTHWELL A O - 03074,1100L-C,Card,0.11
2008-05-01,City Services,ROTHWELL A O - 03074,1100L-W,Gen Waste,0.288
2008-05-01,City Services,SOUTH GIPTON CENTRE - YS263,1100L-W,Gen Waste,0.232
2008-05-01,City Services,SOUTH LEEDS FLC,1100L-C,Card,0.14
2008-05-01,City Services,SOUTH LEEDS FLC,1100L-W,Gen Waste,1.546
2008-05-01,City Services,SOUTH SEACROFT OSC,1100L-C,Card,0.132
2008-05-01,City Services,SOUTH SEACROFT OSC,660L-C,Card,0.168
2008-05-01,City Services,SOUTH SEACROFT OSC,660L-W,Gen Waste,0.504
2008-05-01,City Services,ST GABRIELS CENTRE - YS264,660L-W,Gen Waste,0.211
2008-05-01,City Services,ST GEORGES CENTRE 03036,1100L-C,Card,0.244
2008-05-01,City Services,ST GEORGES CENTRE 03036,1100L-W,Gen Waste,0.511
2008-05-01,City Services,ST GREGORYS Y & A CENTRE,1100L-C,Card,0.123
2008-05-01,City Services,ST GREGORYS Y & A CENTRE,1100L-W,Gen Waste,0.223
2008-05-01,City Services,ST MATTHEWS CENTRE - YS266,1100L-W,Gen Waste,0.283
2008-05-01,City Services,STANHOPE DRIVE YOUTH CENTRE,660L-W,Gen Waste,0.166
2008-05-01,City Services,STRAWBERRY LANE CENTRE - YS268,1100L-C,Card,0.11
2008-05-01,City Services,STRAWBERRY LANE CENTRE - YS268,1100L-W,Gen Waste,0.213
2008-05-01,City Services,THE LEONARDO BUILDING 03020,1100L-C,Card,0.242
2008-05-01,City Services,THE LEONARDO BUILDING 03020,1100L-W,Gen Waste,1.246
2008-05-01,City Services,THORESBY HOUSE 03017,1100L-C,Card,0.5
2008-05-01,City Services,THORESBY HOUSE 03017,1100L-W,Gen Waste,2.55
2008-05-01,City Services,TINGLEY YOUTH & COMMUNITY CENTRE,660L-W,Gen Waste,0.204
2008-05-01,City Services,WELFARE RIGHTS UNIT,1100L-W,Gen Waste,0.22
2008-05-01,City Services,WESTON LANE CENTRE - YS272,1100L-W,Gen Waste,0.23
2008-05-01,City Services,WETHERBY A O 03078,1100L-W,Gen Waste,0.218
2008-05-01,City Services,WINDMILL YOUTH CENTRE,1100L-W,Gen Waste,0.292
2008-05-01,City Services,WOODHOUSE COMMUNITY CENTRE,1100L-W,Gen Waste,0.223
2008-05-01,City Services,WOODSLEY ROAD CENTRE - YS275,1100L-W,Gen Waste,0.454
2008-05-01,City Services,YEADON TOWN HALL - AET149,1100L-C,Card,0.126
2008-05-01,City Services,YEADON TOWN HALL - AET149,1100L-W,Gen Waste,0.443
2008-05-01,E ALMO,BUILDING SERVICES,1100L-C,Card,0.142
2008-05-01,E ALMO,BUILDING SERVICES,1100L-W,Gen Waste,0.239
2008-05-01,E ALMO,BURMANTOFTS NH,1100L-W,Gen Waste,0.235
2008-05-01,E ALMO,BUTTON HILL COMMUNITY CENTRE,1100L-W,Gen Waste,0.231
2008-05-01,E ALMO,GIPTON NHO,660L-W,Gen Waste,0.166
2008-05-01,E ALMO,HAREHILLS & CHAPEL TOWN NHO,1100L-W,Gen Waste,0.222
2008-05-01,E ALMO,MEANWOOD NHO,1100L-W,Gen Waste,0.239
2008-05-01,E ALMO,MOORTOWN NHO,1100L-W,Gen Waste,0.29
2008-05-01,E ALMO,RICHOMOND HILL NHO,660L-W,Gen Waste,0.164
2008-05-01,E ALMO,SEACROFT NORTH 0SS - S066640,1100L-C,Card,0.112
2008-05-01,E ALMO,SEACROFT NORTH 0SS - S066640,1100L-W,Gen Waste,0.245
2008-05-01,E ALMO,TRIBECA HOUSE,660L-C,Card,0.084
2008-05-01,E ALMO,TRIBECA HOUSE,660L-W,Gen Waste,0.499
2008-05-01,Education Leeds/Schools,ARTEMIS,1100L-W,Gen Waste,0.238
2008-05-01,Education Leeds/Schools,BLENHEIM CENTRE,1100L-W,Gen Waste,0.214
2008-05-01,Education Leeds/Schools,BLENHEIM CENTRE,1100L-W,Gen Waste,0.217
2008-05-01,Education Leeds/Schools,BLENHEIM CENTRE,1100L-W,Gen Waste,0.238
2008-05-01,Education Leeds/Schools,BRUDENELL PRIMARY SCHOOL,1100L-W,Gen Waste,0.687
2008-05-01,Education Leeds/Schools,ELMETE CENTRE,1100L-C,Card,0.133
2008-05-01,Education Leeds/Schools,ELMETE CENTRE,1100L-C,Card,0.119
2008-05-01,Education Leeds/Schools,ELMETE CENTRE,1100L-W,Gen Waste,0.282
2008-05-01,Education Leeds/Schools,ELMETE CENTRE,1100L-W,Gen Waste,0.512
2008-05-01,Education Leeds/Schools,ELMETE CENTRE,1100L-W,Gen Waste,0.241
2008-05-01,Education Leeds/Schools,GRAFTON SITE,1100L-W,Gen Waste,0.23
2008-05-01,Education Leeds/Schools,SOUTH PUDSEY COMMUNITY CENTRE,1100L-W,Gen Waste,0.276
2008-05-01,Education Leeds/Schools,SOUTH PUDSEY COMMUNITY CENTRE,1100L-C,Card,0.138
2008-05-01,Education Leeds/Schools,WEST PARK CENTRE,1100L-C,Card,0.12
2008-05-01,Education Leeds/Schools,WEST PARK CENTRE,1100L-C,Card,0.12
2008-05-01,Education Leeds/Schools,WEST PARK CENTRE,1100L-W,Gen Waste,0.243
2008-05-01,Education Leeds/Schools,WEST PARK CENTRE,1100L-W,Gen Waste,0.24
2008-05-01,Education Leeds/Schools,WEST PARK CENTRE,1100L-W,Gen Waste,0.224
2008-05-01,Education Leeds/Schools,WEST PARK CENTRE,1100L-W,Gen Waste,0.224
2008-05-01,Environment & Neighbourhoods,AIRE VALLEY TEAM - BELLE ISLE FOUND,660L-C,Card,0.091
2008-05-01,Environment & Neighbourhoods,EAST LEEDS AREA MANAGEMENT TEAM,1100L-C,Card,0.118
2008-05-01,Environment & Neighbourhoods,EAST LEEDS AREA MANAGEMENT TEAM,1100L-W,Gen Waste,0.233
2008-05-01,Environment & Neighbourhoods,ENVIROMENTAL HEALTH NEW ADD,660L-C,Card,0.09
2008-05-01,Environment & Neighbourhoods,ENVIROMENTAL HEALTH NEW ADD,660L-W,Gen Waste,0.161
2008-05-01,Environment & Neighbourhoods,HILLSIDE HOSTEL,1100L-C,Card,0.13
2008-05-01,Environment & Neighbourhoods,HILLSIDE HOSTEL,1100L-W,Gen Waste,0.866
2008-05-01,Environment & Neighbourhoods,KIRKGATE CHAMBERS,360L-C,Card,0.042
2008-05-01,Environment & Neighbourhoods,LEEDS COMMUNITY SAFETY,660L-C,Card,0.105
2008-05-01,Environment & Neighbourhoods,MILLSHAW ENVIRONMENTAL HEALTH OFFICE,1100L-C,Card,0.121
2008-05-01,Environment & Neighbourhoods,MILLSHAW ENVIRONMENTAL HEALTH OFFICE,1100L-W,Gen Waste,0.222
2008-05-01,Environment & Neighbourhoods,PENNINGTON PLACE,1100L-W,Gen Waste,0.68
2008-05-01,Environment & Neighbourhoods,RESETTLEMENT SERVICES,1100L-W,Gen Waste,0.219
2008-05-01,Environment & Neighbourhoods,RICHMOND COURT,1100L-W,Gen Waste,0.866
2008-05-01,Environment & Neighbourhoods,THE HOLLIES,1100L-W,Gen Waste,0.667
2008-05-01,Learning & Leisure,ARDSLEY/TINGLEY LIBRARY,1100L-W,Gen Waste,0.298
2008-05-01,Learning & Leisure,ARMLEY EYC - OUTREACH CENTRE,1100L-W,Gen Waste,0.225
2008-05-01,Learning & Leisure,ARMLEY LASER CENTRE - YS222,1100L-C,Card,0.125
2008-05-01,Learning & Leisure,ARMLEY LASER CENTRE - YS222,1100L-W,Gen Waste,0.22
2008-05-01,Learning & Leisure,ARMLEY MILLS -  MUS174,1100L-W,Gen Waste,0.234
2008-05-01,Learning & Leisure,ARMLEY MILLS -  MUS174,660L-C,Card,0.088
2008-05-01,Learning & Leisure,ARMLEY SPORTS CENTRE - SPO164,1100L-C,Card,0.131
2008-05-01,Learning & Leisure,ARMLEY SPORTS CENTRE - SPO164,1100L-W,Gen Waste,1.021
2008-05-01,Learning & Leisure,BEESTON LIBRARY,660L-C,Card,0.07
2008-05-01,Learning & Leisure,BEESTON LIBRARY,660L-W,Gen Waste,0.17
2008-05-01,Learning & Leisure,BELLE ISLE CENTRE - YS226,1100L-C,Card,0.115
2008-05-01,Learning & Leisure,BELLE ISLE CENTRE - YS226,1100L-W,Gen Waste,0.205
2008-05-01,Learning & Leisure,BOWLS & ATHLETICS SPO16,1100L-C,Card,0.131
2008-05-01,Learning & Leisure,BOWLS & ATHLETICS SPO16,1100L-W,Gen Waste,0.446
2008-05-01,Learning & Leisure,BRAMLEY BATHS - SPO160,1100L-C,Card,0.099
2008-05-01,Learning & Leisure,BRAMLEY BATHS - SPO160,1100L-W,Gen Waste,0.292
2008-05-01,Learning & Leisure,BRAMLEY CENTRE - YS227,1100L-C,Card,0.129
2008-05-01,Learning & Leisure,BRAMLEY CENTRE - YS227,1100L-W,Gen Waste,0.292
2008-05-01,Learning & Leisure,BRAMLEY CHILDRENS CENTRE - EDEYC206,1100L-C,Card,0.134
2008-05-01,Learning & Leisure,BRAMLEY CHILDRENS CENTRE - EDEYC206,1100L-W,Gen Waste,0.29
2008-05-01,Learning & Leisure,BURLEY PARK EYC - U8EYC183,1100L-C,Card,0.121
2008-05-01,Learning & Leisure,BURLEY PARK EYC - U8EYC183,1100L-W,Gen Waste,0.226
2008-05-01,Learning & Leisure,CATERING - CANAL GARDEN,1100L-C,Card,0.266
2008-05-01,Learning & Leisure,CATERING - CANAL GARDEN,1100L-W,Gen Waste,0.946
2008-05-01,Learning & Leisure,CATERING - GOLDEN ACRE PARK,1100L-C,Card,0.122
2008-05-01,Learning & Leisure,CATERING - GOLDEN ACRE PARK,1100L-W,Gen Waste,0.514
2008-05-01,Learning & Leisure,CATERING - TEMPLE NEWSAM PARK,1100L-C,Card,0.137
2008-05-01,Learning & Leisure,CATERING - TEMPLE NEWSAM PARK,1100L-W,Gen Waste,0.684
2008-05-01,Learning & Leisure,CENTRAL LIBRARY - LIB114,1100L-C,Card,0.12
2008-05-01,Learning & Leisure,CENTRAL LIBRARY - LIB114,1100L-W,Gen Waste,1.273
2008-05-01,Learning & Leisure,CHAPEL ALLERTON BR LIBRARY - LIB113,240L-W,Gen Waste,0.069
2008-05-01,Learning & Leisure,CHAPEL ALLERTON CHILDRENS CENTRE,1100L-C,Card,0.11
2008-05-01,Learning & Leisure,CHAPEL ALLERTON CHILDRENS CENTRE,1100L-W,Gen Waste,0.238
2008-05-01,Learning & Leisure,CHAPELTOWN CHILDRENS CENTRE,1100L-C,Card,0.131
2008-05-01,Learning & Leisure,CHAPELTOWN CHILDRENS CENTRE,1100L-W,Gen Waste,0.447
2008-05-01,Learning & Leisure,CITY MUSEUM,1100L-C,Card,0.121
2008-05-01,Learning & Leisure,CITY MUSEUM,1100L-W,Gen Waste,0.229
2008-05-01,Learning & Leisure,COMPTON ROAD LIBRARY - LIB140,660L-W,Gen Waste,0.168
2008-05-01,Learning & Leisure,CONSTRUCTION SKILLS TRAINING CENTRE,1100L-C,Card,0.122
2008-05-01,Learning & Leisure,CONSTRUCTION SKILLS TRAINING CENTRE,1100L-W,Gen Waste,0.244
2008-05-01,Learning & Leisure,CROSSGATES LIBRARY - LIB119,1100L-W,Gen Waste,0.235
2008-05-01,Learning & Leisure,DENIS HEALEY CENTRE - YS232,1100L-W,Gen Waste,0.226
2008-05-01,Learning & Leisure,DOREEN HAMILTON DC - 506 Q884679,1100L-C,Card,0.124
2008-05-01,Learning & Leisure,DOREEN HAMILTON DC - 506 Q884679,1100L-W,Gen Waste,0.468
2008-05-01,Learning & Leisure,DOREEN HAMILTON EYC - SSEYC200,1100L-C,Card,0.118
2008-05-01,Learning & Leisure,DOREEN HAMILTON EYC - SSEYC200,1100L-W,Gen Waste,1.544
2008-05-01,Learning & Leisure,DRIGHLINGTON MEETING HALL - AET144,1100L-W,Gen Waste,0.238
2008-05-01,Learning & Leisure,EAST LEEDS FLC - TRGEYC214,1100L-C,Card,0.237
2008-05-01,Learning & Leisure,EAST LEEDS FLC - TRGEYC214,1100L-W,Gen Waste,1.815
2008-05-01,Learning & Leisure,EAST LEEDS LEISURE CENTRE - SPO158,1100L-C,Card,0.132
2008-05-01,Learning & Leisure,EAST LEEDS LEISURE CENTRE - SPO158,1100L-W,Gen Waste,0.716
2008-05-01,Learning & Leisure,FEARNVILLE SPORTS CENTRE - SPO153,1100L-C,Card,0.118
2008-05-01,Learning & Leisure,FEARNVILLE SPORTS CENTRE - SPO153,1100L-W,Gen Waste,0.457
2008-05-01,Learning & Leisure,FIRTHFIELD EYC - (ANNE FLEGG),1100L-W,Gen Waste,0.29
2008-05-01,Learning & Leisure,GARFORTH LEISURE CENTRE - SPO281,1100L-C,Card,0.118
2008-05-01,Learning & Leisure,GARFORTH LEISURE CENTRE - SPO281,1100L-W,Gen Waste,0.061
2008-05-01,Learning & Leisure,GARFORTH LIBRARY (REAR) - LIB110,360L-W,Gen Waste,0.173
2008-05-01,Learning & Leisure,GILDERSOME MEETING HALL DMS - AET14,1100L-W,Gen Waste,0.287
2008-05-01,Learning & Leisure,GOTTS PARK MUNICIPAL GOLF CL - PK16,1100L-W,Gen Waste,0.243
2008-05-01,Learning & Leisure,GUISELEY LIBRARY - LIB106,660L-W,Gen Waste,0.168
2008-05-01,Learning & Leisure,HALTON LIBRARY - LIB139,1100L-W,Gen Waste,0.228
2008-05-01,Learning & Leisure,HAREHILLS CHILDRENS CENTRE,1100L-C,Card,0.133
2008-05-01,Learning & Leisure,HAREHILLS CHILDRENS CENTRE,1100L-W,Gen Waste,0.229
2008-05-01,Learning & Leisure,HAREHILLS JOB SHOP,660L-W,Gen Waste,0.171
2008-05-01,Learning & Leisure,HAWKSWORTH WOOD EYC - TRGEYC217,1100L-C,Card,0.132
2008-05-01,Learning & Leisure,HAWKSWORTH WOOD EYC - TRGEYC217,1100L-W,Gen Waste,0.238
2008-05-01,Learning & Leisure,HEADINGLEY ANN CENTRE - YS238,360L-W,Gen Waste,0.141
2008-05-01,Learning & Leisure,"HERD FARM, ECCUP RESEVIOR - YS241",1100L-W,Gen Waste,0.575
2008-05-01,Learning & Leisure,HOLBECK LIBRARY - LIB137,240L-W,Gen Waste,0.089
2008-05-01,Learning & Leisure,HOLT PARK LEISURE CENTRE - SPO157,1100L-W,Gen Waste,0.665
2008-05-01,Learning & Leisure,HORSFORTH LIBRARY - LIB118,1100L-W,Gen Waste,0.229
2008-05-01,Learning & Leisure,HUNSLET CHILDRENS CENTRE,1100L-C,Card,0.105
2008-05-01,Learning & Leisure,HUNSLET CHILDRENS CENTRE,1100L-W,Gen Waste,0.236
2008-05-01,Learning & Leisure,HUNSLET HALL EYC - U8EYC186,1100L-C,Card,0.115
2008-05-01,Learning & Leisure,HUNSLET HALL EYC - U8EYC186,1100L-W,Gen Waste,0.556
2008-05-01,Learning & Leisure,HUNSLET LAKE - YS243,1100L-W,Gen Waste,0.224
2008-05-01,Learning & Leisure,HUNSLET LIBRARY (REAR) - LIB117,1100L-W,Gen Waste,0.215
2008-05-01,Learning & Leisure,IRELAND WOOD PUBLIC LIBRARY - LIB11,240L-W,Gen Waste,0.073
2008-05-01,Learning & Leisure,JOHN SMEATON LEISURE CENTRE,1100L-C,Card,0.12
2008-05-01,Learning & Leisure,JOHN SMEATON LEISURE CENTRE,1100L-W,Gen Waste,1.107
2008-05-01,Learning & Leisure,KENTMERE EYC - U8EYC187,1100L-C,Card,0.109
2008-05-01,Learning & Leisure,KENTMERE EYC - U8EYC187,1100L-W,Gen Waste,0.448
2008-05-01,Learning & Leisure,KIPPAX LIBRARY - LIB111,240L-W,Gen Waste,0.088
2008-05-01,Learning & Leisure,KIPPAX SPORTS CENTRE - SPO163,1100L-C,Card,0.128
2008-05-01,Learning & Leisure,KIPPAX SPORTS CENTRE - SPO163,1100L-W,Gen Waste,0.449
2008-05-01,Learning & Leisure,KIPPAX SPORTS CENTRE - SPO163,1100L-W,Gen Waste,0.114
2008-05-01,Learning & Leisure,KIRKSTALL ABBEY HOUSE MUSEUM - MUS1,1100L-C,Card,0.123
2008-05-01,Learning & Leisure,KIRKSTALL ABBEY HOUSE MUSEUM - MUS1,1100L-W,Gen Waste,0.45
2008-05-01,Learning & Leisure,KIRKSTALL LEISURE CENTRE,1100L-C,Card,0.122
2008-05-01,Learning & Leisure,KIRKSTALL LEISURE CENTRE,1100L-W,Gen Waste,0.451
2008-05-01,Learning & Leisure,LANGBAR EYC - U8EYC189,1100L-C,Card,0.13
2008-05-01,Learning & Leisure,LANGBAR EYC - U8EYC189,1100L-W,Gen Waste,0.244
2008-05-01,Learning & Leisure,LAUREL BANK EYC - SSEYC202,1100L-W,Gen Waste,0.225
2008-05-01,Learning & Leisure,LEEDS MUSEUM DISCOVERY CENTRE,1100L-C,Card,0.124
2008-05-01,Learning & Leisure,LEEDS MUSEUM DISCOVERY CENTRE,660L-W,Gen Waste,0.164
2008-05-01,Learning & Leisure,LEEDS TOWN HALL,1100L-C,Card,0.482
2008-05-01,Learning & Leisure,LEEDS TOWN HALL,1100L-W,Gen Waste,2.561
2008-05-01,Learning & Leisure,LIBRARY HQ - NEW - LIB127,1100L-C,Card,0.117
2008-05-01,Learning & Leisure,LIBRARY HQ - NEW - LIB127,1100L-W,Gen Waste,0.679
2008-05-01,Learning & Leisure,LOTHERTON BIRD GARDEN,1100L-W,Gen Waste,0.58
2008-05-01,Learning & Leisure,LOTHERTON HALL - MUS176,660L-W,Gen Waste,0.204
2008-05-01,Learning & Leisure,MIDDLETON LEISURE CENTRE - SPO159,1100L-C,Card,0.113
2008-05-01,Learning & Leisure,MIDDLETON LEISURE CENTRE - SPO159,1100L-W,Gen Waste,0.506
2008-05-01,Learning & Leisure,MOOR ALLERTON LIBRARY - LIB116,360L-W,Gen Waste,0.166
2008-05-01,Learning & Leisure,MOOR ALLERTON LIBRARY - LIB116,360L-C,Card,0.035
2008-05-01,Learning & Leisure,MORLEY EARLEY YEARS - TRGEYC218,1100L-C,Card,0.121
2008-05-01,Learning & Leisure,MORLEY EARLEY YEARS - TRGEYC218,1100L-W,Gen Waste,0.276
2008-05-01,Learning & Leisure,MORLEY LEISURE CENTRE,1100L-C,Card,0.133
2008-05-01,Learning & Leisure,MORLEY PUBLIC LIBRARY (REAR) - LIB1,1100L-C,Card,0.138
2008-05-01,Learning & Leisure,MORLEY PUBLIC LIBRARY (REAR) - LIB1,360L-W,Gen Waste,0.166
2008-05-01,Learning & Leisure,NEIGHBOURHOOD JOB SHOP,240L-W,Gen Waste,0.097
2008-05-01,Learning & Leisure,NESFIELD OUTREACH - U8EYC191,1100L-W,Gen Waste,0.235
2008-05-01,Learning & Leisure,NEW AQUATICS CENTRE,1100L-C,Card,0.247
2008-05-01,Learning & Leisure,NEW AQUATICS CENTRE,1100L-W,Gen Waste,2.075
2008-05-01,Learning & Leisure,NORTH AREA OFFICE - YS277,1100L-C,Card,0.132
2008-05-01,Learning & Leisure,NORTH AREA OFFICE - YS277,1100L-W,Gen Waste,0.222
2008-05-01,Learning & Leisure,OAKDALE EYC - U8EYC192,1100L-C,Card,0.13
2008-05-01,Learning & Leisure,OAKDALE EYC - U8EYC192,1100L-W,Gen Waste,0.225
2008-05-01,Learning & Leisure,OAKWOOD LIBRARY - LIB125,360L-W,Gen Waste,0.14
2008-05-01,Learning & Leisure,OTLEY LIBRARY - LIB135,360L-W,Gen Waste,0.145
2008-05-01,Learning & Leisure,PARKS & COUNTRYSIDES,1100L-C,Card,0.124
2008-05-01,Learning & Leisure,PARKS & COUNTRYSIDES,1100L-W,Gen Waste,0.447
2008-05-01,Learning & Leisure,PUDSEY CIVIC HALL - CATERING,1100L-C,Card,0.242
2008-05-01,Learning & Leisure,PUDSEY LEISURE CENTRE - SPO161,1100L-C,Card,0.115
2008-05-01,Learning & Leisure,PUDSEY LEISURE CENTRE - SPO161,1100L-W,Gen Waste,0.877
2008-05-01,Learning & Leisure,PUDSEY LIBRARY (REAR) - LIB109,1100L-W,Gen Waste,0.292
2008-05-01,Learning & Leisure,QUARRY MOUNT CHILDRENS CENTRE,1100L-W,Gen Waste,0.221
2008-05-01,Learning & Leisure,RED HALL,1100L-C,Card,0.235
2008-05-01,Learning & Leisure,RICHMOND HILL EYC - U8EYC193,1100L-W,Gen Waste,0.448
2008-05-01,Learning & Leisure,RICHMOND HILL SPORTS HALL - SPO155,1100L-W,Gen Waste,0.233
2008-05-01,Learning & Leisure,ROSEVILLE CENTRE - TRGEYC284,1100L-W,Gen Waste,0.236
2008-05-01,Learning & Leisure,ROTHWELL LC - SPO279,1100L-C,Card,0.124
2008-05-01,Learning & Leisure,ROTHWELL LIBRARY - LIB104,360L-W,Gen Waste,0.171
2008-05-01,Learning & Leisure,ROUNDHAY MANSION,1100L-C,Card,0.148
2008-05-01,Learning & Leisure,ROUNDHAY MANSION,660L-W,Gen Waste,0.165
2008-05-01,Learning & Leisure,SAILING CENTRE - SPO282,660L-W,Gen Waste,0.164
2008-05-01,Learning & Leisure,SCHOOLS LIBRARY SERVICE,1100L-W,Gen Waste,0.231
2008-05-01,Learning & Leisure,SCOTHALL SPORTS CENTRE - SPO152,1100L-W,Gen Waste,0.894
2008-05-01,Learning & Leisure,SCOTT HALL EYC - U8EYC195,1100L-C,Card,0.136
2008-05-01,Learning & Leisure,SCOTT HALL EYC - U8EYC195,1100L-W,Gen Waste,0.231
2008-05-01,Learning & Leisure,SEACROFT CC - U8EYC196,1100L-C,Card,0.13
2008-05-01,Learning & Leisure,SEACROFT CC - U8EYC196,1100L-W,Gen Waste,0.235
2008-05-01,Learning & Leisure,SEACROFT LIBRARY (SIDE) - LIB107,1100L-W,Gen Waste,0.225
2008-05-01,Learning & Leisure,SHEPHERD LANE EYC - U8EYC197,1100L-W,Gen Waste,0.227
2008-05-01,Learning & Leisure,SOUTH LEEDS STADIUM,1100L-C,Card,0.273
2008-05-01,Learning & Leisure,SOUTH LEEDS STADIUM,1100L-W,Gen Waste,3.118
2008-05-01,Learning & Leisure,SPRINGFIELD EYC,1100L-W,Gen Waste,0.46
2008-05-01,Learning & Leisure,ST LAWRENCE HOUSE EYC - U8EYC198,1100L-C,Card,0.144
2008-05-01,Learning & Leisure,ST LAWRENCE HOUSE EYC - U8EYC198,1100L-W,Gen Waste,0.279
2008-05-01,Learning & Leisure,TECHNORTH EYC - TRGEYC212,1100L-C,Card,0.261
2008-05-01,Learning & Leisure,TECHNORTH EYC - TRGEYC212,1100L-W,Gen Waste,0.943
2008-05-01,Learning & Leisure,TEMPLE NEWSAM HOUSE - MUS175,1100L-C,Card,0.13
2008-05-01,Learning & Leisure,TEMPLE NEWSAM HOUSE - MUS175,1100L-W,Gen Waste,0.218
2008-05-01,Learning & Leisure,THWAITE MILLS - MUS173,1100L-C,Card,0.116
2008-05-01,Learning & Leisure,THWAITE MILLS - MUS173,1100L-W,Gen Waste,0.22
2008-05-01,Learning & Leisure,TREETOPS COMMUNITY CENTRE,360L-W,Gen Waste,0.172
2008-05-01,Learning & Leisure,TUNSTALL ROAD CENTRE - YS270,1100L-C,Card,0.125
2008-05-01,Learning & Leisure,TUNSTALL ROAD CENTRE - YS270,1100L-W,Gen Waste,0.244
2008-05-01,Learning & Leisure,TWO WILLOWS EYC - U8EYC199,1100L-C,Card,0.131
2008-05-01,Learning & Leisure,TWO WILLOWS EYC - U8EYC199,1100L-W,Gen Waste,0.56
2008-05-01,Learning & Leisure,WEST ARDSLEY CENTRE - YS271,1100L-W,Gen Waste,0.057
2008-05-01,Learning & Leisure,WEST LEEDS FLC - TRGEYC211,1100L-C,Card,0.109
2008-05-01,Learning & Leisure,WEST LEEDS FLC - TRGEYC211,1100L-W,Gen Waste,0.449
2008-05-01,Learning & Leisure,WETHERBY LEISURE CENTRE - SPO156,1100L-W,Gen Waste,0.439
2008-05-01,Learning & Leisure,WETHERBY LIBRARY - LIB108,360L-W,Gen Waste,0.14
2008-05-01,Learning & Leisure,WINDMILL CHILDRENS CENTRE - U8EYC28,1100L-C,Card,0.104
2008-05-01,Learning & Leisure,WINDMILL CHILDRENS CENTRE - U8EYC28,1100L-W,Gen Waste,0.463
2008-05-01,Learning & Leisure,YEADON LIBRARY - LIB219,360L-W,Gen Waste,0.136
2008-05-01,Resources,CITY SERVICES - PROPERTY MAINTENANC,1100L-C,Card,0.235
2008-05-01,Resources,CITY SERVICES - PROPERTY MAINTENANC,1100L-W,Gen Waste,0.454
2008-05-01,Resources,CLEANING & SERVICES(CITY PRINT),1100L-W,Gen Waste,0.447
2008-05-01,Resources,SECURITY SERVICES,1100L-W,Gen Waste,0.233
2008-05-01,Resources,TRANSPORT AGENCY 36370,1100L-C,Card,0.121
2008-05-01,Resources,TRANSPORT AGENCY 36370,1100L-W,Gen Waste,0.437
2008-05-01,Resources,WESTLAND ROAD DEPOT 77400,1100L-C,Card,0.112
2008-05-01,Resources,WESTLAND ROAD DEPOT 77400,1100L-W,Gen Waste,0.22
2008-05-01,Social Care,15 LAVENDER WALK,660L-C,Card,0.09
2008-05-01,Social Care,15 LAVENDER WALK,660L-W,Gen Waste,0.166
2008-05-01,Social Care,ACORN LODGE - Q890207,1100L-W,Gen Waste,0.23
2008-05-01,Social Care,AMBERTON COURT - S065890,1100L-C,Card,0.111
2008-05-01,Social Care,AMBERTON COURT - S065890,1100L-W,Gen Waste,0.696
2008-05-01,Social Care,APNA DAY CENTRE - S064100,1100L-W,Gen Waste,0.221
2008-05-01,Social Care,BAILEYS HOUSE - 238 - Q888998,1100L-C,Card,0.127
2008-05-01,Social Care,BAILEYS HOUSE - 238 - Q888998,1100L-W,Gen Waste,0.67
2008-05-01,Social Care,BELLE ISLE NEIGHBOURHOOD CENTRE - 9,660L-W,Gen Waste,0.166
2008-05-01,Social Care,BEWERLEY CROFT - 255 - S064200,1100L-C,Card,0.141
2008-05-01,Social Care,BEWERLEY CROFT - 255 - S064200,1100L-W,Gen Waste,0.45
2008-05-01,Social Care,BODMIN ROAD 2 - 81,660L-W,Gen Waste,0.169
2008-05-01,Social Care,BODMIN ROAD 4 - 70,660L-W,Gen Waste,0.167
2008-05-01,Social Care,BRAMLEY LAWN DC - S063921,1100L-W,Gen Waste,0.296
2008-05-01,Social Care,BRAMLEY TC - 362 - S066251,1100L-C,Card,0.137
2008-05-01,Social Care,BRAMLEY TC - 362 - S066251,1100L-W,Gen Waste,0.57
2008-05-01,Social Care,BROOKSBANK - 141 Q893778,1100L-C,Card,0.118
2008-05-01,Social Care,BROOKSBANK - 141 Q893778,1100L-W,Gen Waste,0.456
2008-05-01,Social Care,BROOM COURT - 242 S066401,1100L-C,Card,0.131
2008-05-01,Social Care,BROOM COURT - 242 S066401,1100L-W,Gen Waste,0.692
2008-05-01,Social Care,BURLEY WILLOWS - 170 - S064513,1100L-C,Card,0.128
2008-05-01,Social Care,BURLEY WILLOWS - 170 - S064513,1100L-W,Gen Waste,0.44
2008-05-01,Social Care,BURLEY WILLOWS DC - 523,1100L-W,Gen Waste,0.228
2008-05-01,Social Care,CALVERLANDS DC - 516,1100L-C,Card,0.118
2008-05-01,Social Care,CALVERLANDS DC - 516,1100L-W,Gen Waste,0.235
2008-05-01,Social Care,CLIFFORD BROOKE CTR 327 - Q897660,1100L-C,Card,0.137
2008-05-01,Social Care,CLIFFORD BROOKE CTR 327 - Q897660,1100L-W,Gen Waste,0.677
2008-05-01,Social Care,COTTINGLEY COURT - 253,1100L-W,Gen Waste,0.847
2008-05-01,Social Care,CRISIS CENTRE - 353 - Q900405,1100L-C,Card,0.136
2008-05-01,Social Care,CRISIS CENTRE - 353 - Q900405,1100L-W,Gen Waste,0.213
2008-05-01,Social Care,CROSSGATES LIBRARY,1100L-C,Card,0.126
2008-05-01,Social Care,DELPH MANOR - 230 - Q829527,1100L-W,Gen Waste,0.896
2008-05-01,Social Care,DOLPHIN MANOR - S065663,1100L-C,Card,0.117
2008-05-01,Social Care,DOLPHIN MANOR - S065663,1100L-W,Gen Waste,0.824
2008-05-01,Social Care,EASDALE CLOSE,360L-W,Gen Waste,0.278
2008-05-01,Social Care,EAST LEEDS FAMILY RC  Q874041,1100L-W,Gen Waste,0.235
2008-05-01,Social Care,EASTMOOR CSU - 126 - S066405,1100L-C,Card,0.228
2008-05-01,Social Care,EASTMOOR CSU - 126 - S066405,1100L-W,Gen Waste,1.372
2008-05-01,Social Care,FAIRVIEW - S066039,1100L-C,Card,0.126
2008-05-01,Social Care,FAIRVIEW - S066039,1100L-W,Gen Waste,0.434
2008-05-01,Social Care,FARFIELD DC - S063922,660L-W,Gen Waste,0.206
2008-05-01,Social Care,FIRTHFIELDS DC - S065781,1100L-C,Card,0.097
2008-05-01,Social Care,FIRTHFIELDS DC - S065781,1100L-W,Gen Waste,0.302
2008-05-01,Social Care,FIRTHFIELDS DC - S065781,1100L-C,Card,0.032
2008-05-01,Social Care,FREDERICK HURDLE DC - 509 Q894243,1100L-C,Card,0.123
2008-05-01,Social Care,FREDERICK HURDLE DC - 509 Q894243,1100L-W,Gen Waste,0.229
2008-05-01,Social Care,GANNERS GREEN - 66 - Q874398,360L-W,Gen Waste,0.338
2008-05-01,Social Care,GRANGE COURT - S063964,1100L-C,Card,0.117
2008-05-01,Social Care,GRANGE COURT - S063964,1100L-W,Gen Waste,0.558
2008-05-01,Social Care,GREEN THE - 176 - S066593,1100L-W,Gen Waste,0.467
2008-05-01,Social Care,GREEN THE DC - S066593,1100L-C,Card,0.134
2008-05-01,Social Care,GREEN THE DC - S066593,1100L-W,Gen Waste,0.226
2008-05-01,Social Care,HARRY BOOTH HOUSE - S063957,1100L-C,Card,0.117
2008-05-01,Social Care,HARRY BOOTH HOUSE - S063957,1100L-W,Gen Waste,0.862
2008-05-01,Social Care,HEALEY CROFT - 229,1100L-W,Gen Waste,0.578
2008-05-01,Social Care,HOLBECK DC - S063712,1100L-C,Card,0.111
2008-05-01,Social Care,HOLBECK DC - S063712,1100L-W,Gen Waste,0.289
2008-05-01,Social Care,HOME LEA HOUSE - S064059,1100L-C,Card,0.115
2008-05-01,Social Care,HOME LEA HOUSE - S064059,1100L-W,Gen Waste,0.836
2008-05-01,Social Care,HORSFORTH - 359 - Q895809,1100L-C,Card,0.141
2008-05-01,Social Care,HORSFORTH - 359 - Q895809,1100L-W,Gen Waste,0.447
2008-05-01,Social Care,HOUGH LANE CENTRE,1100L-C,Card,0.123
2008-05-01,Social Care,HOUGH LANE CENTRE,1100L-W,Gen Waste,0.568
2008-05-01,Social Care,HUNSLET HALL - 6,1100L-W,Gen Waste,0.573
2008-05-01,Social Care,HUNSLET HALL - 6,660L-C,Card,0.082
2008-05-01,Social Care,INGLEWOOD - 46 - S066331,1100L-W,Gen Waste,0.467
2008-05-01,Social Care,IVESON APPROACH - 68 - Q882007,1100L-W,Gen Waste,0.235
2008-05-01,Social Care,JOSEPH STREET - 239 - S066530,1100L-W,Gen Waste,0.464
2008-05-01,Social Care,KIRKLAND HOUSE - 164 - S064209,1100L-C,Card,0.127
2008-05-01,Social Care,KIRKLAND HOUSE - 164 - S064209,1100L-W,Gen Waste,0.465
2008-05-01,Social Care,KNOWLE MANOR - S064208,1100L-W,Gen Waste,0.883
2008-05-01,Social Care,LAUREL BANK DC - S066161,1100L-C,Card,0.124
2008-05-01,Social Care,LAUREL BANK DC - S066161,1100L-W,Gen Waste,0.211
2008-05-01,Social Care,LEE GRANGE - 251,1100L-W,Gen Waste,0.869
2008-05-01,Social Care,LEE GRANGE - 251,240L-W,Gen Waste,0.094
2008-05-01,Social Care,LEEDS CTR INTERGR LIV - 340 Q892988,1100L-C,Card,0.135
2008-05-01,Social Care,LEEDS CTR INTERGR LIV - 340 Q892988,1100L-W,Gen Waste,0.517
2008-05-01,Social Care,LINCOLNFIELDS DC - 501 - S063821,1100L-C,Card,0.139
2008-05-01,Social Care,LINCOLNFIELDS DC - 501 - S063821,1100L-W,Gen Waste,0.223
2008-05-01,Social Care,LUTTRELL CRESCENT - 72,660L-W,Gen Waste,0.164
2008-05-01,Social Care,MANORFIELD HOUSE - 161 - Q897775,1100L-C,Card,0.13
2008-05-01,Social Care,MANORFIELD HOUSE - 161 - Q897775,1100L-W,Gen Waste,0.44
2008-05-01,Social Care,MARINERS DC - 332 - S066141,1100L-C,Card,0.124
2008-05-01,Social Care,MARINERS DC - 332 - S066141,1100L-W,Gen Waste,0.575
2008-05-01,Social Care,MAWCROFT GRANGE - 234,1100L-W,Gen Waste,0.464
2008-05-01,Social Care,MIDDLECROSS - HOP,1100L-W,Gen Waste,0.461
2008-05-01,Social Care,MIDDLECROSS DC - 512 - S065939,1100L-C,Card,0.143
2008-05-01,Social Care,MIDDLECROSS DC - 512 - S065939,1100L-W,Gen Waste,0.217
2008-05-01,Social Care,MIDDLETON ADVICE CENTRE - 594,1100L-C,Card,0.113
2008-05-01,Social Care,MIDDLETON ADVICE CENTRE - 594,1100L-W,Gen Waste,0.243
2008-05-01,Social Care,MOOR END TC - 358 - Q896765,1100L-C,Card,0.114
2008-05-01,Social Care,MOOR END TC - 358 - Q896765,1100L-W,Gen Waste,0.457
2008-05-01,Social Care,MUSGRAVE COURT - 168 - S066540,1100L-W,Gen Waste,0.566
2008-05-01,Social Care,NABURN COURT DC - 316 - S066370,1100L-C,Card,0.141
2008-05-01,Social Care,NABURN COURT DC - 316 - S066370,1100L-W,Gen Waste,0.233
2008-05-01,Social Care,NORTHWEST LEEDS FAMILY RC - 69,240L-W,Gen Waste,0.16
2008-05-01,Social Care,OLD MIDDLETON OFFICE,1100L-W,Gen Waste,0.222
2008-05-01,Social Care,OSMONDTHORPE RES CTR - 331 Q892091,1100L-C,Card,0.113
2008-05-01,Social Care,OSMONDTHORPE RES CTR - 331 Q892091,1100L-W,Gen Waste,0.459
2008-05-01,Social Care,PARKLEES HOP -,1100L-C,Card,0.119
2008-05-01,Social Care,PARKLEES HOP -,1100L-W,Gen Waste,0.561
2008-05-01,Social Care,PINFOLDS - 243,1100L-C,Card,0.129
2008-05-01,Social Care,PINFOLDS - 243,1100L-W,Gen Waste,0.452
2008-05-01,Social Care,POTTERNEWTON - 367 - S063891,1100L-W,Gen Waste,0.694
2008-05-01,Social Care,PRIMROSE HILL - 171 S065699,1100L-W,Gen Waste,0.437
2008-05-01,Social Care,QUEENSWOOD DRIVE DC - S065697,1100L-C,Card,0.113
2008-05-01,Social Care,QUEENSWOOD DRIVE DC - S065697,660L-W,Gen Waste,0.164
2008-05-01,Social Care,RADCLIFFE LANE DC -  S066696,1100L-C,Card,0.127
2008-05-01,Social Care,RADCLIFFE LANE DC -  S066696,1100L-W,Gen Waste,0.268
2008-05-01,Social Care,RAMSHEAD WOOD - 363,1100L-C,Card,0.123
2008-05-01,Social Care,RAMSHEAD WOOD - 363,1100L-W,Gen Waste,0.463
2008-05-01,Social Care,RAYNELL DRIVE - 444 Q862300,660L-W,Gen Waste,0.17
2008-05-01,Social Care,RICHMOND HILL DC - 322 S063822,1100L-W,Gen Waste,0.217
2008-05-01,Social Care,RICHMOND HOUSE - S065911,1100L-W,Gen Waste,0.825
2008-05-01,Social Care,RIDGESIDE,1100L-W,Gen Waste,0.677
2008-05-01,Social Care,RIDGESIDE,240L-W,Gen Waste,0.309
2008-05-01,Social Care,RIDGESIDE - BETHANY,240L-W,Gen Waste,0.074
2008-05-01,Social Care,RIDGESIDE - HALFWAY HOUSE,240L-W,Gen Waste,0.067
2008-05-01,Social Care,ROOS COURT - 235 - Q859440,1100L-W,Gen Waste,0.442
2008-05-01,Social Care,ROSE FARM DC - 314 - Q880559,1100L-C,Card,0.111
2008-05-01,Social Care,ROSE FARM DC - 314 - Q880559,1100L-W,Gen Waste,0.553
2008-05-01,Social Care,ROSSEDENE - 231 - Q849090,1100L-W,Gen Waste,0.866
2008-05-01,Social Care,ROTHWELL- A T C - S064341,1100L-C,Card,0.113
2008-05-01,Social Care,ROTHWELL- A T C - S064341,1100L-C,Card,0.113
2008-05-01,Social Care,ROTHWELL- A T C - S064341,1100L-W,Gen Waste,0.566
2008-05-01,Social Care,SIEGEN DC 325 - S064988,1100L-W,Gen Waste,0.286
2008-05-01,Social Care,SIEGEN MANOR HOP AND CENTRE - 169,1100L-C,Card,0.132
2008-05-01,Social Care,SIEGEN MANOR HOP AND CENTRE - 169,1100L-W,Gen Waste,0.561
2008-05-01,Social Care,SPEN CROFT HOSTEL - Q884463,1100L-C,Card,0.12
2008-05-01,Social Care,SPEN CROFT HOSTEL - Q884463,1100L-W,Gen Waste,0.229
2008-05-01,Social Care,SPEN CROFT HOSTEL - Q884463,1100L-W,Gen Waste,0.228
2008-05-01,Social Care,SPRING GARDENS - 162 Q895017,1100L-W,Gen Waste,0.44
2008-05-01,Social Care,SPRING GARDENS ANNEXE - S063961,1100L-W,Gen Waste,0.227
2008-05-01,Social Care,SPRINGFIELD DC - 519 - S066010,1100L-C,Card,0.124
2008-05-01,Social Care,SPRINGFIELD DC - 519 - S066010,1100L-W,Gen Waste,0.221
2008-05-01,Social Care,SQUIRREL WAY - 82 Q892331,1100L-C,Card,0.113
2008-05-01,Social Care,SQUIRREL WAY - 82 Q892331,1100L-W,Gen Waste,1.144
2008-05-01,Social Care,ST CATHERINES DRIVE - 77,1100L-W,Gen Waste,0.305
2008-05-01,Social Care,STOCKS HILL DC - 345 Q878493,1100L-C,Card,0.118
2008-05-01,Social Care,STOCKS HILL DC - 345 Q878493,1100L-W,Gen Waste,0.238
2008-05-01,Social Care,SUFFOLK COURT - 137 - Q894346,1100L-C,Card,0.139
2008-05-01,Social Care,SUFFOLK COURT - 137 - Q894346,1100L-W,Gen Waste,0.47
2008-05-01,Social Care,TEMPLARS CROFT - 233 - S065942,1100L-W,Gen Waste,0.448
2008-05-01,Social Care,THE VALE DC - 347 - S064298,1100L-C,Card,0.127
2008-05-01,Social Care,THE VALE DC - 347 - S064298,1100L-W,Gen Waste,0.226
2008-05-01,Social Care,WEST ARDSLEY  ATC- S065913,1100L-C,Card,0.128
2008-05-01,Social Care,WEST ARDSLEY  ATC- S065913,1100L-W,Gen Waste,1.121
2008-05-01,Social Care,WETHERBY DAY SERVICES - S065123,1100L-W,Gen Waste,0.461
2008-05-01,Social Care,WHITE ROSE HOUSE - 2,1100L-C,Card,0.11
2008-05-01,Social Care,WHITE ROSE HOUSE - 2,1100L-W,Gen Waste,0.446
2008-05-01,Social Care,WINDLESFORD GREEN - 232,1100L-W,Gen Waste,0.571
2008-05-01,Social Care,WOOD LANE,1100L-W,Gen Waste,0.227
2008-05-01,Social Care,WOOD LANE,1100L-W,Gen Waste,0.224
2008-05-01,Social Care,WOODHOUSE DC - S063840,1100L-C,Card,0.128
2008-05-01,Social Care,WOODHOUSE DC - S063840,1100L-W,Gen Waste,0.212
2008-05-01,Social Care,WYKEBECK VALLEY DC - 317,1100L-C,Card,0.13
2008-05-01,Social Care,WYKEBECK VALLEY DC - 317,1100L-W,Gen Waste,0.23
2008-05-01,Social Care,YOUTH JUSTICE SERVICE,1100L-W,Gen Waste,0.221
2008-05-01,Social Care,YOUTH OFFENDING TEAM,1100L-C,Card,0.129
2008-05-01,Social Care,YOUTH OFFENDING TEAM,1100L-W,Gen Waste,0.238
2008-05-01,TBC,CITY ART GALLERY - MUS285,1100L-W,Gen Waste,0.752
2008-05-01,TBC,LEEDS C C - EVENTS TEAM,1100L-W,Gen Waste,1.074
2008-05-01,TBC,LEEDS C C - EVENTS TEAM,360L-W,Gen Waste,1.26
2008-05-01,TBC,WESTHOLME - 183 - S066464,1100L-C,Card,0.109
2008-05-01,TBC,WESTHOLME - 183 - S066464,1100L-W,Gen Waste,0.451
2008-05-01,W ALMO,BRAMLEY NHO,1100L-W,Gen Waste,0.287
2008-05-01,W ALMO,HORSFORTH NHO,660L-W,Gen Waste,0.16
2008-05-01,W ALMO,HOUSING REGISTER,360L-W,Gen Waste,0.133
2008-05-01,W ALMO,KIRKSTALL NHO,1100L-W,Gen Waste,0.241
2008-05-01,W ALMO,PROGRESS HOUSE,1100L-W,Gen Waste,0.305
2008-05-01,W ALMO,SILVER ROYD HILL,1100L-W,Gen Waste,0.225
2008-05-01,W ALMO,WEETWOOD NHO,360L-W,Gen Waste,0.14
2008-05-01,W ALMO,WESTFIELD CHAMBERS,1100L-W,Gen Waste,0.296
2008-06-01,AIRE ALMO,"NAVAGATION HOUSE, LEEDS SOUTH HOMES",1100L-C,Card,0.097
2008-06-01,AIRE ALMO,"NAVAGATION HOUSE, LEEDS SOUTH HOMES",1100L-W,Gen Waste,0.396
2008-06-01,AIRE ALMO,SWARCLIFFE NHO,1100L-C,Card,0.093
2008-06-01,AIRE ALMO,SWARCLIFFE NHO,1100L-W,Gen Waste,0.197
2008-06-01,City Development,ARKITECTURAL DESIGN,1100L-C,Card,0.082
2008-06-01,City Development,ARKITECTURAL DESIGN,1100L-W,Gen Waste,0.416
2008-06-01,City Development,PUDSEY MARKETS,1100L-C,Card,1.061
2008-06-01,City Development,PUDSEY MARKETS,1100L-W,Gen Waste,2.426
2008-06-01,City Development,TAXI LICENSING,1100L-C,Card,0.106
2008-06-01,City Development,TAXI LICENSING,1100L-W,Gen Waste,0.21
2008-06-01,City Services,AIREBOROUGH NEW ROADSIDE 03044,1100L-C,Card,0.21
2008-06-01,City Services,AIREBOROUGH NEW ROADSIDE 03044,1100L-W,Gen Waste,0.217
2008-06-01,City Services,ALLERTON BYWATER CENTRE - YS220,360L-W,Gen Waste,0.126
2008-06-01,City Services,ALSTON LANE CENTRE - YS221,660L-W,Gen Waste,0.157
2008-06-01,City Services,APEX HOUSE,1100L-C,Card,0.165
2008-06-01,City Services,APEX HOUSE,1100L-W,Gen Waste,0.856
2008-06-01,City Services,APEX HOUSE,660L-C,Card,0.052
2008-06-01,City Services,ARMLEY OSC 03082,1100L-C,Card,0.093
2008-06-01,City Services,ARMLEY OSC 03082,1100L-W,Gen Waste,0.191
2008-06-01,City Services,BANGLADESHI CENTRE - YS223,1100L-C,Card,0.098
2008-06-01,City Services,BANGLADESHI CENTRE - YS223,1100L-W,Gen Waste,0.391
2008-06-01,City Services,BARLEYFIELDS CENTRE - YS224,660L-W,Gen Waste,0.138
2008-06-01,City Services,BELGRAVE HOUSE,1100L-C,Card,0.162
2008-06-01,City Services,BELGRAVE HOUSE,1100L-W,Gen Waste,0.411
2008-06-01,City Services,BLACKBURN HALL - AET143,1100L-W,Gen Waste,0.413
2008-06-01,City Services,BOSTON SPA CENTRE - YS226,660L-W,Gen Waste,0.135
2008-06-01,City Services,CANON HOUSE 03025,1100L-C,Card,0.095
2008-06-01,City Services,CANON HOUSE 03026,1100L-W,Gen Waste,0.418
2008-06-01,City Services,CANON HOUSE 03027,1100L-W,Gen Waste,0.437
2008-06-01,City Services,CATERING - BEESTON PRIMARY,1100L-W,Gen Waste,0.205
2008-06-01,City Services,CIVIC HALL - CITY SERVICES DEPT,660L-C,Card,0.606
2008-06-01,City Services,CIVIC HALL - CITY SERVICES DEPT,660L-W,Gen Waste,2.892
2008-06-01,City Services,CROSS GREEN CENTRE - YS230,1100L-W,Gen Waste,0.259
2008-06-01,City Services,CROSSGATES CENTRE - YS231,1100L-C,Card,0.086
2008-06-01,City Services,CROSSGATES CENTRE - YS231,1100L-W,Gen Waste,0.214
2008-06-01,City Services,DEWSBURY ROAD OSC 03083,1100L-C,Card,0.091
2008-06-01,City Services,DEWSBURY ROAD OSC 03083,1100L-W,Gen Waste,0.426
2008-06-01,City Services,EBOR GARDENS COMM CENT- YS233,1100L-C,Card,0.073
2008-06-01,City Services,EBOR GARDENS COMM CENT- YS233,1100L-W,Gen Waste,0.216
2008-06-01,City Services,EVOLUTION HOUSE,1100L-C,Card,0.084
2008-06-01,City Services,EVOLUTION HOUSE,1100L-W,Gen Waste,0.41
2008-06-01,City Services,FIELDHEAD CARR CENTRE - YS234,660L-W,Gen Waste,0.158
2008-06-01,City Services,FIR TREE SCHOOL,1100L-W,Gen Waste,0.445
2008-06-01,City Services,GARFORTH OSC - MAIN STREET 03051,1100L-C,Card,0.095
2008-06-01,City Services,GARFORTH OSC - MAIN STREET 03051,1100L-W,Gen Waste,0.209
2008-06-01,City Services,GILDERSOME YOUTH CENTRE,1100L-W,Gen Waste,0.205
2008-06-01,City Services,HAREHILLS PLACE COMMUNITY CENTRE,1100L-W,Gen Waste,0.204
2008-06-01,City Services,HEADINGLEY COMMUNITY CENTRE,1100L-W,Gen Waste,0.216
2008-06-01,City Services,HENRY BARRAN CENTRE - YS240,1100L-C,Card,0.084
2008-06-01,City Services,HENRY BARRAN CENTRE - YS240,1100L-W,Gen Waste,0.397
2008-06-01,City Services,HOLBECK YOUTH CENTRE,1100L-W,Gen Waste,0.195
2008-06-01,City Services,HOUGH TOP COURT 03027,1100L-C,Card,0.081
2008-06-01,City Services,HOUGH TOP COURT 03027,1100L-W,Gen Waste,0.865
2008-06-01,City Services,KENTMERE CENTRE - YS244,1100L-C,Card,0.118
2008-06-01,City Services,KENTMERE CENTRE - YS244,1100L-W,Gen Waste,0.202
2008-06-01,City Services,KIPPAX YOUTH CENTRE,660L-W,Gen Waste,0.137
2008-06-01,City Services,KNOWSTHORPE GATE SUPPORT SER 43390,1100L-C,Card,0.167
2008-06-01,City Services,LANDMARK COURT,1100L-C,Card,0.08
2008-06-01,City Services,LANDMARK COURT,1100L-W,Gen Waste,0.219
2008-06-01,City Services,LINCOLN GREEN YOUTH CENTRE,1100L-W,Gen Waste,0.211
2008-06-01,City Services,LITTLE LONDON COMMUNITY CENTRE,1100L-W,Gen Waste,0.218
2008-06-01,City Services,MANDELA CENTRE,1100L-C,Card,0.093
2008-06-01,City Services,MANDELA CENTRE,1100L-W,Gen Waste,0.409
2008-06-01,City Services,MEANWOOD COMMUNITY CENTRE,1100L-W,Gen Waste,0.218
2008-06-01,City Services,MERRION HOUSE,1100L-C,Card,0.389
2008-06-01,City Services,MERRION HOUSE,1100L-W,Gen Waste,4.203
2008-06-01,City Services,MERRION HOUSE,360L-C,Card,0.191
2008-06-01,City Services,MERRION HOUSE,660L-C,Card,0.334
2008-06-01,City Services,METHLEY CENTRE,1100L-W,Gen Waste,0.212
2008-06-01,City Services,MICKLEFIELD YOUTH CENTRE,1100L-W,Gen Waste,0.204
2008-06-01,City Services,MIDDLETON PARK HIGHWAYS 03034,1100L-C,Card,0.329
2008-06-01,City Services,MIDDLETON PARK HIGHWAYS 03034,1100L-W,Gen Waste,0.83
2008-06-01,City Services,MIDDLETON SKILLS CENTRE - YS253,1100L-C,Card,0.089
2008-06-01,City Services,MIDDLETON SKILLS CENTRE - YS253,1100L-W,Gen Waste,0.216
2008-06-01,City Services,MORLEY TOWN HALL 03060,1100L-C,Card,0.205
2008-06-01,City Services,MORLEY TOWN HALL 03060,1100L-W,Gen Waste,0.418
2008-06-01,City Services,NOWELL MOUNT CENTRE - YS254,1100L-W,Gen Waste,0.212
2008-06-01,City Services,OLD COCKBURN SPORTS HALL,1100L-W,Gen Waste,0.184
2008-06-01,City Services,OSMONDTHORPE OSC 03085,1100L-C,Card,0.102
2008-06-01,City Services,OSMONDTHORPE OSC 03085,1100L-W,Gen Waste,0.41
2008-06-01,City Services,OTLEY A O 03066,1100L-W,Gen Waste,0.253
2008-06-01,City Services,PAKISTANI CENTRE - YS256,1100L-C,Card,0.101
2008-06-01,City Services,PALACE PROJECT - YS257,1100L-W,Gen Waste,0.202
2008-06-01,City Services,PRINCE PHILLIP CENTRE - YS258,1100L-C,Card,0.111
2008-06-01,City Services,PRINCE PHILLIP CENTRE - YS258,1100L-W,Gen Waste,0.419
2008-06-01,City Services,PUDSEY TOWN HALL 03071,1100L-W,Gen Waste,0.603
2008-06-01,City Services,PUDSEY TOWN HALL 03071,660L-C,Card,0.125
2008-06-01,City Services,RICHMOND HILL CENTRE - YS259,1100L-W,Gen Waste,0.227
2008-06-01,City Services,RICHMOND HILL CENTRE - YS259,660L-W,Gen Waste,0.149
2008-06-01,City Services,ROSE LUND CENTRE - YS260,660L-W,Gen Waste,0.13
2008-06-01,City Services,ROTHWELL A O - 03074,1100L-C,Card,0.091
2008-06-01,City Services,ROTHWELL A O - 03074,1100L-W,Gen Waste,0.204
2008-06-01,City Services,SOUTH GIPTON CENTRE - YS263,1100L-W,Gen Waste,0.22
2008-06-01,City Services,SOUTH LEEDS FLC,1100L-C,Card,0.097
2008-06-01,City Services,SOUTH LEEDS FLC,1100L-W,Gen Waste,1.237
2008-06-01,City Services,SOUTH SEACROFT OSC,1100L-C,Card,0.093
2008-06-01,City Services,SOUTH SEACROFT OSC,660L-C,Card,0.114
2008-06-01,City Services,SOUTH SEACROFT OSC,660L-W,Gen Waste,0.433
2008-06-01,City Services,ST GABRIELS CENTRE - YS264,660L-W,Gen Waste,0.154
2008-06-01,City Services,ST GEORGES CENTRE 03036,1100L-C,Card,0.205
2008-06-01,City Services,ST GEORGES CENTRE 03036,1100L-W,Gen Waste,0.404
2008-06-01,City Services,ST GREGORYS Y & A CENTRE,1100L-C,Card,0.082
2008-06-01,City Services,ST GREGORYS Y & A CENTRE,1100L-W,Gen Waste,0.233
2008-06-01,City Services,ST MATTHEWS CENTRE - YS266,1100L-W,Gen Waste,0.213
2008-06-01,City Services,STANHOPE DRIVE YOUTH CENTRE,660L-W,Gen Waste,0.127
2008-06-01,City Services,STRAWBERRY LANE CENTRE - YS268,1100L-C,Card,0.077
2008-06-01,City Services,STRAWBERRY LANE CENTRE - YS268,1100L-W,Gen Waste,0.231
2008-06-01,City Services,THE LEONARDO BUILDING 03020,1100L-C,Card,0.171
2008-06-01,City Services,THE LEONARDO BUILDING 03020,1100L-W,Gen Waste,1.031
2008-06-01,City Services,THORESBY HOUSE 03017,1100L-C,Card,0.35
2008-06-01,City Services,THORESBY HOUSE 03017,1100L-W,Gen Waste,2.079
2008-06-01,City Services,TINGLEY YOUTH & COMMUNITY CENTRE,660L-W,Gen Waste,0.142
2008-06-01,City Services,WELFARE RIGHTS UNIT,1100L-W,Gen Waste,0.218
2008-06-01,City Services,WESTON LANE CENTRE - YS272,1100L-W,Gen Waste,0.276
2008-06-01,City Services,WETHERBY A O 03078,1100L-W,Gen Waste,0.201
2008-06-01,City Services,WINDMILL YOUTH CENTRE,1100L-W,Gen Waste,0.2
2008-06-01,City Services,WOODHOUSE COMMUNITY CENTRE,1100L-W,Gen Waste,0.229
2008-06-01,City Services,WOODSLEY ROAD CENTRE - YS275,1100L-W,Gen Waste,0.402
2008-06-01,City Services,YEADON TOWN HALL - AET149,1100L-C,Card,0.104
2008-06-01,City Services,YEADON TOWN HALL - AET149,1100L-W,Gen Waste,0.426
2008-06-01,E ALMO,BUILDING SERVICES,1100L-C,Card,0.085
2008-06-01,E ALMO,BUILDING SERVICES,1100L-W,Gen Waste,0.197
2008-06-01,E ALMO,BURMANTOFTS NH,1100L-W,Gen Waste,0.229
2008-06-01,E ALMO,BUTTON HILL COMMUNITY CENTRE,1100L-W,Gen Waste,0.211
2008-06-01,E ALMO,GIPTON NHO,660L-W,Gen Waste,0.149
2008-06-01,E ALMO,HAREHILLS & CHAPEL TOWN NHO,1100L-W,Gen Waste,0.213
2008-06-01,E ALMO,MEANWOOD NHO,1100L-W,Gen Waste,0.215
2008-06-01,E ALMO,MOORTOWN NHO,1100L-W,Gen Waste,0.209
2008-06-01,E ALMO,RICHOMOND HILL NHO,660L-W,Gen Waste,0.154
2008-06-01,E ALMO,SEACROFT NORTH 0SS - S066640,1100L-C,Card,0.069
2008-06-01,E ALMO,SEACROFT NORTH 0SS - S066640,1100L-W,Gen Waste,0.22
2008-06-01,E ALMO,TRIBECA HOUSE,660L-C,Card,0.121
2008-06-01,E ALMO,TRIBECA HOUSE,660L-W,Gen Waste,0.444
2008-06-01,Education Leeds/Schools,ARTEMIS,1100L-W,Gen Waste,0.179
2008-06-01,Education Leeds/Schools,BLENHEIM CENTRE,1100L-W,Gen Waste,0.203
2008-06-01,Education Leeds/Schools,BLENHEIM CENTRE,1100L-W,Gen Waste,0.207
2008-06-01,Education Leeds/Schools,BLENHEIM CENTRE,1100L-W,Gen Waste,0.217
2008-06-01,Education Leeds/Schools,BRUDENELL PRIMARY SCHOOL,1100L-W,Gen Waste,0.624
2008-06-01,Education Leeds/Schools,ELMETE CENTRE,1100L-C,Card,0.104
2008-06-01,Education Leeds/Schools,ELMETE CENTRE,1100L-C,Card,0.101
2008-06-01,Education Leeds/Schools,ELMETE CENTRE,1100L-W,Gen Waste,0.347
2008-06-01,Education Leeds/Schools,ELMETE CENTRE,1100L-W,Gen Waste,0.419
2008-06-01,Education Leeds/Schools,ELMETE CENTRE,1100L-W,Gen Waste,0.388
2008-06-01,Education Leeds/Schools,GRAFTON SITE,1100L-C,Card,0.096
2008-06-01,Education Leeds/Schools,GRAFTON SITE,1100L-W,Gen Waste,0.21
2008-06-01,Education Leeds/Schools,SOUTH PUDSEY COMMUNITY CENTRE,1100L-W,Gen Waste,0.224
2008-06-01,Education Leeds/Schools,SOUTH PUDSEY COMMUNITY CENTRE,1100L-C,Card,0.098
2008-06-01,Education Leeds/Schools,WEST PARK CENTRE,1100L-C,Card,0.095
2008-06-01,Education Leeds/Schools,WEST PARK CENTRE,1100L-C,Card,0.113
2008-06-01,Education Leeds/Schools,WEST PARK CENTRE,1100L-W,Gen Waste,0.195
2008-06-01,Education Leeds/Schools,WEST PARK CENTRE,1100L-W,Gen Waste,0.398
2008-06-01,Education Leeds/Schools,WEST PARK CENTRE,1100L-W,Gen Waste,0.222
2008-06-01,Education Leeds/Schools,WEST PARK CENTRE,1100L-W,Gen Waste,0.209
2008-06-01,Environment & Neighbourhoods,AIRE VALLEY TEAM - BELLE ISLE FOUND,660L-C,Card,0.064
2008-06-01,Environment & Neighbourhoods,EAST LEEDS AREA MANAGEMENT TEAM,1100L-C,Card,0.095
2008-06-01,Environment & Neighbourhoods,EAST LEEDS AREA MANAGEMENT TEAM,1100L-W,Gen Waste,0.205
2008-06-01,Environment & Neighbourhoods,ENVIROMENTAL HEALTH NEW ADD,660L-C,Card,0.051
2008-06-01,Environment & Neighbourhoods,ENVIROMENTAL HEALTH NEW ADD,660L-W,Gen Waste,0.139
2008-06-01,Environment & Neighbourhoods,HILLSIDE HOSTEL,1100L-C,Card,0.102
2008-06-01,Environment & Neighbourhoods,HILLSIDE HOSTEL,1100L-W,Gen Waste,0.64
2008-06-01,Environment & Neighbourhoods,KIRKGATE CHAMBERS,360L-C,Card,0.031
2008-06-01,Environment & Neighbourhoods,LEEDS COMMUNITY SAFETY,660L-C,Card,0.067
2008-06-01,Environment & Neighbourhoods,MILLSHAW ENVIRONMENTAL HEALTH OFFICE,1100L-C,Card,0.101
2008-06-01,Environment & Neighbourhoods,MILLSHAW ENVIRONMENTAL HEALTH OFFICE,1100L-W,Gen Waste,0.202
2008-06-01,Environment & Neighbourhoods,PENNINGTON PLACE,1100L-W,Gen Waste,0.619
2008-06-01,Environment & Neighbourhoods,RESETTLEMENT SERVICES,1100L-W,Gen Waste,0.207
2008-06-01,Environment & Neighbourhoods,RICHMOND COURT,1100L-W,Gen Waste,0.83
2008-06-01,Environment & Neighbourhoods,THE HOLLIES,1100L-W,Gen Waste,0.612
2008-06-01,Highways,POTTERY FIELDS DEPOT,1100L-C,Card,0.025
2008-06-01,Highways,POTTERY FIELDS DEPOT,1100L-W,Gen Waste,0.045
2008-06-01,Learning & Leisure,ARDSLEY/TINGLEY LIBRARY,1100L-W,Gen Waste,0.205
2008-06-01,Learning & Leisure,ARMLEY EYC - OUTREACH CENTRE,1100L-W,Gen Waste,0.197
2008-06-01,Learning & Leisure,ARMLEY LASER CENTRE - YS222,1100L-C,Card,0.094
2008-06-01,Learning & Leisure,ARMLEY LASER CENTRE - YS222,1100L-W,Gen Waste,0.212
2008-06-01,Learning & Leisure,ARMLEY MILLS -  MUS174,1100L-W,Gen Waste,0.199
2008-06-01,Learning & Leisure,ARMLEY MILLS -  MUS174,660L-C,Card,0.06
2008-06-01,Learning & Leisure,ARMLEY SPORTS CENTRE - SPO164,1100L-C,Card,0.079
2008-06-01,Learning & Leisure,ARMLEY SPORTS CENTRE - SPO164,1100L-W,Gen Waste,0.811
2008-06-01,Learning & Leisure,BEESTON LIBRARY,660L-C,Card,0.066
2008-06-01,Learning & Leisure,BEESTON LIBRARY,660L-W,Gen Waste,0.147
2008-06-01,Learning & Leisure,BELLE ISLE CENTRE - YS226,1100L-C,Card,0.108
2008-06-01,Learning & Leisure,BELLE ISLE CENTRE - YS226,1100L-W,Gen Waste,0.199
2008-06-01,Learning & Leisure,BOWLS & ATHLETICS SPO16,1100L-C,Card,0.094
2008-06-01,Learning & Leisure,BOWLS & ATHLETICS SPO16,1100L-W,Gen Waste,0.399
2008-06-01,Learning & Leisure,BRAMLEY BATHS - SPO160,1100L-C,Card,0.102
2008-06-01,Learning & Leisure,BRAMLEY BATHS - SPO160,1100L-W,Gen Waste,0.221
2008-06-01,Learning & Leisure,BRAMLEY CENTRE - YS227,1100L-C,Card,0.1
2008-06-01,Learning & Leisure,BRAMLEY CENTRE - YS227,1100L-W,Gen Waste,0.214
2008-06-01,Learning & Leisure,BRAMLEY CHILDRENS CENTRE - EDEYC206,1100L-C,Card,0.091
2008-06-01,Learning & Leisure,BRAMLEY CHILDRENS CENTRE - EDEYC206,1100L-W,Gen Waste,0.223
2008-06-01,Learning & Leisure,BURLEY PARK EYC - U8EYC183,1100L-C,Card,0.103
2008-06-01,Learning & Leisure,BURLEY PARK EYC - U8EYC183,1100L-W,Gen Waste,0.202
2008-06-01,Learning & Leisure,CATERING - CANAL GARDEN,1100L-C,Card,0.144
2008-06-01,Learning & Leisure,CATERING - CANAL GARDEN,1100L-W,Gen Waste,0.814
2008-06-01,Learning & Leisure,CATERING - GOLDEN ACRE PARK,1100L-C,Card,0.105
2008-06-01,Learning & Leisure,CATERING - GOLDEN ACRE PARK,1100L-W,Gen Waste,0.207
2008-06-01,Learning & Leisure,CATERING - TEMPLE NEWSAM PARK,1100L-C,Card,0.101
2008-06-01,Learning & Leisure,CATERING - TEMPLE NEWSAM PARK,1100L-W,Gen Waste,0.629
2008-06-01,Learning & Leisure,CENTRAL LIBRARY - LIB114,1100L-C,Card,0.087
2008-06-01,Learning & Leisure,CENTRAL LIBRARY - LIB114,1100L-W,Gen Waste,1.009
2008-06-01,Learning & Leisure,CHAPEL ALLERTON BR LIBRARY - LIB113,240L-W,Gen Waste,0.072
2008-06-01,Learning & Leisure,CHAPEL ALLERTON CHILDRENS CENTRE,1100L-C,Card,0.096
2008-06-01,Learning & Leisure,CHAPEL ALLERTON CHILDRENS CENTRE,1100L-W,Gen Waste,0.227
2008-06-01,Learning & Leisure,CHAPELTOWN CHILDRENS CENTRE,1100L-C,Card,0.106
2008-06-01,Learning & Leisure,CHAPELTOWN CHILDRENS CENTRE,1100L-W,Gen Waste,0.413
2008-06-01,Learning & Leisure,CITY MUSEUM,1100L-C,Card,0.075
2008-06-01,Learning & Leisure,CITY MUSEUM,1100L-W,Gen Waste,0.2
2008-06-01,Learning & Leisure,COMPTON ROAD LIBRARY - LIB140,660L-W,Gen Waste,0.146
2008-06-01,Learning & Leisure,CONSTRUCTION SKILLS TRAINING CENTRE,1100L-C,Card,0.1
2008-06-01,Learning & Leisure,CONSTRUCTION SKILLS TRAINING CENTRE,1100L-W,Gen Waste,0.207
2008-06-01,Learning & Leisure,CROSSGATES LIBRARY - LIB119,1100L-W,Gen Waste,0.208
2008-06-01,Learning & Leisure,DENIS HEALEY CENTRE - YS232,1100L-W,Gen Waste,0.187
2008-06-01,Learning & Leisure,DOREEN HAMILTON DC - 506 Q884679,1100L-C,Card,0.106
2008-06-01,Learning & Leisure,DOREEN HAMILTON DC - 506 Q884679,1100L-W,Gen Waste,0.437
2008-06-01,Learning & Leisure,DOREEN HAMILTON EYC - SSEYC200,1100L-C,Card,0.079
2008-06-01,Learning & Leisure,DOREEN HAMILTON EYC - SSEYC200,1100L-W,Gen Waste,0.213
2008-06-01,Learning & Leisure,DRIGHLINGTON MEETING HALL - AET144,1100L-W,Gen Waste,0.199
2008-06-01,Learning & Leisure,EAST LEEDS FLC - TRGEYC214,1100L-C,Card,0.192
2008-06-01,Learning & Leisure,EAST LEEDS FLC - TRGEYC214,1100L-W,Gen Waste,1.582
2008-06-01,Learning & Leisure,EAST LEEDS LEISURE CENTRE - SPO158,1100L-C,Card,0.097
2008-06-01,Learning & Leisure,EAST LEEDS LEISURE CENTRE - SPO158,1100L-W,Gen Waste,0.627
2008-06-01,Learning & Leisure,FEARNVILLE SPORTS CENTRE - SPO153,1100L-C,Card,0.113
2008-06-01,Learning & Leisure,FEARNVILLE SPORTS CENTRE - SPO153,1100L-W,Gen Waste,0.404
2008-06-01,Learning & Leisure,FIRTHFIELD EYC - (ANNE FLEGG),1100L-W,Gen Waste,0.196
2008-06-01,Learning & Leisure,GARFORTH LEISURE CENTRE - SPO281,1100L-C,Card,0.093
2008-06-01,Learning & Leisure,GARFORTH LIBRARY (REAR) - LIB110,360L-W,Gen Waste,0.117
2008-06-01,Learning & Leisure,GILDERSOME MEETING HALL DMS - AET14,1100L-W,Gen Waste,0.194
2008-06-01,Learning & Leisure,GOTTS PARK MUNICIPAL GOLF CL - PK16,1100L-W,Gen Waste,0.191
2008-06-01,Learning & Leisure,GUISELEY LIBRARY - LIB106,660L-W,Gen Waste,0.183
2008-06-01,Learning & Leisure,HALTON LIBRARY - LIB139,1100L-W,Gen Waste,0.197
2008-06-01,Learning & Leisure,HAREHILLS CHILDRENS CENTRE,1100L-C,Card,0.108
2008-06-01,Learning & Leisure,HAREHILLS CHILDRENS CENTRE,1100L-W,Gen Waste,0.208
2008-06-01,Learning & Leisure,HAREHILLS JOB SHOP,660L-W,Gen Waste,0.138
2008-06-01,Learning & Leisure,HAWKSWORTH WOOD EYC - TRGEYC217,1100L-C,Card,0.122
2008-06-01,Learning & Leisure,HAWKSWORTH WOOD EYC - TRGEYC217,1100L-W,Gen Waste,0.216
2008-06-01,Learning & Leisure,HEADINGLEY ANN CENTRE - YS238,360L-W,Gen Waste,0.118
2008-06-01,Learning & Leisure,"HERD FARM, ECCUP RESEVIOR - YS241",1100L-C,Card,0.18
2008-06-01,Learning & Leisure,"HERD FARM, ECCUP RESEVIOR - YS241",1100L-W,Gen Waste,0.418
2008-06-01,Learning & Leisure,HOLBECK LIBRARY - LIB137,240L-W,Gen Waste,0.076
2008-06-01,Learning & Leisure,HOLT PARK LEISURE CENTRE - SPO157,1100L-W,Gen Waste,0.621
2008-06-01,Learning & Leisure,HORSFORTH LIBRARY - LIB118,1100L-W,Gen Waste,0.214
2008-06-01,Learning & Leisure,HUNSLET CHILDRENS CENTRE,1100L-C,Card,0.098
2008-06-01,Learning & Leisure,HUNSLET CHILDRENS CENTRE,1100L-W,Gen Waste,0.222
2008-06-01,Learning & Leisure,HUNSLET HALL EYC - U8EYC186,1100L-C,Card,0.1
2008-06-01,Learning & Leisure,HUNSLET HALL EYC - U8EYC186,1100L-W,Gen Waste,0.407
2008-06-01,Learning & Leisure,HUNSLET LAKE - YS243,1100L-W,Gen Waste,0.211
2008-06-01,Learning & Leisure,HUNSLET LIBRARY (REAR) - LIB117,1100L-W,Gen Waste,0.197
2008-06-01,Learning & Leisure,IRELAND WOOD PUBLIC LIBRARY - LIB11,240L-W,Gen Waste,0.071
2008-06-01,Learning & Leisure,JOHN SMEATON LEISURE CENTRE,1100L-C,Card,0.083
2008-06-01,Learning & Leisure,JOHN SMEATON LEISURE CENTRE,1100L-W,Gen Waste,1.257
2008-06-01,Learning & Leisure,KENTMERE EYC - U8EYC187,1100L-C,Card,0.104
2008-06-01,Learning & Leisure,KENTMERE EYC - U8EYC187,1100L-W,Gen Waste,0.412
2008-06-01,Learning & Leisure,KIPPAX LIBRARY - LIB111,240L-W,Gen Waste,0.072
2008-06-01,Learning & Leisure,KIPPAX SPORTS CENTRE - SPO163,1100L-C,Card,0.094
2008-06-01,Learning & Leisure,KIPPAX SPORTS CENTRE - SPO163,1100L-W,Gen Waste,0.392
2008-06-01,Learning & Leisure,KIRKSTALL ABBEY HOUSE MUSEUM - MUS1,1100L-C,Card,0.095
2008-06-01,Learning & Leisure,KIRKSTALL ABBEY HOUSE MUSEUM - MUS1,1100L-W,Gen Waste,0.424
2008-06-01,Learning & Leisure,KIRKSTALL LEISURE CENTRE,1100L-C,Card,0.092
2008-06-01,Learning & Leisure,KIRKSTALL LEISURE CENTRE,1100L-W,Gen Waste,0.402
2008-06-01,Learning & Leisure,LANGBAR EYC - U8EYC189,1100L-C,Card,0.105
2008-06-01,Learning & Leisure,LANGBAR EYC - U8EYC189,1100L-W,Gen Waste,0.214
2008-06-01,Learning & Leisure,LAUREL BANK EYC - SSEYC202,1100L-W,Gen Waste,0.215
2008-06-01,Learning & Leisure,LEEDS MUSEUM DISCOVERY CENTRE,1100L-C,Card,0.081
2008-06-01,Learning & Leisure,LEEDS MUSEUM DISCOVERY CENTRE,660L-W,Gen Waste,0.14
2008-06-01,Learning & Leisure,LEEDS TOWN HALL,1100L-C,Card,0.376
2008-06-01,Learning & Leisure,LEEDS TOWN HALL,1100L-W,Gen Waste,2.08
2008-06-01,Learning & Leisure,LIBRARY HQ - NEW - LIB127,1100L-C,Card,0.089
2008-06-01,Learning & Leisure,LIBRARY HQ - NEW - LIB127,1100L-W,Gen Waste,0.655
2008-06-01,Learning & Leisure,LOTHERTON BIRD GARDEN,1100L-W,Gen Waste,0.436
2008-06-01,Learning & Leisure,LOTHERTON HALL - MUS176,660L-W,Gen Waste,0.147
2008-06-01,Learning & Leisure,MIDDLETON LEISURE CENTRE - SPO159,1100L-C,Card,0.092
2008-06-01,Learning & Leisure,MIDDLETON LEISURE CENTRE - SPO159,1100L-W,Gen Waste,0.412
2008-06-01,Learning & Leisure,MOOR ALLERTON LIBRARY - LIB116,360L-W,Gen Waste,0.13
2008-06-01,Learning & Leisure,MOOR ALLERTON LIBRARY - LIB116,360L-C,Card,0.033
2008-06-01,Learning & Leisure,MORLEY EARLEY YEARS - TRGEYC218,1100L-C,Card,0.088
2008-06-01,Learning & Leisure,MORLEY EARLEY YEARS - TRGEYC218,1100L-W,Gen Waste,0.231
2008-06-01,Learning & Leisure,MORLEY LEISURE CENTRE,1100L-C,Card,0.087
2008-06-01,Learning & Leisure,MORLEY PUBLIC LIBRARY (REAR) - LIB1,1100L-C,Card,0.081
2008-06-01,Learning & Leisure,MORLEY PUBLIC LIBRARY (REAR) - LIB1,360L-W,Gen Waste,0.123
2008-06-01,Learning & Leisure,NEIGHBOURHOOD JOB SHOP,240L-W,Gen Waste,0.055
2008-06-01,Learning & Leisure,NESFIELD OUTREACH - U8EYC191,1100L-W,Gen Waste,0.201
2008-06-01,Learning & Leisure,NEW AQUATICS CENTRE,1100L-C,Card,0.194
2008-06-01,Learning & Leisure,NEW AQUATICS CENTRE,1100L-W,Gen Waste,1.711
2008-06-01,Learning & Leisure,NORTH AREA OFFICE - YS277,1100L-C,Card,0.075
2008-06-01,Learning & Leisure,NORTH AREA OFFICE - YS277,1100L-W,Gen Waste,0.221
2008-06-01,Learning & Leisure,OAKDALE EYC - U8EYC192,1100L-C,Card,0.081
2008-06-01,Learning & Leisure,OAKDALE EYC - U8EYC192,1100L-W,Gen Waste,0.282
2008-06-01,Learning & Leisure,OAKWOOD LIBRARY - LIB125,360L-W,Gen Waste,0.11
2008-06-01,Learning & Leisure,OTLEY LIBRARY - LIB135,360L-W,Gen Waste,0.143
2008-06-01,Learning & Leisure,PARKS & COUNTRYSIDES,1100L-C,Card,0.087
2008-06-01,Learning & Leisure,PARKS & COUNTRYSIDES,1100L-W,Gen Waste,0.421
2008-06-01,Learning & Leisure,PUDSEY CIVIC HALL,1100L-W,Gen Waste,0.217
2008-06-01,Learning & Leisure,PUDSEY CIVIC HALL - CATERING,1100L-C,Card,0.207
2008-06-01,Learning & Leisure,PUDSEY LEISURE CENTRE - SPO161,1100L-C,Card,0.1
2008-06-01,Learning & Leisure,PUDSEY LEISURE CENTRE - SPO161,1100L-W,Gen Waste,0.611
2008-06-01,Learning & Leisure,PUDSEY LIBRARY (REAR) - LIB109,1100L-W,Gen Waste,0.207
2008-06-01,Learning & Leisure,QUARRY MOUNT CHILDRENS CENTRE,1100L-W,Gen Waste,0.227
2008-06-01,Learning & Leisure,RED HALL,1100L-C,Card,0.173
2008-06-01,Learning & Leisure,RICHMOND HILL EYC - U8EYC193,1100L-W,Gen Waste,0.409
2008-06-01,Learning & Leisure,RICHMOND HILL SPORTS HALL - SPO155,1100L-W,Gen Waste,0.207
2008-06-01,Learning & Leisure,ROSEVILLE CENTRE - TRGEYC284,1100L-W,Gen Waste,0.214
2008-06-01,Learning & Leisure,ROTHWELL LC - SPO279,1100L-C,Card,0.106
2008-06-01,Learning & Leisure,ROTHWELL LIBRARY - LIB104,360L-W,Gen Waste,0.115
2008-06-01,Learning & Leisure,ROUNDHAY MANSION,1100L-C,Card,0.091
2008-06-01,Learning & Leisure,ROUNDHAY MANSION,660L-W,Gen Waste,0.139
2008-06-01,Learning & Leisure,SAILING CENTRE - SPO282,660L-W,Gen Waste,0.145
2008-06-01,Learning & Leisure,SCHOOLS LIBRARY SERVICE,1100L-W,Gen Waste,0.193
2008-06-01,Learning & Leisure,SCOTHALL SPORTS CENTRE - SPO152,1100L-C,Card,0.0
2008-06-01,Learning & Leisure,SCOTHALL SPORTS CENTRE - SPO152,1100L-W,Gen Waste,0.822
2008-06-01,Learning & Leisure,SCOTT HALL EYC - U8EYC195,1100L-C,Card,0.098
2008-06-01,Learning & Leisure,SCOTT HALL EYC - U8EYC195,1100L-W,Gen Waste,0.207
2008-06-01,Learning & Leisure,SEACROFT CC - U8EYC196,1100L-C,Card,0.085
2008-06-01,Learning & Leisure,SEACROFT CC - U8EYC196,1100L-W,Gen Waste,0.197
2008-06-01,Learning & Leisure,SEACROFT LIBRARY (SIDE) - LIB107,1100L-W,Gen Waste,0.218
2008-06-01,Learning & Leisure,SHEPHERD LANE EYC - U8EYC197,1100L-W,Gen Waste,0.21
2008-06-01,Learning & Leisure,SOUTH LEEDS STADIUM,1100L-C,Card,0.193
2008-06-01,Learning & Leisure,SOUTH LEEDS STADIUM,1100L-W,Gen Waste,2.517
2008-06-01,Learning & Leisure,SPRINGFIELD EYC,1100L-W,Gen Waste,0.332
2008-06-01,Learning & Leisure,ST LAWRENCE HOUSE EYC - U8EYC198,1100L-C,Card,0.073
2008-06-01,Learning & Leisure,ST LAWRENCE HOUSE EYC - U8EYC198,1100L-W,Gen Waste,0.213
2008-06-01,Learning & Leisure,TECHNORTH EYC - TRGEYC212,1100L-C,Card,0.157
2008-06-01,Learning & Leisure,TECHNORTH EYC - TRGEYC212,1100L-W,Gen Waste,0.857
2008-06-01,Learning & Leisure,TEMPLE NEWSAM HOUSE - MUS175,1100L-C,Card,0.083
2008-06-01,Learning & Leisure,TEMPLE NEWSAM HOUSE - MUS175,1100L-W,Gen Waste,0.213
2008-06-01,Learning & Leisure,THWAITE MILLS - MUS173,1100L-C,Card,0.084
2008-06-01,Learning & Leisure,THWAITE MILLS - MUS173,1100L-W,Gen Waste,0.208
2008-06-01,Learning & Leisure,TREETOPS COMMUNITY CENTRE,360L-W,Gen Waste,0.116
2008-06-01,Learning & Leisure,TUNSTALL ROAD CENTRE - YS270,1100L-C,Card,0.074
2008-06-01,Learning & Leisure,TUNSTALL ROAD CENTRE - YS270,1100L-W,Gen Waste,0.208
2008-06-01,Learning & Leisure,TWO WILLOWS EYC - U8EYC199,1100L-C,Card,0.086
2008-06-01,Learning & Leisure,TWO WILLOWS EYC - U8EYC199,1100L-W,Gen Waste,0.402
2008-06-01,Learning & Leisure,WEST LEEDS FLC - TRGEYC211,1100L-C,Card,0.069
2008-06-01,Learning & Leisure,WEST LEEDS FLC - TRGEYC211,1100L-W,Gen Waste,0.396
2008-06-01,Learning & Leisure,WETHERBY LEISURE CENTRE - SPO156,1100L-W,Gen Waste,0.416
2008-06-01,Learning & Leisure,WETHERBY LIBRARY - LIB108,360L-W,Gen Waste,0.117
2008-06-01,Learning & Leisure,WINDMILL CHILDRENS CENTRE - U8EYC28,1100L-C,Card,0.093
2008-06-01,Learning & Leisure,WINDMILL CHILDRENS CENTRE - U8EYC28,1100L-W,Gen Waste,0.41
2008-06-01,Learning & Leisure,YEADON LIBRARY - LIB219,360L-W,Gen Waste,0.125
2008-06-01,Resources,CITY SERVICES - PROPERTY MAINTENANC,1100L-C,Card,0.195
2008-06-01,Resources,CITY SERVICES - PROPERTY MAINTENANC,1100L-W,Gen Waste,0.429
2008-06-01,Resources,CLEANING & SERVICES(CITY PRINT),1100L-W,Gen Waste,0.576
2008-06-01,Resources,SECURITY SERVICES,1100L-W,Gen Waste,0.213
2008-06-01,Resources,TRANSPORT AGENCY 36370,1100L-C,Card,0.089
2008-06-01,Resources,TRANSPORT AGENCY 36370,1100L-W,Gen Waste,0.421
2008-06-01,Resources,WESTLAND ROAD DEPOT 77400,1100L-C,Card,0.087
2008-06-01,Resources,WESTLAND ROAD DEPOT 77400,1100L-W,Gen Waste,0.218
2008-06-01,Social Care,15 LAVENDER WALK,660L-C,Card,0.062
2008-06-01,Social Care,15 LAVENDER WALK,660L-W,Gen Waste,0.14
2008-06-01,Social Care,ACORN LODGE - Q890207,1100L-W,Gen Waste,0.202
2008-06-01,Social Care,AMBERTON COURT - S065890,1100L-C,Card,0.097
2008-06-01,Social Care,AMBERTON COURT - S065890,1100L-W,Gen Waste,0.662
2008-06-01,Social Care,APNA DAY CENTRE - S064100,1100L-W,Gen Waste,0.21
2008-06-01,Social Care,BAILEYS HOUSE - 238 - Q888998,1100L-C,Card,0.086
2008-06-01,Social Care,BAILEYS HOUSE - 238 - Q888998,1100L-W,Gen Waste,0.618
2008-06-01,Social Care,BELLE ISLE NEIGHBOURHOOD CENTRE - 9,660L-W,Gen Waste,0.286
2008-06-01,Social Care,BEWERLEY CROFT - 255 - S064200,1100L-C,Card,0.112
2008-06-01,Social Care,BEWERLEY CROFT - 255 - S064200,1100L-W,Gen Waste,0.414
2008-06-01,Social Care,BODMIN ROAD 2 - 81,660L-W,Gen Waste,0.147
2008-06-01,Social Care,BODMIN ROAD 4 - 70,660L-W,Gen Waste,0.154
2008-06-01,Social Care,BRAMLEY LAWN DC - S063921,1100L-W,Gen Waste,0.185
2008-06-01,Social Care,BRAMLEY TC - 362 - S066251,1100L-C,Card,0.098
2008-06-01,Social Care,BRAMLEY TC - 362 - S066251,1100L-W,Gen Waste,0.411
2008-06-01,Social Care,BROOKSBANK - 141 Q893778,1100L-C,Card,0.077
2008-06-01,Social Care,BROOKSBANK - 141 Q893778,1100L-W,Gen Waste,0.452
2008-06-01,Social Care,BROOM COURT - 242 S066401,1100L-C,Card,0.079
2008-06-01,Social Care,BROOM COURT - 242 S066401,1100L-W,Gen Waste,0.593
2008-06-01,Social Care,BURLEY WILLOWS - 170 - S064513,1100L-C,Card,0.09
2008-06-01,Social Care,BURLEY WILLOWS - 170 - S064513,1100L-W,Gen Waste,0.422
2008-06-01,Social Care,BURLEY WILLOWS DC - 523,1100L-W,Gen Waste,0.191
2008-06-01,Social Care,CALVERLANDS DC - 516,1100L-C,Card,0.099
2008-06-01,Social Care,CALVERLANDS DC - 516,1100L-W,Gen Waste,0.202
2008-06-01,Social Care,CLIFFORD BROOKE CTR 327 - Q897660,1100L-C,Card,0.09
2008-06-01,Social Care,CLIFFORD BROOKE CTR 327 - Q897660,1100L-W,Gen Waste,0.617
2008-06-01,Social Care,COTTINGLEY COURT - 253,1100L-W,Gen Waste,0.604
2008-06-01,Social Care,CRISIS CENTRE - 353 - Q900405,1100L-C,Card,0.085
2008-06-01,Social Care,CRISIS CENTRE - 353 - Q900405,1100L-W,Gen Waste,0.222
2008-06-01,Social Care,CROSSGATES LIBRARY,1100L-C,Card,0.093
2008-06-01,Social Care,DELPH MANOR - 230 - Q829527,1100L-W,Gen Waste,0.868
2008-06-01,Social Care,DOLPHIN MANOR - S065663,1100L-C,Card,0.09
2008-06-01,Social Care,DOLPHIN MANOR - S065663,1100L-W,Gen Waste,0.616
2008-06-01,Social Care,EASDALE CLOSE,360L-W,Gen Waste,0.247
2008-06-01,Social Care,EAST LEEDS FAMILY RC  Q874041,1100L-W,Gen Waste,0.223
2008-06-01,Social Care,EASTMOOR CSU - 126 - S066405,1100L-C,Card,0.193
2008-06-01,Social Care,EASTMOOR CSU - 126 - S066405,1100L-W,Gen Waste,1.233
2008-06-01,Social Care,FAIRVIEW - S066039,1100L-C,Card,0.082
2008-06-01,Social Care,FAIRVIEW - S066039,1100L-W,Gen Waste,0.409
2008-06-01,Social Care,FARFIELD DC - S063922,660L-W,Gen Waste,0.144
2008-06-01,Social Care,FIRTHFIELDS DC - S065781,1100L-C,Card,0.081
2008-06-01,Social Care,FIRTHFIELDS DC - S065781,1100L-W,Gen Waste,0.232
2008-06-01,Social Care,FREDERICK HURDLE DC - 509 Q894243,1100L-C,Card,0.095
2008-06-01,Social Care,FREDERICK HURDLE DC - 509 Q894243,1100L-W,Gen Waste,0.22
2008-06-01,Social Care,GANNERS GREEN - 66 - Q874398,360L-W,Gen Waste,0.237
2008-06-01,Social Care,GRANGE COURT - S063964,1100L-C,Card,0.111
2008-06-01,Social Care,GRANGE COURT - S063964,1100L-W,Gen Waste,0.417
2008-06-01,Social Care,GREEN THE - 176 - S066593,1100L-W,Gen Waste,0.392
2008-06-01,Social Care,GREEN THE DC - S066593,1100L-C,Card,0.112
2008-06-01,Social Care,GREEN THE DC - S066593,1100L-W,Gen Waste,0.219
2008-06-01,Social Care,HARRY BOOTH HOUSE - S063957,1100L-C,Card,0.098
2008-06-01,Social Care,HARRY BOOTH HOUSE - S063957,1100L-W,Gen Waste,0.639
2008-06-01,Social Care,HEALEY CROFT - 229,1100L-W,Gen Waste,0.426
2008-06-01,Social Care,HOLBECK DC - S063712,1100L-C,Card,0.075
2008-06-01,Social Care,HOLBECK DC - S063712,1100L-W,Gen Waste,0.203
2008-06-01,Social Care,HOME LEA HOUSE - S064059,1100L-C,Card,0.076
2008-06-01,Social Care,HOME LEA HOUSE - S064059,1100L-W,Gen Waste,0.597
2008-06-01,Social Care,HORSFORTH - 359 - Q895809,1100L-C,Card,0.076
2008-06-01,Social Care,HORSFORTH - 359 - Q895809,1100L-W,Gen Waste,0.412
2008-06-01,Social Care,HOUGH LANE CENTRE,1100L-C,Card,0.119
2008-06-01,Social Care,HOUGH LANE CENTRE,1100L-W,Gen Waste,0.448
2008-06-01,Social Care,HUNSLET HALL - 6,1100L-W,Gen Waste,0.399
2008-06-01,Social Care,HUNSLET HALL - 6,660L-C,Card,0.061
2008-06-01,Social Care,INGLEWOOD - 46 - S066331,1100L-W,Gen Waste,0.527
2008-06-01,Social Care,IVESON APPROACH - 68 - Q882007,1100L-W,Gen Waste,0.212
2008-06-01,Social Care,JOSEPH STREET - 239 - S066530,1100L-W,Gen Waste,0.402
2008-06-01,Social Care,KIRKLAND HOUSE - 164 - S064209,1100L-C,Card,0.098
2008-06-01,Social Care,KIRKLAND HOUSE - 164 - S064209,1100L-W,Gen Waste,0.416
2008-06-01,Social Care,KNOWLE MANOR - S064208,1100L-W,Gen Waste,0.62
2008-06-01,Social Care,LAUREL BANK DC - S066161,1100L-C,Card,0.091
2008-06-01,Social Care,LAUREL BANK DC - S066161,1100L-W,Gen Waste,0.214
2008-06-01,Social Care,LEE GRANGE - 251,1100L-W,Gen Waste,0.621
2008-06-01,Social Care,LEE GRANGE - 251,240L-W,Gen Waste,1.02
2008-06-01,Social Care,LEEDS CTR INTERGR LIV - 340 Q892988,1100L-C,Card,0.092
2008-06-01,Social Care,LEEDS CTR INTERGR LIV - 340 Q892988,1100L-W,Gen Waste,0.445
2008-06-01,Social Care,LINCOLNFIELDS DC - 501 - S063821,1100L-C,Card,0.082
2008-06-01,Social Care,LINCOLNFIELDS DC - 501 - S063821,1100L-W,Gen Waste,0.203
2008-06-01,Social Care,LUTTRELL CRESCENT - 72,660L-W,Gen Waste,0.149
2008-06-01,Social Care,MANORFIELD HOUSE - 161 - Q897775,1100L-C,Card,0.098
2008-06-01,Social Care,MANORFIELD HOUSE - 161 - Q897775,1100L-W,Gen Waste,0.421
2008-06-01,Social Care,MARINERS DC - 332 - S066141,1100L-C,Card,0.09
2008-06-01,Social Care,MARINERS DC - 332 - S066141,1100L-W,Gen Waste,0.412
2008-06-01,Social Care,MAWCROFT GRANGE - 234,1100L-W,Gen Waste,0.409
2008-06-01,Social Care,MIDDLECROSS - HOP,1100L-W,Gen Waste,0.391
2008-06-01,Social Care,MIDDLECROSS DC - 512 - S065939,1100L-C,Card,0.092
2008-06-01,Social Care,MIDDLECROSS DC - 512 - S065939,1100L-W,Gen Waste,0.228
2008-06-01,Social Care,MIDDLETON ADVICE CENTRE - 594,1100L-C,Card,0.105
2008-06-01,Social Care,MIDDLETON ADVICE CENTRE - 594,1100L-W,Gen Waste,0.205
2008-06-01,Social Care,MOOR END TC - 358 - Q896765,1100L-C,Card,0.076
2008-06-01,Social Care,MOOR END TC - 358 - Q896765,1100L-W,Gen Waste,0.401
2008-06-01,Social Care,MUSGRAVE COURT - 168 - S066540,1100L-W,Gen Waste,0.434
2008-06-01,Social Care,NABURN COURT DC - 316 - S066370,1100L-C,Card,0.093
2008-06-01,Social Care,NABURN COURT DC - 316 - S066370,1100L-W,Gen Waste,0.212
2008-06-01,Social Care,NORTHWEST LEEDS FAMILY RC - 69,240L-W,Gen Waste,0.126
2008-06-01,Social Care,OLD MIDDLETON OFFICE,1100L-W,Gen Waste,0.21
2008-06-01,Social Care,OSMONDTHORPE RES CTR - 331 Q892091,1100L-C,Card,0.095
2008-06-01,Social Care,OSMONDTHORPE RES CTR - 331 Q892091,1100L-W,Gen Waste,0.442
2008-06-01,Social Care,PARKLEES HOP -,1100L-C,Card,0.091
2008-06-01,Social Care,PARKLEES HOP -,1100L-W,Gen Waste,0.422
2008-06-01,Social Care,PINFOLDS - 243,1100L-C,Card,0.086
2008-06-01,Social Care,PINFOLDS - 243,1100L-W,Gen Waste,0.44
2008-06-01,Social Care,POTTERNEWTON - 367 - S063891,1100L-W,Gen Waste,0.627
2008-06-01,Social Care,PRIMROSE HILL - 171 S065699,1100L-W,Gen Waste,0.431
2008-06-01,Social Care,QUEENSWOOD DRIVE DC - S065697,1100L-C,Card,0.085
2008-06-01,Social Care,QUEENSWOOD DRIVE DC - S065697,660L-W,Gen Waste,0.153
2008-06-01,Social Care,RADCLIFFE LANE DC -  S066696,1100L-C,Card,0.094
2008-06-01,Social Care,RADCLIFFE LANE DC -  S066696,1100L-W,Gen Waste,0.201
2008-06-01,Social Care,RAMSHEAD WOOD - 363,1100L-C,Card,0.1
2008-06-01,Social Care,RAMSHEAD WOOD - 363,1100L-W,Gen Waste,0.414
2008-06-01,Social Care,RAYNELL DRIVE - 444 Q862300,660L-W,Gen Waste,0.139
2008-06-01,Social Care,RICHMOND HILL DC - 322 S063822,1100L-W,Gen Waste,0.214
2008-06-01,Social Care,RICHMOND HOUSE - S065911,1100L-W,Gen Waste,0.66
2008-06-01,Social Care,RIDGESIDE,1100L-W,Gen Waste,0.615
2008-06-01,Social Care,RIDGESIDE,240L-W,Gen Waste,0.129
2008-06-01,Social Care,RIDGESIDE - BETHANY,240L-W,Gen Waste,0.072
2008-06-01,Social Care,RIDGESIDE - HALFWAY HOUSE,240L-W,Gen Waste,0.058
2008-06-01,Social Care,ROOS COURT - 235 - Q859440,1100L-W,Gen Waste,0.423
2008-06-01,Social Care,ROSE FARM DC - 314 - Q880559,1100L-C,Card,0.093
2008-06-01,Social Care,ROSE FARM DC - 314 - Q880559,1100L-W,Gen Waste,0.413
2008-06-01,Social Care,ROSSEDENE - 231 - Q849090,1100L-W,Gen Waste,0.624
2008-06-01,Social Care,ROTHWELL- A T C - S064341,1100L-C,Card,0.098
2008-06-01,Social Care,ROTHWELL- A T C - S064341,1100L-C,Card,0.105
2008-06-01,Social Care,ROTHWELL- A T C - S064341,1100L-W,Gen Waste,0.396
2008-06-01,Social Care,SIEGEN DC 325 - S064988,1100L-W,Gen Waste,0.206
2008-06-01,Social Care,SIEGEN MANOR HOP AND CENTRE - 169,1100L-C,Card,0.084
2008-06-01,Social Care,SIEGEN MANOR HOP AND CENTRE - 169,1100L-W,Gen Waste,0.422
2008-06-01,Social Care,SPEN CROFT HOSTEL - Q884463,1100L-C,Card,0.102
2008-06-01,Social Care,SPEN CROFT HOSTEL - Q884463,1100L-W,Gen Waste,0.226
2008-06-01,Social Care,SPEN CROFT HOSTEL - Q884463,1100L-W,Gen Waste,0.212
2008-06-01,Social Care,SPRING GARDENS - 162 Q895017,1100L-W,Gen Waste,0.531
2008-06-01,Social Care,SPRING GARDENS ANNEXE - S063961,1100L-W,Gen Waste,0.266
2008-06-01,Social Care,SPRINGFIELD DC - 519 - S066010,1100L-C,Card,0.104
2008-06-01,Social Care,SPRINGFIELD DC - 519 - S066010,1100L-W,Gen Waste,0.2
2008-06-01,Social Care,SQUIRREL WAY - 82 Q892331,1100L-C,Card,0.096
2008-06-01,Social Care,SQUIRREL WAY - 82 Q892331,1100L-W,Gen Waste,0.837
2008-06-01,Social Care,ST CATHERINES DRIVE - 77,1100L-W,Gen Waste,0.226
2008-06-01,Social Care,STOCKS HILL DC - 345 Q878493,1100L-C,Card,0.091
2008-06-01,Social Care,STOCKS HILL DC - 345 Q878493,1100L-W,Gen Waste,0.21
2008-06-01,Social Care,SUFFOLK COURT - 137 - Q894346,1100L-C,Card,0.082
2008-06-01,Social Care,SUFFOLK COURT - 137 - Q894346,1100L-W,Gen Waste,0.419
2008-06-01,Social Care,TEMPLARS CROFT - 233 - S065942,1100L-W,Gen Waste,0.401
2008-06-01,Social Care,THE VALE DC - 347 - S064298,1100L-C,Card,0.101
2008-06-01,Social Care,THE VALE DC - 347 - S064298,1100L-W,Gen Waste,0.197
2008-06-01,Social Care,WEST ARDSLEY  ATC- S065913,1100L-C,Card,0.106
2008-06-01,Social Care,WEST ARDSLEY  ATC- S065913,1100L-W,Gen Waste,0.821
2008-06-01,Social Care,WETHERBY DAY SERVICES - S065123,1100L-W,Gen Waste,0.424
2008-06-01,Social Care,WHITE ROSE HOUSE - 2,1100L-C,Card,0.108
2008-06-01,Social Care,WHITE ROSE HOUSE - 2,1100L-W,Gen Waste,0.437
2008-06-01,Social Care,WINDLESFORD GREEN - 232,1100L-W,Gen Waste,0.424
2008-06-01,Social Care,WOOD LANE,1100L-W,Gen Waste,0.217
2008-06-01,Social Care,WOOD LANE,1100L-W,Gen Waste,0.205
2008-06-01,Social Care,WOODHOUSE DC - S063840,1100L-C,Card,0.083
2008-06-01,Social Care,WOODHOUSE DC - S063840,1100L-W,Gen Waste,0.237
2008-06-01,Social Care,WYKEBECK VALLEY DC - 317,1100L-C,Card,0.067
2008-06-01,Social Care,WYKEBECK VALLEY DC - 317,1100L-W,Gen Waste,0.229
2008-06-01,Social Care,YOUTH JUSTICE SERVICE,1100L-W,Gen Waste,0.199
2008-06-01,Social Care,YOUTH OFFENDING TEAM,1100L-C,Card,0.1
2008-06-01,Social Care,YOUTH OFFENDING TEAM,1100L-W,Gen Waste,0.222
2008-06-01,TBC,CITY ART GALLERY - MUS285,1100L-W,Gen Waste,0.646
2008-06-01,TBC,LEEDS C C - EVENTS TEAM,1100L-W,Gen Waste,2.22
2008-06-01,TBC,LEEDS C C - EVENTS TEAM,240L-W,Gen Waste,5.09
2008-06-01,TBC,LEEDS C C - EVENTS TEAM,360L-W,Gen Waste,1.078
2008-06-01,TBC,WESTHOLME - 183 - S066464,1100L-C,Card,0.096
2008-06-01,TBC,WESTHOLME - 183 - S066464,1100L-W,Gen Waste,0.42
2008-06-01,W ALMO,BRAMLEY NHO,1100L-W,Gen Waste,0.229
2008-06-01,W ALMO,HORSFORTH NHO,660L-W,Gen Waste,0.131
2008-06-01,W ALMO,HOUSING REGISTER,360L-W,Gen Waste,0.126
2008-06-01,W ALMO,KIRKSTALL NHO,1100L-W,Gen Waste,0.203
2008-06-01,W ALMO,PROGRESS HOUSE,1100L-W,Gen Waste,0.218
2008-06-01,W ALMO,SILVER ROYD HILL,1100L-W,Gen Waste,0.245
2008-06-01,W ALMO,WEETWOOD NHO,360L-W,Gen Waste,0.116
2008-06-01,W ALMO,WESTFIELD CHAMBERS,1100L-W,Gen Waste,0.224
2008-07-01,AIRE ALMO,"NAVAGATION HOUSE, LEEDS SOUTH HOMES",1100L-C,Card,0.098
2008-07-01,AIRE ALMO,"NAVAGATION HOUSE, LEEDS SOUTH HOMES",1100L-W,Gen Waste,0.547
2008-07-01,AIRE ALMO,SWARCLIFFE NHO,1100L-C,Card,0.122
2008-07-01,AIRE ALMO,SWARCLIFFE NHO,1100L-W,Gen Waste,0.254
2008-07-01,City Development,ARKITECTURAL DESIGN,1100L-C,Card,0.089
2008-07-01,City Development,ARKITECTURAL DESIGN,1100L-W,Gen Waste,0.522
2008-07-01,City Development,PUDSEY MARKETS,1100L-C,Card,1.143
2008-07-01,City Development,PUDSEY MARKETS,1100L-W,Gen Waste,2.714
2008-07-01,City Development,TAXI LICENSING,1100L-C,Card,0.086
2008-07-01,City Development,TAXI LICENSING,1100L-W,Gen Waste,0.263
2008-07-01,City Services,AIREBOROUGH NEW ROADSIDE 03044,1100L-C,Card,0.184
2008-07-01,City Services,AIREBOROUGH NEW ROADSIDE 03044,1100L-W,Gen Waste,0.198
2008-07-01,City Services,ALLERTON BYWATER CENTRE - YS220,360L-W,Gen Waste,0.122
2008-07-01,City Services,ALSTON LANE CENTRE - YS221,660L-W,Gen Waste,0.184
2008-07-01,City Services,APEX HOUSE,1100L-C,Card,0.156
2008-07-01,City Services,APEX HOUSE,1100L-W,Gen Waste,0.91
2008-07-01,City Services,APEX HOUSE,660L-C,Card,0.053
2008-07-01,City Services,ARMLEY OSC 03082,1100L-C,Card,0.097
2008-07-01,City Services,ARMLEY OSC 03082,1100L-W,Gen Waste,0.274
2008-07-01,City Services,BANGLADESHI CENTRE - YS223,1100L-C,Card,0.088
2008-07-01,City Services,BANGLADESHI CENTRE - YS223,1100L-W,Gen Waste,0.557
2008-07-01,City Services,BARLEYFIELDS CENTRE - YS224,660L-W,Gen Waste,0.182
2008-07-01,City Services,BELGRAVE HOUSE,1100L-C,Card,0.16
2008-07-01,City Services,BELGRAVE HOUSE,1100L-W,Gen Waste,0.521
2008-07-01,City Services,BLACKBURN HALL - AET143,1100L-W,Gen Waste,0.425
2008-07-01,City Services,BOSTON SPA CENTRE - YS226,660L-W,Gen Waste,0.188
2008-07-01,City Services,CANON HOUSE 03025,1100L-C,Card,0.074
2008-07-01,City Services,CANON HOUSE 03026,1100L-W,Gen Waste,0.465
2008-07-01,City Services,CANON HOUSE 03027,1100L-W,Gen Waste,0.505
2008-07-01,City Services,CATERING - BEESTON PRIMARY,1100L-W,Gen Waste,0.215
2008-07-01,City Services,CIVIC HALL - CITY SERVICES DEPT,660L-C,Card,0.592
2008-07-01,City Services,CIVIC HALL - CITY SERVICES DEPT,660L-W,Gen Waste,3.233
2008-07-01,City Services,CROSS GREEN CENTRE - YS230,1100L-W,Gen Waste,0.214
2008-07-01,City Services,CROSSGATES CENTRE - YS231,1100L-C,Card,0.103
2008-07-01,City Services,CROSSGATES CENTRE - YS231,1100L-W,Gen Waste,0.249
2008-07-01,City Services,DEWSBURY ROAD OSC 03083,1100L-C,Card,0.101
2008-07-01,City Services,DEWSBURY ROAD OSC 03083,1100L-W,Gen Waste,0.478
2008-07-01,City Services,EBOR GARDENS COMM CENT- YS233,1100L-C,Card,0.098
2008-07-01,City Services,EBOR GARDENS COMM CENT- YS233,1100L-W,Gen Waste,0.236
2008-07-01,City Services,EVOLUTION HOUSE,1100L-C,Card,0.092
2008-07-01,City Services,EVOLUTION HOUSE,1100L-W,Gen Waste,0.53
2008-07-01,City Services,FIELDHEAD CARR CENTRE - YS234,660L-W,Gen Waste,0.182
2008-07-01,City Services,FIR TREE SCHOOL,1100L-W,Gen Waste,2.105
2008-07-01,City Services,GARFORTH OSC - MAIN STREET 03051,1100L-C,Card,0.093
2008-07-01,City Services,GARFORTH OSC - MAIN STREET 03051,1100L-W,Gen Waste,0.212
2008-07-01,City Services,GILDERSOME YOUTH CENTRE,1100L-W,Gen Waste,0.245
2008-07-01,City Services,HAREHILLS PLACE COMMUNITY CENTRE,1100L-W,Gen Waste,0.248
2008-07-01,City Services,HEADINGLEY COMMUNITY CENTRE,1100L-W,Gen Waste,0.209
2008-07-01,City Services,HENRY BARRAN CENTRE - YS240,1100L-C,Card,0.101
2008-07-01,City Services,HENRY BARRAN CENTRE - YS240,1100L-W,Gen Waste,0.516
2008-07-01,City Services,HOLBECK YOUTH CENTRE,1100L-W,Gen Waste,0.212
2008-07-01,City Services,HOUGH TOP COURT 03027,1100L-C,Card,0.089
2008-07-01,City Services,HOUGH TOP COURT 03027,1100L-W,Gen Waste,0.915
2008-07-01,City Services,KENTMERE CENTRE - YS244,1100L-C,Card,0.079
2008-07-01,City Services,KENTMERE CENTRE - YS244,1100L-W,Gen Waste,0.248
2008-07-01,City Services,KIPPAX YOUTH CENTRE,660L-W,Gen Waste,0.144
2008-07-01,City Services,KNOWSTHORPE GATE SUPPORT SER 43390,1100L-C,Card,0.205
2008-07-01,City Services,LANDMARK COURT,1100L-C,Card,0.078
2008-07-01,City Services,LANDMARK COURT,1100L-W,Gen Waste,0.199
2008-07-01,City Services,LINCOLN GREEN YOUTH CENTRE,1100L-W,Gen Waste,0.268
2008-07-01,City Services,LITTLE LONDON COMMUNITY CENTRE,1100L-W,Gen Waste,0.194
2008-07-01,City Services,MANDELA CENTRE,1100L-C,Card,0.093
2008-07-01,City Services,MANDELA CENTRE,1100L-W,Gen Waste,0.395
2008-07-01,City Services,MEANWOOD COMMUNITY CENTRE,1100L-W,Gen Waste,0.232
2008-07-01,City Services,MERRION HOUSE,1100L-C,Card,0.381
2008-07-01,City Services,MERRION HOUSE,1100L-W,Gen Waste,4.546
2008-07-01,City Services,MERRION HOUSE,360L-C,Card,0.169
2008-07-01,City Services,MERRION HOUSE,660L-C,Card,0.355
2008-07-01,City Services,METHLEY CENTRE,1100L-W,Gen Waste,0.191
2008-07-01,City Services,MICKLEFIELD YOUTH CENTRE,1100L-W,Gen Waste,0.226
2008-07-01,City Services,MIDDLETON PARK HIGHWAYS 03034,1100L-C,Card,0.342
2008-07-01,City Services,MIDDLETON PARK HIGHWAYS 03034,1100L-W,Gen Waste,1.052
2008-07-01,City Services,MIDDLETON SKILLS CENTRE - YS253,1100L-C,Card,0.081
2008-07-01,City Services,MIDDLETON SKILLS CENTRE - YS253,1100L-W,Gen Waste,0.242
2008-07-01,City Services,MORLEY TOWN HALL 03060,1100L-C,Card,0.135
2008-07-01,City Services,MORLEY TOWN HALL 03060,1100L-W,Gen Waste,0.397
2008-07-01,City Services,NOWELL MOUNT CENTRE - YS254,1100L-W,Gen Waste,0.249
2008-07-01,City Services,OLD COCKBURN SPORTS HALL,1100L-W,Gen Waste,0.219
2008-07-01,City Services,OSMONDTHORPE OSC 03085,1100L-C,Card,0.08
2008-07-01,City Services,OSMONDTHORPE OSC 03085,1100L-W,Gen Waste,0.507
2008-07-01,City Services,OTLEY A O 03066,1100L-W,Gen Waste,0.205
2008-07-01,City Services,PAKISTANI CENTRE - YS256,1100L-C,Card,0.1
2008-07-01,City Services,PALACE PROJECT - YS257,1100L-W,Gen Waste,0.256
2008-07-01,City Services,PRINCE PHILLIP CENTRE - YS258,1100L-C,Card,0.076
2008-07-01,City Services,PRINCE PHILLIP CENTRE - YS258,1100L-W,Gen Waste,0.421
2008-07-01,City Services,PUDSEY TOWN HALL 03071,1100L-W,Gen Waste,0.678
2008-07-01,City Services,PUDSEY TOWN HALL 03071,660L-C,Card,0.121
2008-07-01,City Services,RICHMOND HILL CENTRE - YS259,1100L-W,Gen Waste,0.272
2008-07-01,City Services,RICHMOND HILL CENTRE - YS259,660L-W,Gen Waste,0.185
2008-07-01,City Services,ROSE LUND CENTRE - YS260,660L-W,Gen Waste,0.134
2008-07-01,City Services,ROTHWELL A O - 03074,1100L-C,Card,0.096
2008-07-01,City Services,ROTHWELL A O - 03074,1100L-W,Gen Waste,0.221
2008-07-01,City Services,SOUTH GIPTON CENTRE - YS263,1100L-W,Gen Waste,0.263
2008-07-01,City Services,SOUTH LEEDS FLC,1100L-C,Card,0.096
2008-07-01,City Services,SOUTH LEEDS FLC,1100L-W,Gen Waste,1.447
2008-07-01,City Services,SOUTH SEACROFT OSC,1100L-C,Card,0.093
2008-07-01,City Services,SOUTH SEACROFT OSC,660L-C,Card,0.112
2008-07-01,City Services,SOUTH SEACROFT OSC,660L-W,Gen Waste,0.541
2008-07-01,City Services,ST GABRIELS CENTRE - YS264,660L-W,Gen Waste,0.144
2008-07-01,City Services,ST GEORGES CENTRE 03036,1100L-C,Card,0.199
2008-07-01,City Services,ST GEORGES CENTRE 03036,1100L-W,Gen Waste,0.467
2008-07-01,City Services,ST GREGORYS Y & A CENTRE,1100L-C,Card,0.12
2008-07-01,City Services,ST GREGORYS Y & A CENTRE,1100L-W,Gen Waste,0.27
2008-07-01,City Services,ST MATTHEWS CENTRE - YS266,1100L-W,Gen Waste,0.223
2008-07-01,City Services,STANHOPE DRIVE YOUTH CENTRE,660L-W,Gen Waste,0.144
2008-07-01,City Services,STRAWBERRY LANE CENTRE - YS268,1100L-C,Card,0.084
2008-07-01,City Services,STRAWBERRY LANE CENTRE - YS268,1100L-W,Gen Waste,0.271
2008-07-01,City Services,THE LEONARDO BUILDING 03020,1100L-C,Card,0.172
2008-07-01,City Services,THE LEONARDO BUILDING 03020,1100L-W,Gen Waste,1.13
2008-07-01,City Services,THORESBY HOUSE 03017,1100L-C,Card,0.342
2008-07-01,City Services,THORESBY HOUSE 03017,1100L-W,Gen Waste,2.3
2008-07-01,City Services,TINGLEY YOUTH & COMMUNITY CENTRE,660L-W,Gen Waste,0.138
2008-07-01,City Services,WELFARE RIGHTS UNIT,1100L-W,Gen Waste,0.244
2008-07-01,City Services,WESTON LANE CENTRE - YS272,1100L-W,Gen Waste,0.197
2008-07-01,City Services,WETHERBY A O 03078,1100L-W,Gen Waste,0.258
2008-07-01,City Services,WINDMILL YOUTH CENTRE,1100L-W,Gen Waste,0.211
2008-07-01,City Services,WOODHOUSE COMMUNITY CENTRE,1100L-W,Gen Waste,0.215
2008-07-01,City Services,WOODSLEY ROAD CENTRE - YS275,1100L-W,Gen Waste,0.429
2008-07-01,City Services,YEADON TOWN HALL - AET149,1100L-C,Card,0.087
2008-07-01,City Services,YEADON TOWN HALL - AET149,1100L-W,Gen Waste,0.417
2008-07-01,E ALMO,BUILDING SERVICES,1100L-C,Card,0.113
2008-07-01,E ALMO,BUILDING SERVICES,1100L-W,Gen Waste,0.267
2008-07-01,E ALMO,BURMANTOFTS NH,1100L-W,Gen Waste,0.262
2008-07-01,E ALMO,BUTTON HILL COMMUNITY CENTRE,1100L-W,Gen Waste,0.228
2008-07-01,E ALMO,GIPTON NHO,660L-W,Gen Waste,0.189
2008-07-01,E ALMO,HAREHILLS & CHAPEL TOWN NHO,1100L-W,Gen Waste,0.263
2008-07-01,E ALMO,MEANWOOD NHO,1100L-W,Gen Waste,0.204
2008-07-01,E ALMO,MOORTOWN NHO,1100L-W,Gen Waste,0.211
2008-07-01,E ALMO,RICHOMOND HILL NHO,660L-W,Gen Waste,0.181
2008-07-01,E ALMO,SEACROFT NORTH 0SS - S066640,1100L-C,Card,0.083
2008-07-01,E ALMO,SEACROFT NORTH 0SS - S066640,1100L-W,Gen Waste,0.259
2008-07-01,E ALMO,TRIBECA HOUSE,660L-C,Card,0.12
2008-07-01,E ALMO,TRIBECA HOUSE,660L-W,Gen Waste,0.538
2008-07-01,Education Leeds/Schools,ARTEMIS,1100L-W,Gen Waste,0.265
2008-07-01,Education Leeds/Schools,BLENHEIM CENTRE,1100L-W,Gen Waste,0.198
2008-07-01,Education Leeds/Schools,BLENHEIM CENTRE,1100L-W,Gen Waste,0.206
2008-07-01,Education Leeds/Schools,BLENHEIM CENTRE,1100L-W,Gen Waste,0.207
2008-07-01,Education Leeds/Schools,BRUDENELL PRIMARY SCHOOL,1100L-W,Gen Waste,0.582
2008-07-01,Education Leeds/Schools,ELMETE CENTRE,1100L-C,Card,0.092
2008-07-01,Education Leeds/Schools,ELMETE CENTRE,1100L-C,Card,0.095
2008-07-01,Education Leeds/Schools,ELMETE CENTRE,1100L-W,Gen Waste,0.481
2008-07-01,Education Leeds/Schools,ELMETE CENTRE,1100L-W,Gen Waste,0.478
2008-07-01,Education Leeds/Schools,ELMETE CENTRE,1100L-W,Gen Waste,0.477
2008-07-01,Education Leeds/Schools,GRAFTON SITE,1100L-C,Card,0.11
2008-07-01,Education Leeds/Schools,GRAFTON SITE,1100L-W,Gen Waste,0.205
2008-07-01,Education Leeds/Schools,SOUTH PUDSEY COMMUNITY CENTRE,1100L-W,Gen Waste,0.205
2008-07-01,Education Leeds/Schools,SOUTH PUDSEY COMMUNITY CENTRE,1100L-C,Card,0.071
2008-07-01,Education Leeds/Schools,WEST END PRIMARY SCHOOL,1100L-C,Card,0.028
2008-07-01,Education Leeds/Schools,WEST END PRIMARY SCHOOL,1100L-W,Gen Waste,0.322
2008-07-01,Education Leeds/Schools,WEST PARK CENTRE,1100L-C,Card,0.089
2008-07-01,Education Leeds/Schools,WEST PARK CENTRE,1100L-C,Card,0.077
2008-07-01,Education Leeds/Schools,WEST PARK CENTRE,1100L-W,Gen Waste,0.21
2008-07-01,Education Leeds/Schools,WEST PARK CENTRE,1100L-W,Gen Waste,0.23
2008-07-01,Education Leeds/Schools,WEST PARK CENTRE,1100L-W,Gen Waste,0.212
2008-07-01,Education Leeds/Schools,WEST PARK CENTRE,1100L-W,Gen Waste,0.188
2008-07-01,Environment & Neighbourhoods,AIRE VALLEY TEAM - BELLE ISLE FOUND,660L-C,Card,0.068
2008-07-01,Environment & Neighbourhoods,EAST LEEDS AREA MANAGEMENT TEAM,1100L-C,Card,0.082
2008-07-01,Environment & Neighbourhoods,EAST LEEDS AREA MANAGEMENT TEAM,1100L-W,Gen Waste,0.259
2008-07-01,Environment & Neighbourhoods,ENVIROMENTAL HEALTH NEW ADD,660L-C,Card,0.054
2008-07-01,Environment & Neighbourhoods,ENVIROMENTAL HEALTH NEW ADD,660L-W,Gen Waste,0.182
2008-07-01,Environment & Neighbourhoods,HILLSIDE HOSTEL,1100L-C,Card,0.095
2008-07-01,Environment & Neighbourhoods,HILLSIDE HOSTEL,1100L-W,Gen Waste,0.608
2008-07-01,Environment & Neighbourhoods,KIRKGATE CHAMBERS,360L-C,Card,0.025
2008-07-01,Environment & Neighbourhoods,LEEDS COMMUNITY SAFETY,660L-C,Card,0.108
2008-07-01,Environment & Neighbourhoods,MILLSHAW ENVIRONMENTAL HEALTH OFFICE,1100L-C,Card,0.104
2008-07-01,Environment & Neighbourhoods,MILLSHAW ENVIRONMENTAL HEALTH OFFICE,1100L-W,Gen Waste,0.269
2008-07-01,Environment & Neighbourhoods,PENNINGTON PLACE,1100L-W,Gen Waste,0.599
2008-07-01,Environment & Neighbourhoods,RESETTLEMENT SERVICES,1100L-W,Gen Waste,0.245
2008-07-01,Environment & Neighbourhoods,RICHMOND COURT,1100L-W,Gen Waste,1.054
2008-07-01,Environment & Neighbourhoods,THE HOLLIES,1100L-W,Gen Waste,0.619
2008-07-01,Highways,POTTERY FIELDS DEPOT,1100L-C,Card,0.099
2008-07-01,Highways,POTTERY FIELDS DEPOT,1100L-W,Gen Waste,0.263
2008-07-01,Learning & Leisure,ARDSLEY/TINGLEY LIBRARY,1100L-W,Gen Waste,1.0
2008-07-01,Learning & Leisure,ARDSLEY/TINGLEY LIBRARY,660L-W,Gen Waste,0.144
2008-07-01,Learning & Leisure,ARMLEY EYC - OUTREACH CENTRE,1100L-W,Gen Waste,0.264
2008-07-01,Learning & Leisure,ARMLEY LASER CENTRE - YS222,1100L-C,Card,0.088
2008-07-01,Learning & Leisure,ARMLEY LASER CENTRE - YS222,1100L-W,Gen Waste,0.259
2008-07-01,Learning & Leisure,ARMLEY MILLS -  MUS174,1100L-W,Gen Waste,0.249
2008-07-01,Learning & Leisure,ARMLEY MILLS -  MUS174,660L-C,Card,0.063
2008-07-01,Learning & Leisure,ARMLEY SPORTS CENTRE - SPO164,1100L-C,Card,0.065
2008-07-01,Learning & Leisure,ARMLEY SPORTS CENTRE - SPO164,1100L-W,Gen Waste,0.907
2008-07-01,Learning & Leisure,BEESTON LIBRARY,660L-C,Card,0.061
2008-07-01,Learning & Leisure,BEESTON LIBRARY,660L-W,Gen Waste,0.15
2008-07-01,Learning & Leisure,BELLE ISLE CENTRE - YS226,1100L-C,Card,0.093
2008-07-01,Learning & Leisure,BELLE ISLE CENTRE - YS226,1100L-W,Gen Waste,0.269
2008-07-01,Learning & Leisure,BOWLS & ATHLETICS SPO16,1100L-C,Card,0.095
2008-07-01,Learning & Leisure,BOWLS & ATHLETICS SPO16,1100L-W,Gen Waste,0.516
2008-07-01,Learning & Leisure,BRAMLEY BATHS - SPO160,1100L-C,Card,0.085
2008-07-01,Learning & Leisure,BRAMLEY BATHS - SPO160,1100L-W,Gen Waste,0.195
2008-07-01,Learning & Leisure,BRAMLEY CENTRE - YS227,1100L-C,Card,0.1
2008-07-01,Learning & Leisure,BRAMLEY CENTRE - YS227,1100L-W,Gen Waste,0.216
2008-07-01,Learning & Leisure,BRAMLEY CHILDRENS CENTRE - EDEYC206,1100L-C,Card,0.085
2008-07-01,Learning & Leisure,BRAMLEY CHILDRENS CENTRE - EDEYC206,1100L-W,Gen Waste,0.198
2008-07-01,Learning & Leisure,BURLEY LIBRARY - LIB133,360L-W,Gen Waste,0.121
2008-07-01,Learning & Leisure,BURLEY PARK EYC - U8EYC183,1100L-C,Card,0.097
2008-07-01,Learning & Leisure,BURLEY PARK EYC - U8EYC183,1100L-W,Gen Waste,0.418
2008-07-01,Learning & Leisure,CATERING - CANAL GARDEN,1100L-C,Card,0.18
2008-07-01,Learning & Leisure,CATERING - CANAL GARDEN,1100L-W,Gen Waste,0.856
2008-07-01,Learning & Leisure,CATERING - GOLDEN ACRE PARK,1100L-C,Card,0.082
2008-07-01,Learning & Leisure,CATERING - GOLDEN ACRE PARK,1100L-W,Gen Waste,0.212
2008-07-01,Learning & Leisure,CATERING - TEMPLE NEWSAM PARK,1100L-C,Card,0.095
2008-07-01,Learning & Leisure,CATERING - TEMPLE NEWSAM PARK,1100L-W,Gen Waste,0.756
2008-07-01,Learning & Leisure,CENTRAL LIBRARY - LIB114,1100L-C,Card,0.096
2008-07-01,Learning & Leisure,CENTRAL LIBRARY - LIB114,1100L-W,Gen Waste,1.151
2008-07-01,Learning & Leisure,CHAPEL ALLERTON CHILDRENS CENTRE,1100L-C,Card,0.087
2008-07-01,Learning & Leisure,CHAPEL ALLERTON CHILDRENS CENTRE,1100L-W,Gen Waste,0.211
2008-07-01,Learning & Leisure,CHAPELTOWN CHILDRENS CENTRE,1100L-C,Card,0.098
2008-07-01,Learning & Leisure,CHAPELTOWN CHILDRENS CENTRE,1100L-W,Gen Waste,0.427
2008-07-01,Learning & Leisure,CITY MUSEUM,1100L-C,Card,0.085
2008-07-01,Learning & Leisure,CITY MUSEUM,1100L-W,Gen Waste,0.26
2008-07-01,Learning & Leisure,COMPTON ROAD LIBRARY - LIB140,660L-W,Gen Waste,0.179
2008-07-01,Learning & Leisure,CONSTRUCTION SKILLS TRAINING CENTRE,1100L-C,Card,0.111
2008-07-01,Learning & Leisure,CONSTRUCTION SKILLS TRAINING CENTRE,1100L-W,Gen Waste,0.255
2008-07-01,Learning & Leisure,CROSSGATES LIBRARY - LIB119,1100L-W,Gen Waste,0.268
2008-07-01,Learning & Leisure,DENIS HEALEY CENTRE - YS232,1100L-W,Gen Waste,0.281
2008-07-01,Learning & Leisure,DOREEN HAMILTON DC - 506 Q884679,1100L-C,Card,0.106
2008-07-01,Learning & Leisure,DOREEN HAMILTON DC - 506 Q884679,1100L-W,Gen Waste,0.532
2008-07-01,Learning & Leisure,DOREEN HAMILTON EYC - SSEYC200,1100L-C,Card,0.096
2008-07-01,Learning & Leisure,DOREEN HAMILTON EYC - SSEYC200,1100L-W,Gen Waste,0.254
2008-07-01,Learning & Leisure,DRIGHLINGTON MEETING HALL - AET144,1100L-W,Gen Waste,0.281
2008-07-01,Learning & Leisure,EAST LEEDS FLC - TRGEYC214,1100L-C,Card,0.211
2008-07-01,Learning & Leisure,EAST LEEDS FLC - TRGEYC214,1100L-W,Gen Waste,1.996
2008-07-01,Learning & Leisure,EAST LEEDS LEISURE CENTRE - SPO158,1100L-C,Card,0.103
2008-07-01,Learning & Leisure,EAST LEEDS LEISURE CENTRE - SPO158,1100L-W,Gen Waste,0.808
2008-07-01,Learning & Leisure,FEARNVILLE SPORTS CENTRE - SPO153,1100L-C,Card,0.096
2008-07-01,Learning & Leisure,FEARNVILLE SPORTS CENTRE - SPO153,1100L-W,Gen Waste,0.538
2008-07-01,Learning & Leisure,FIRTHFIELD EYC - (ANNE FLEGG),1100L-W,Gen Waste,0.208
2008-07-01,Learning & Leisure,GARFORTH LEISURE CENTRE - SPO281,1100L-C,Card,0.098
2008-07-01,Learning & Leisure,GARFORTH LIBRARY (REAR) - LIB110,360L-W,Gen Waste,0.107
2008-07-01,Learning & Leisure,GILDERSOME MEETING HALL DMS - AET14,1100L-W,Gen Waste,0.259
2008-07-01,Learning & Leisure,GOTTS PARK MUNICIPAL GOLF CL - PK16,1100L-W,Gen Waste,0.248
2008-07-01,Learning & Leisure,GUISELEY LIBRARY - LIB106,660L-W,Gen Waste,0.147
2008-07-01,Learning & Leisure,HALTON LIBRARY - LIB139,1100L-W,Gen Waste,0.263
2008-07-01,Learning & Leisure,HAREHILLS CHILDRENS CENTRE,1100L-C,Card,0.092
2008-07-01,Learning & Leisure,HAREHILLS CHILDRENS CENTRE,1100L-W,Gen Waste,0.269
2008-07-01,Learning & Leisure,HAREHILLS JOB SHOP,660L-W,Gen Waste,0.181
2008-07-01,Learning & Leisure,HAWKSWORTH WOOD EYC - TRGEYC217,1100L-C,Card,0.076
2008-07-01,Learning & Leisure,HAWKSWORTH WOOD EYC - TRGEYC217,1100L-W,Gen Waste,0.283
2008-07-01,Learning & Leisure,HEADINGLEY ANN CENTRE - YS238,360L-W,Gen Waste,0.114
2008-07-01,Learning & Leisure,"HERD FARM, ECCUP RESEVIOR - YS241",1100L-C,Card,0.184
2008-07-01,Learning & Leisure,"HERD FARM, ECCUP RESEVIOR - YS241",1100L-W,Gen Waste,0.437
2008-07-01,Learning & Leisure,HOLT PARK LEISURE CENTRE - SPO157,1100L-W,Gen Waste,0.63
2008-07-01,Learning & Leisure,HORSFORTH LIBRARY - LIB118,1100L-W,Gen Waste,0.193
2008-07-01,Learning & Leisure,HUNSLET CHILDRENS CENTRE,1100L-C,Card,0.097
2008-07-01,Learning & Leisure,HUNSLET CHILDRENS CENTRE,1100L-W,Gen Waste,0.272
2008-07-01,Learning & Leisure,HUNSLET HALL EYC - U8EYC186,1100L-C,Card,0.095
2008-07-01,Learning & Leisure,HUNSLET HALL EYC - U8EYC186,1100L-W,Gen Waste,0.413
2008-07-01,Learning & Leisure,HUNSLET LAKE - YS243,1100L-W,Gen Waste,0.251
2008-07-01,Learning & Leisure,HUNSLET LIBRARY (REAR) - LIB117,1100L-W,Gen Waste,1.0
2008-07-01,Learning & Leisure,HUNSLET LIBRARY (REAR) - LIB117,660L-W,Gen Waste,0.173
2008-07-01,Learning & Leisure,JOHN SMEATON LEISURE CENTRE,1100L-C,Card,0.095
2008-07-01,Learning & Leisure,JOHN SMEATON LEISURE CENTRE,1100L-W,Gen Waste,1.386
2008-07-01,Learning & Leisure,KENTMERE EYC - U8EYC187,1100L-C,Card,0.071
2008-07-01,Learning & Leisure,KENTMERE EYC - U8EYC187,1100L-W,Gen Waste,0.532
2008-07-01,Learning & Leisure,KIPPAX SPORTS CENTRE - SPO163,1100L-C,Card,0.095
2008-07-01,Learning & Leisure,KIPPAX SPORTS CENTRE - SPO163,1100L-W,Gen Waste,0.451
2008-07-01,Learning & Leisure,KIRKSTALL ABBEY HOUSE MUSEUM - MUS1,1100L-C,Card,0.086
2008-07-01,Learning & Leisure,KIRKSTALL ABBEY HOUSE MUSEUM - MUS1,1100L-W,Gen Waste,0.55
2008-07-01,Learning & Leisure,KIRKSTALL LEISURE CENTRE,1100L-C,Card,0.098
2008-07-01,Learning & Leisure,KIRKSTALL LEISURE CENTRE,1100L-W,Gen Waste,0.52
2008-07-01,Learning & Leisure,LANGBAR EYC - U8EYC189,1100L-C,Card,0.096
2008-07-01,Learning & Leisure,LANGBAR EYC - U8EYC189,1100L-W,Gen Waste,0.275
2008-07-01,Learning & Leisure,LAUREL BANK EYC - SSEYC202,1100L-W,Gen Waste,0.258
2008-07-01,Learning & Leisure,LEEDS MUSEUM DISCOVERY CENTRE,1100L-C,Card,0.096
2008-07-01,Learning & Leisure,LEEDS MUSEUM DISCOVERY CENTRE,660L-W,Gen Waste,0.187
2008-07-01,Learning & Leisure,LEEDS TOWN HALL,1100L-C,Card,0.331
2008-07-01,Learning & Leisure,LEEDS TOWN HALL,1100L-W,Gen Waste,2.318
2008-07-01,Learning & Leisure,LIBRARY HQ - NEW - LIB127,1100L-C,Card,0.117
2008-07-01,Learning & Leisure,LIBRARY HQ - NEW - LIB127,1100L-W,Gen Waste,0.766
2008-07-01,Learning & Leisure,LOTHERTON BIRD GARDEN,1100L-W,Gen Waste,0.4
2008-07-01,Learning & Leisure,LOTHERTON HALL - MUS176,660L-W,Gen Waste,0.132
2008-07-01,Learning & Leisure,MIDDLETON LEISURE CENTRE - SPO159,1100L-C,Card,0.106
2008-07-01,Learning & Leisure,MIDDLETON LEISURE CENTRE - SPO159,1100L-W,Gen Waste,0.458
2008-07-01,Learning & Leisure,MOOR ALLERTON LIBRARY - LIB116,360L-W,Gen Waste,0.105
2008-07-01,Learning & Leisure,MOOR ALLERTON LIBRARY - LIB116,360L-C,Card,0.02
2008-07-01,Learning & Leisure,MORLEY EARLEY YEARS - TRGEYC218,1100L-C,Card,0.094
2008-07-01,Learning & Leisure,MORLEY EARLEY YEARS - TRGEYC218,1100L-W,Gen Waste,0.214
2008-07-01,Learning & Leisure,MORLEY LEISURE CENTRE,1100L-C,Card,1.098
2008-07-01,Learning & Leisure,MORLEY PUBLIC LIBRARY (REAR) - LIB1,1100L-C,Card,0.102
2008-07-01,Learning & Leisure,MORLEY PUBLIC LIBRARY (REAR) - LIB1,360L-W,Gen Waste,0.11
2008-07-01,Learning & Leisure,NESFIELD OUTREACH - U8EYC191,1100L-W,Gen Waste,0.281
2008-07-01,Learning & Leisure,NEW AQUATICS CENTRE,1100L-C,Card,0.156
2008-07-01,Learning & Leisure,NEW AQUATICS CENTRE,1100L-W,Gen Waste,1.848
2008-07-01,Learning & Leisure,NORTH AREA OFFICE - YS277,1100L-C,Card,0.064
2008-07-01,Learning & Leisure,NORTH AREA OFFICE - YS277,1100L-W,Gen Waste,0.206
2008-07-01,Learning & Leisure,OAKDALE EYC - U8EYC192,1100L-C,Card,0.12
2008-07-01,Learning & Leisure,OAKDALE EYC - U8EYC192,1100L-W,Gen Waste,0.283
2008-07-01,Learning & Leisure,OAKWOOD LIBRARY - LIB125,360L-W,Gen Waste,0.145
2008-07-01,Learning & Leisure,OTLEY LIBRARY - LIB135,360L-W,Gen Waste,0.115
2008-07-01,Learning & Leisure,PARKS & COUNTRYSIDES,1100L-C,Card,0.096
2008-07-01,Learning & Leisure,PARKS & COUNTRYSIDES,1100L-W,Gen Waste,0.519
2008-07-01,Learning & Leisure,PUDSEY CIVIC HALL,1100L-W,Gen Waste,0.217
2008-07-01,Learning & Leisure,PUDSEY CIVIC HALL - CATERING,1100L-C,Card,0.183
2008-07-01,Learning & Leisure,PUDSEY LEISURE CENTRE - SPO161,1100L-C,Card,0.101
2008-07-01,Learning & Leisure,PUDSEY LEISURE CENTRE - SPO161,1100L-W,Gen Waste,0.766
2008-07-01,Learning & Leisure,PUDSEY LIBRARY (REAR) - LIB109,1100L-W,Gen Waste,0.199
2008-07-01,Learning & Leisure,QUARRY MOUNT CHILDRENS CENTRE,1100L-W,Gen Waste,0.189
2008-07-01,Learning & Leisure,RED HALL,1100L-C,Card,0.165
2008-07-01,Learning & Leisure,RICHMOND HILL EYC - U8EYC193,1100L-W,Gen Waste,0.457
2008-07-01,Learning & Leisure,RICHMOND HILL SPORTS HALL - SPO155,1100L-W,Gen Waste,0.247
2008-07-01,Learning & Leisure,ROSEVILLE CENTRE - TRGEYC284,1100L-W,Gen Waste,1.153
2008-07-01,Learning & Leisure,ROTHWELL LC - SPO279,1100L-C,Card,0.097
2008-07-01,Learning & Leisure,ROTHWELL LIBRARY - LIB104,360L-W,Gen Waste,0.122
2008-07-01,Learning & Leisure,ROUNDHAY MANSION,1100L-C,Card,0.089
2008-07-01,Learning & Leisure,ROUNDHAY MANSION,660L-W,Gen Waste,0.167
2008-07-01,Learning & Leisure,SAILING CENTRE - SPO282,660L-W,Gen Waste,0.149
2008-07-01,Learning & Leisure,SCHOOLS LIBRARY SERVICE,1100L-W,Gen Waste,0.206
2008-07-01,Learning & Leisure,SCOTHALL SPORTS CENTRE - SPO152,1100L-C,Card,0.0
2008-07-01,Learning & Leisure,SCOTHALL SPORTS CENTRE - SPO152,1100L-W,Gen Waste,0.829
2008-07-01,Learning & Leisure,SCOTT HALL EYC - U8EYC195,1100L-C,Card,0.09
2008-07-01,Learning & Leisure,SCOTT HALL EYC - U8EYC195,1100L-W,Gen Waste,0.192
2008-07-01,Learning & Leisure,SEACROFT CC - U8EYC196,1100L-C,Card,0.094
2008-07-01,Learning & Leisure,SEACROFT CC - U8EYC196,1100L-W,Gen Waste,0.272
2008-07-01,Learning & Leisure,SEACROFT LIBRARY (SIDE) - LIB107,1100L-W,Gen Waste,0.282
2008-07-01,Learning & Leisure,SHEPHERD LANE EYC - U8EYC197,1100L-W,Gen Waste,0.258
2008-07-01,Learning & Leisure,SOUTH LEEDS STADIUM,1100L-C,Card,0.183
2008-07-01,Learning & Leisure,SOUTH LEEDS STADIUM,1100L-W,Gen Waste,2.841
2008-07-01,Learning & Leisure,SPRINGFIELD EYC,1100L-W,Gen Waste,0.254
2008-07-01,Learning & Leisure,ST LAWRENCE HOUSE EYC - U8EYC198,1100L-C,Card,0.076
2008-07-01,Learning & Leisure,ST LAWRENCE HOUSE EYC - U8EYC198,1100L-W,Gen Waste,0.2
2008-07-01,Learning & Leisure,TECHNORTH EYC - TRGEYC212,1100L-C,Card,0.189
2008-07-01,Learning & Leisure,TECHNORTH EYC - TRGEYC212,1100L-W,Gen Waste,0.861
2008-07-01,Learning & Leisure,TEMPLE NEWSAM HOUSE - MUS175,1100L-C,Card,0.076
2008-07-01,Learning & Leisure,TEMPLE NEWSAM HOUSE - MUS175,1100L-W,Gen Waste,0.245
2008-07-01,Learning & Leisure,THWAITE MILLS - MUS173,1100L-C,Card,0.1
2008-07-01,Learning & Leisure,THWAITE MILLS - MUS173,1100L-W,Gen Waste,0.272
2008-07-01,Learning & Leisure,TREETOPS COMMUNITY CENTRE,360L-W,Gen Waste,0.119
2008-07-01,Learning & Leisure,TUNSTALL ROAD CENTRE - YS270,1100L-C,Card,0.096
2008-07-01,Learning & Leisure,TUNSTALL ROAD CENTRE - YS270,1100L-W,Gen Waste,0.241
2008-07-01,Learning & Leisure,TWO WILLOWS EYC - U8EYC199,1100L-C,Card,0.109
2008-07-01,Learning & Leisure,TWO WILLOWS EYC - U8EYC199,1100L-W,Gen Waste,0.384
2008-07-01,Learning & Leisure,WEST LEEDS FLC - TRGEYC211,1100L-C,Card,0.097
2008-07-01,Learning & Leisure,WEST LEEDS FLC - TRGEYC211,1100L-W,Gen Waste,0.532
2008-07-01,Learning & Leisure,WETHERBY LEISURE CENTRE - SPO156,1100L-W,Gen Waste,0.503
2008-07-01,Learning & Leisure,WETHERBY LIBRARY - LIB108,360L-W,Gen Waste,0.142
2008-07-01,Learning & Leisure,WINDMILL CHILDRENS CENTRE - U8EYC28,1100L-C,Card,0.099
2008-07-01,Learning & Leisure,WINDMILL CHILDRENS CENTRE - U8EYC28,1100L-W,Gen Waste,0.542
2008-07-01,Learning & Leisure,YEADON LIBRARY - LIB219,360L-W,Gen Waste,0.118
2008-07-01,Resources,CITY SERVICES - PROPERTY MAINTENANC,1100L-C,Card,0.174
2008-07-01,Resources,CITY SERVICES - PROPERTY MAINTENANC,1100L-W,Gen Waste,0.506
2008-07-01,Resources,CLEANING & SERVICES(CITY PRINT),1100L-W,Gen Waste,0.782
2008-07-01,Resources,SECURITY SERVICES,1100L-W,Gen Waste,0.279
2008-07-01,Resources,TRANSPORT AGENCY 36370,1100L-C,Card,0.098
2008-07-01,Resources,TRANSPORT AGENCY 36370,1100L-W,Gen Waste,0.538
2008-07-01,Resources,WESTLAND ROAD DEPOT 77400,1100L-C,Card,0.079
2008-07-01,Resources,WESTLAND ROAD DEPOT 77400,1100L-W,Gen Waste,0.232
2008-07-01,Social Care,15 LAVENDER WALK,660L-C,Card,0.056
2008-07-01,Social Care,15 LAVENDER WALK,660L-W,Gen Waste,0.184
2008-07-01,Social Care,ACORN LODGE - Q890207,1100L-W,Gen Waste,0.252
2008-07-01,Social Care,AMBERTON COURT - S065890,1100L-C,Card,0.099
2008-07-01,Social Care,AMBERTON COURT - S065890,1100L-W,Gen Waste,0.804
2008-07-01,Social Care,APNA DAY CENTRE - S064100,1100L-W,Gen Waste,0.21
2008-07-01,Social Care,BAILEYS HOUSE - 238 - Q888998,1100L-C,Card,0.097
2008-07-01,Social Care,BAILEYS HOUSE - 238 - Q888998,1100L-W,Gen Waste,0.78
2008-07-01,Social Care,BELLE ISLE NEIGHBOURHOOD CENTRE - 9,660L-W,Gen Waste,0.34
2008-07-01,Social Care,BEWERLEY CROFT - 255 - S064200,1100L-C,Card,0.077
2008-07-01,Social Care,BEWERLEY CROFT - 255 - S064200,1100L-W,Gen Waste,0.428
2008-07-01,Social Care,BODMIN ROAD 2 - 81,660L-W,Gen Waste,0.181
2008-07-01,Social Care,BODMIN ROAD 4 - 70,660L-W,Gen Waste,0.18
2008-07-01,Social Care,BRAMLEY LAWN DC - S063921,1100L-W,Gen Waste,0.205
2008-07-01,Social Care,BRAMLEY TC - 362 - S066251,1100L-C,Card,0.102
2008-07-01,Social Care,BRAMLEY TC - 362 - S066251,1100L-W,Gen Waste,0.421
2008-07-01,Social Care,BROOKSBANK - 141 Q893778,1100L-C,Card,0.093
2008-07-01,Social Care,BROOKSBANK - 141 Q893778,1100L-W,Gen Waste,0.513
2008-07-01,Social Care,BROOM COURT - 242 S066401,1100L-C,Card,0.096
2008-07-01,Social Care,BROOM COURT - 242 S066401,1100L-W,Gen Waste,0.783
2008-07-01,Social Care,BURLEY WILLOWS - 170 - S064513,1100L-C,Card,0.104
2008-07-01,Social Care,BURLEY WILLOWS - 170 - S064513,1100L-W,Gen Waste,0.53
2008-07-01,Social Care,BURLEY WILLOWS DC - 523,1100L-W,Gen Waste,0.265
2008-07-01,Social Care,CALVERLANDS DC - 516,1100L-C,Card,0.087
2008-07-01,Social Care,CALVERLANDS DC - 516,1100L-W,Gen Waste,0.193
2008-07-01,Social Care,CLIFFORD BROOKE CTR 327 - Q897660,1100L-C,Card,1.051
2008-07-01,Social Care,CLIFFORD BROOKE CTR 327 - Q897660,1100L-W,Gen Waste,3.498
2008-07-01,Social Care,COTTINGLEY COURT - 253,1100L-W,Gen Waste,0.629
2008-07-01,Social Care,CRISIS CENTRE - 353 - Q900405,1100L-C,Card,0.077
2008-07-01,Social Care,CRISIS CENTRE - 353 - Q900405,1100L-W,Gen Waste,0.198
2008-07-01,Social Care,CROSSGATES LIBRARY,1100L-C,Card,0.086
2008-07-01,Social Care,DELPH MANOR - 230 - Q829527,1100L-W,Gen Waste,0.824
2008-07-01,Social Care,DOLPHIN MANOR - S065663,1100L-C,Card,0.101
2008-07-01,Social Care,DOLPHIN MANOR - S065663,1100L-W,Gen Waste,0.645
2008-07-01,Social Care,EASDALE CLOSE,360L-W,Gen Waste,0.293
2008-07-01,Social Care,EAST LEEDS FAMILY RC  Q874041,1100L-W,Gen Waste,0.269
2008-07-01,Social Care,EASTMOOR CSU - 126 - S066405,1100L-C,Card,0.196
2008-07-01,Social Care,EASTMOOR CSU - 126 - S066405,1100L-W,Gen Waste,1.718
2008-07-01,Social Care,FAIRVIEW - S066039,1100L-C,Card,0.09
2008-07-01,Social Care,FAIRVIEW - S066039,1100L-W,Gen Waste,0.506
2008-07-01,Social Care,FARFIELD DC - S063922,660L-W,Gen Waste,0.138
2008-07-01,Social Care,FIRTHFIELDS DC - S065781,1100L-C,Card,0.098
2008-07-01,Social Care,FIRTHFIELDS DC - S065781,1100L-W,Gen Waste,0.206
2008-07-01,Social Care,FREDERICK HURDLE DC - 509 Q894243,1100L-C,Card,0.11
2008-07-01,Social Care,FREDERICK HURDLE DC - 509 Q894243,1100L-W,Gen Waste,0.212
2008-07-01,Social Care,GANNERS GREEN - 66 - Q874398,360L-W,Gen Waste,0.248
2008-07-01,Social Care,GRANGE COURT - S063964,1100L-C,Card,0.088
2008-07-01,Social Care,GRANGE COURT - S063964,1100L-W,Gen Waste,0.407
2008-07-01,Social Care,GREEN THE - 176 - S066593,1100L-W,Gen Waste,0.53
2008-07-01,Social Care,GREEN THE DC - S066593,1100L-C,Card,0.091
2008-07-01,Social Care,GREEN THE DC - S066593,1100L-W,Gen Waste,0.238
2008-07-01,Social Care,HARRY BOOTH HOUSE - S063957,1100L-C,Card,0.067
2008-07-01,Social Care,HARRY BOOTH HOUSE - S063957,1100L-W,Gen Waste,0.643
2008-07-01,Social Care,HEALEY CROFT - 229,1100L-W,Gen Waste,0.398
2008-07-01,Social Care,HOLBECK DC - S063712,1100L-C,Card,0.091
2008-07-01,Social Care,HOLBECK DC - S063712,1100L-W,Gen Waste,0.213
2008-07-01,Social Care,HOME LEA HOUSE - S064059,1100L-C,Card,0.094
2008-07-01,Social Care,HOME LEA HOUSE - S064059,1100L-W,Gen Waste,0.577
2008-07-01,Social Care,HORSFORTH - 359 - Q895809,1100L-C,Card,0.102
2008-07-01,Social Care,HORSFORTH - 359 - Q895809,1100L-W,Gen Waste,0.408
2008-07-01,Social Care,HOUGH LANE CENTRE,1100L-C,Card,0.099
2008-07-01,Social Care,HOUGH LANE CENTRE,1100L-W,Gen Waste,0.419
2008-07-01,Social Care,HUNSLET HALL - 6,1100L-W,Gen Waste,0.436
2008-07-01,Social Care,HUNSLET HALL - 6,660L-C,Card,0.048
2008-07-01,Social Care,INGLEWOOD - 46 - S066331,1100L-W,Gen Waste,0.403
2008-07-01,Social Care,IVESON APPROACH - 68 - Q882007,1100L-W,Gen Waste,0.216
2008-07-01,Social Care,JOSEPH STREET - 239 - S066530,1100L-W,Gen Waste,0.503
2008-07-01,Social Care,KIRKLAND HOUSE - 164 - S064209,1100L-C,Card,0.066
2008-07-01,Social Care,KIRKLAND HOUSE - 164 - S064209,1100L-W,Gen Waste,0.431
2008-07-01,Social Care,KNOWLE MANOR - S064208,1100L-W,Gen Waste,0.632
2008-07-01,Social Care,LAUREL BANK DC - S066161,1100L-C,Card,0.105
2008-07-01,Social Care,LAUREL BANK DC - S066161,1100L-W,Gen Waste,0.256
2008-07-01,Social Care,LEE GRANGE - 251,1100L-W,Gen Waste,0.625
2008-07-01,Social Care,LEEDS CTR INTERGR LIV - 340 Q892988,1100L-C,Card,0.098
2008-07-01,Social Care,LEEDS CTR INTERGR LIV - 340 Q892988,1100L-W,Gen Waste,0.47
2008-07-01,Social Care,LINCOLNFIELDS DC - 501 - S063821,1100L-C,Card,0.074
2008-07-01,Social Care,LINCOLNFIELDS DC - 501 - S063821,1100L-W,Gen Waste,0.255
2008-07-01,Social Care,LUTTRELL CRESCENT - 72,660L-W,Gen Waste,0.132
2008-07-01,Social Care,MANORFIELD HOUSE - 161 - Q897775,1100L-C,Card,0.082
2008-07-01,Social Care,MANORFIELD HOUSE - 161 - Q897775,1100L-W,Gen Waste,0.397
2008-07-01,Social Care,MARINERS DC - 332 - S066141,1100L-C,Card,0.098
2008-07-01,Social Care,MARINERS DC - 332 - S066141,1100L-W,Gen Waste,0.421
2008-07-01,Social Care,MAWCROFT GRANGE - 234,1100L-W,Gen Waste,0.45
2008-07-01,Social Care,MIDDLECROSS - HOP,1100L-W,Gen Waste,0.504
2008-07-01,Social Care,MIDDLECROSS DC - 512 - S065939,1100L-C,Card,0.084
2008-07-01,Social Care,MIDDLECROSS DC - 512 - S065939,1100L-W,Gen Waste,0.259
2008-07-01,Social Care,MIDDLETON ADVICE CENTRE - 594,1100L-C,Card,0.089
2008-07-01,Social Care,MIDDLETON ADVICE CENTRE - 594,1100L-W,Gen Waste,0.267
2008-07-01,Social Care,MOOR END TC - 358 - Q896765,1100L-C,Card,0.087
2008-07-01,Social Care,MOOR END TC - 358 - Q896765,1100L-W,Gen Waste,0.5
2008-07-01,Social Care,MUSGRAVE COURT - 168 - S066540,1100L-W,Gen Waste,0.366
2008-07-01,Social Care,NABURN COURT DC - 316 - S066370,1100L-C,Card,0.099
2008-07-01,Social Care,NABURN COURT DC - 316 - S066370,1100L-W,Gen Waste,0.245
2008-07-01,Social Care,OLD MIDDLETON OFFICE,1100L-W,Gen Waste,0.277
2008-07-01,Social Care,OSMONDTHORPE RES CTR - 331 Q892091,1100L-C,Card,0.103
2008-07-01,Social Care,OSMONDTHORPE RES CTR - 331 Q892091,1100L-W,Gen Waste,0.491
2008-07-01,Social Care,PARKLEES HOP -,1100L-C,Card,0.105
2008-07-01,Social Care,PARKLEES HOP -,1100L-W,Gen Waste,0.401
2008-07-01,Social Care,PINFOLDS - 243,1100L-C,Card,0.084
2008-07-01,Social Care,PINFOLDS - 243,1100L-W,Gen Waste,0.496
2008-07-01,Social Care,POTTERNEWTON - 367 - S063891,1100L-W,Gen Waste,0.653
2008-07-01,Social Care,PRIMROSE HILL - 171 S065699,1100L-W,Gen Waste,0.52
2008-07-01,Social Care,QUEENSWOOD DRIVE DC - S065697,1100L-C,Card,0.093
2008-07-01,Social Care,QUEENSWOOD DRIVE DC - S065697,660L-W,Gen Waste,0.144
2008-07-01,Social Care,RADCLIFFE LANE DC -  S066696,1100L-C,Card,0.107
2008-07-01,Social Care,RADCLIFFE LANE DC -  S066696,1100L-W,Gen Waste,0.21
2008-07-01,Social Care,RAMSHEAD WOOD - 363,1100L-C,Card,0.1
2008-07-01,Social Care,RAMSHEAD WOOD - 363,1100L-W,Gen Waste,0.519
2008-07-01,Social Care,RAYNELL DRIVE - 444 Q862300,1100L-W,Gen Waste,0.212
2008-07-01,Social Care,RAYNELL DRIVE - 444 Q862300,660L-W,Gen Waste,1.0
2008-07-01,Social Care,RICHMOND HILL DC - 322 S063822,1100L-W,Gen Waste,0.269
2008-07-01,Social Care,RICHMOND HOUSE - S065911,1100L-W,Gen Waste,0.62
2008-07-01,Social Care,RIDGESIDE,1100L-W,Gen Waste,0.622
2008-07-01,Social Care,ROOS COURT - 235 - Q859440,1100L-W,Gen Waste,0.438
2008-07-01,Social Care,ROSE FARM DC - 314 - Q880559,1100L-C,Card,0.101
2008-07-01,Social Care,ROSE FARM DC - 314 - Q880559,1100L-W,Gen Waste,0.406
2008-07-01,Social Care,ROSEVILLE ENTERPRISE PARK,660L-C,Card,0.057
2008-07-01,Social Care,ROSSEDENE - 231 - Q849090,1100L-W,Gen Waste,0.594
2008-07-01,Social Care,ROTHWELL- A T C - S064341,1100L-C,Card,0.102
2008-07-01,Social Care,ROTHWELL- A T C - S064341,1100L-C,Card,0.105
2008-07-01,Social Care,ROTHWELL- A T C - S064341,1100L-W,Gen Waste,0.419
2008-07-01,Social Care,SIEGEN DC 325 - S064988,1100L-W,Gen Waste,0.23
2008-07-01,Social Care,SIEGEN MANOR HOP AND CENTRE - 169,1100L-C,Card,0.09
2008-07-01,Social Care,SIEGEN MANOR HOP AND CENTRE - 169,1100L-W,Gen Waste,0.43
2008-07-01,Social Care,SPEN CROFT HOSTEL - Q884463,1100L-C,Card,0.092
2008-07-01,Social Care,SPEN CROFT HOSTEL - Q884463,1100L-W,Gen Waste,0.215
2008-07-01,Social Care,SPEN CROFT HOSTEL - Q884463,1100L-W,Gen Waste,0.195
2008-07-01,Social Care,SPRING GARDENS - 162 Q895017,1100L-W,Gen Waste,0.4
2008-07-01,Social Care,SPRING GARDENS ANNEXE - S063961,1100L-W,Gen Waste,0.23
2008-07-01,Social Care,SPRINGFIELD DC - 519 - S066010,1100L-C,Card,0.076
2008-07-01,Social Care,SPRINGFIELD DC - 519 - S066010,1100L-W,Gen Waste,0.255
2008-07-01,Social Care,SQUIRREL WAY - 82 Q892331,1100L-C,Card,0.099
2008-07-01,Social Care,SQUIRREL WAY - 82 Q892331,1100L-W,Gen Waste,0.836
2008-07-01,Social Care,ST CATHERINES DRIVE - 77,1100L-W,Gen Waste,0.216
2008-07-01,Social Care,STOCKS HILL DC - 345 Q878493,1100L-C,Card,0.092
2008-07-01,Social Care,STOCKS HILL DC - 345 Q878493,1100L-W,Gen Waste,0.252
2008-07-01,Social Care,SUFFOLK COURT - 137 - Q894346,1100L-C,Card,0.114
2008-07-01,Social Care,SUFFOLK COURT - 137 - Q894346,1100L-W,Gen Waste,0.388
2008-07-01,Social Care,TEMPLARS CROFT - 233 - S065942,1100L-W,Gen Waste,0.509
2008-07-01,Social Care,THE VALE DC - 347 - S064298,1100L-C,Card,0.079
2008-07-01,Social Care,THE VALE DC - 347 - S064298,1100L-W,Gen Waste,0.231
2008-07-01,Social Care,WEST ARDSLEY  ATC- S065913,1100L-C,Card,0.105
2008-07-01,Social Care,WEST ARDSLEY  ATC- S065913,1100L-W,Gen Waste,0.827
2008-07-01,Social Care,WETHERBY DAY SERVICES - S065123,1100L-W,Gen Waste,0.514
2008-07-01,Social Care,WHITE ROSE HOUSE - 2,1100L-C,Card,0.084
2008-07-01,Social Care,WHITE ROSE HOUSE - 2,1100L-W,Gen Waste,0.398
2008-07-01,Social Care,WINDLESFORD GREEN - 232,1100L-W,Gen Waste,0.423
2008-07-01,Social Care,WOOD LANE,1100L-W,Gen Waste,0.226
2008-07-01,Social Care,WOOD LANE,1100L-W,Gen Waste,0.2
2008-07-01,Social Care,WOODHOUSE DC - S063840,1100L-C,Card,0.109
2008-07-01,Social Care,WOODHOUSE DC - S063840,1100L-W,Gen Waste,0.214
2008-07-01,Social Care,WYKEBECK VALLEY DC - 317,1100L-C,Card,0.078
2008-07-01,Social Care,WYKEBECK VALLEY DC - 317,1100L-W,Gen Waste,0.278
2008-07-01,Social Care,YOUTH JUSTICE SERVICE,1100L-W,Gen Waste,0.265
2008-07-01,Social Care,YOUTH OFFENDING TEAM,1100L-C,Card,0.073
2008-07-01,Social Care,YOUTH OFFENDING TEAM,1100L-W,Gen Waste,0.284
2008-07-01,TBC,CITY ART GALLERY - MUS285,1100L-W,Gen Waste,0.714
2008-07-01,TBC,LEEDS C C - EVENTS TEAM,1100L-W,Gen Waste,0.18
2008-07-01,TBC,LEEDS C C - EVENTS TEAM,360L-W,Gen Waste,0.025
2008-07-01,TBC,WESTHOLME - 183 - S066464,1100L-C,Card,0.119
2008-07-01,TBC,WESTHOLME - 183 - S066464,1100L-W,Gen Waste,0.523
2008-07-01,W ALMO,BRAMLEY NHO,1100L-W,Gen Waste,0.208
2008-07-01,W ALMO,HORSFORTH NHO,660L-W,Gen Waste,0.139
2008-07-01,W ALMO,HOUSING REGISTER,360L-W,Gen Waste,0.111
2008-07-01,W ALMO,KIRKSTALL NHO,1100L-W,Gen Waste,0.243
2008-07-01,W ALMO,PROGRESS HOUSE,1100L-W,Gen Waste,0.207
2008-07-01,W ALMO,SILVER ROYD HILL,1100L-W,Gen Waste,0.257
2008-07-01,W ALMO,WEETWOOD NHO,360L-W,Gen Waste,0.112
2008-07-01,W ALMO,WESTFIELD CHAMBERS,1100L-W,Gen Waste,0.265
2008-08-01,AIRE ALMO,"NAVAGATION HOUSE, LEEDS SOUTH HOMES",1100L-C,Card,0.1
2008-08-01,AIRE ALMO,"NAVAGATION HOUSE, LEEDS SOUTH HOMES",1100L-W,Gen Waste,0.434
2008-08-01,AIRE ALMO,SWARCLIFFE NHO,1100L-C,Card,0.112
2008-08-01,AIRE ALMO,SWARCLIFFE NHO,1100L-W,Gen Waste,0.218
2008-08-01,City Development,ARKITECTURAL DESIGN,1100L-C,Card,0.118
2008-08-01,City Development,ARKITECTURAL DESIGN,1100L-W,Gen Waste,0.412
2008-08-01,City Development,PUDSEY MARKETS,1100L-C,Card,1.122
2008-08-01,City Development,PUDSEY MARKETS,1100L-W,Gen Waste,2.66
2008-08-01,City Development,TAXI LICENSING,1100L-C,Card,0.107
2008-08-01,City Development,TAXI LICENSING,1100L-W,Gen Waste,0.201
2008-08-01,City Services,AIREBOROUGH NEW ROADSIDE 03044,1100L-C,Card,0.177
2008-08-01,City Services,AIREBOROUGH NEW ROADSIDE 03044,1100L-W,Gen Waste,0.192
2008-08-01,City Services,ALLERTON BYWATER CENTRE - YS220,360L-W,Gen Waste,0.124
2008-08-01,City Services,ALSTON LANE CENTRE - YS221,660L-W,Gen Waste,0.14
2008-08-01,City Services,APEX HOUSE,1100L-C,Card,0.213
2008-08-01,City Services,APEX HOUSE,1100L-W,Gen Waste,0.954
2008-08-01,City Services,APEX HOUSE,660L-C,Card,0.079
2008-08-01,City Services,ARMLEY OSC 03082,1100L-C,Card,0.128
2008-08-01,City Services,ARMLEY OSC 03082,1100L-W,Gen Waste,0.212
2008-08-01,City Services,BANGLADESHI CENTRE - YS223,1100L-C,Card,0.114
2008-08-01,City Services,BANGLADESHI CENTRE - YS223,1100L-W,Gen Waste,0.394
2008-08-01,City Services,BARLEYFIELDS CENTRE - YS224,660L-W,Gen Waste,0.146
2008-08-01,City Services,BELGRAVE HOUSE,1100L-C,Card,0.203
2008-08-01,City Services,BELGRAVE HOUSE,1100L-W,Gen Waste,0.398
2008-08-01,City Services,BLACKBURN HALL - AET143,1100L-W,Gen Waste,0.433
2008-08-01,City Services,BOSTON SPA CENTRE - YS226,660L-W,Gen Waste,0.143
2008-08-01,City Services,CANON HOUSE 03025,1100L-C,Card,0.129
2008-08-01,City Services,CANON HOUSE 03026,1100L-W,Gen Waste,0.48
2008-08-01,City Services,CANON HOUSE 03027,1100L-W,Gen Waste,0.454
2008-08-01,City Services,CATERING - BEESTON PRIMARY,1100L-W,Gen Waste,0.201
2008-08-01,City Services,CIVIC HALL - CITY SERVICES DEPT,660L-C,Card,0.588
2008-08-01,City Services,CIVIC HALL - CITY SERVICES DEPT,660L-W,Gen Waste,1.562
2008-08-01,City Services,CROSS GREEN CENTRE - YS230,1100L-W,Gen Waste,0.22
2008-08-01,City Services,CROSSGATES CENTRE - YS231,1100L-C,Card,0.1
2008-08-01,City Services,CROSSGATES CENTRE - YS231,1100L-W,Gen Waste,0.214
2008-08-01,City Services,DEWSBURY ROAD OSC 03083,1100L-C,Card,0.105
2008-08-01,City Services,DEWSBURY ROAD OSC 03083,1100L-W,Gen Waste,0.457
2008-08-01,City Services,EBOR GARDENS COMM CENT- YS233,1100L-C,Card,0.104
2008-08-01,City Services,EBOR GARDENS COMM CENT- YS233,1100L-W,Gen Waste,0.216
2008-08-01,City Services,EVOLUTION HOUSE,1100L-C,Card,0.121
2008-08-01,City Services,EVOLUTION HOUSE,1100L-W,Gen Waste,0.448
2008-08-01,City Services,FIELDHEAD CARR CENTRE - YS234,660L-W,Gen Waste,0.14
2008-08-01,City Services,GARFORTH OSC - MAIN STREET 03051,1100L-C,Card,0.1
2008-08-01,City Services,GARFORTH OSC - MAIN STREET 03051,1100L-W,Gen Waste,0.212
2008-08-01,City Services,GILDERSOME YOUTH CENTRE,1100L-W,Gen Waste,0.223
2008-08-01,City Services,HAREHILLS PLACE COMMUNITY CENTRE,1100L-W,Gen Waste,0.219
2008-08-01,City Services,HEADINGLEY COMMUNITY CENTRE,1100L-W,Gen Waste,0.207
2008-08-01,City Services,HENRY BARRAN CENTRE - YS240,1100L-C,Card,0.083
2008-08-01,City Services,HENRY BARRAN CENTRE - YS240,1100L-W,Gen Waste,0.414
2008-08-01,City Services,HOLBECK YOUTH CENTRE,1100L-W,Gen Waste,0.255
2008-08-01,City Services,HOUGH TOP COURT 03027,1100L-C,Card,0.092
2008-08-01,City Services,HOUGH TOP COURT 03027,1100L-W,Gen Waste,0.918
2008-08-01,City Services,KENTMERE CENTRE - YS244,1100L-C,Card,0.098
2008-08-01,City Services,KENTMERE CENTRE - YS244,1100L-W,Gen Waste,0.204
2008-08-01,City Services,KIPPAX YOUTH CENTRE,660L-W,Gen Waste,0.136
2008-08-01,City Services,KNOWSTHORPE GATE SUPPORT SER 43390,1100L-C,Card,0.18
2008-08-01,City Services,LANDMARK COURT,1100L-C,Card,0.105
2008-08-01,City Services,LANDMARK COURT,1100L-W,Gen Waste,0.265
2008-08-01,City Services,LINCOLN GREEN YOUTH CENTRE,1100L-W,Gen Waste,0.197
2008-08-01,City Services,LITTLE LONDON COMMUNITY CENTRE,1100L-W,Gen Waste,0.218
2008-08-01,City Services,MANDELA CENTRE,1100L-C,Card,0.115
2008-08-01,City Services,MANDELA CENTRE,1100L-W,Gen Waste,0.503
2008-08-01,City Services,MEANWOOD COMMUNITY CENTRE,1100L-W,Gen Waste,0.206
2008-08-01,City Services,MERRION HOUSE,1100L-C,Card,0.35
2008-08-01,City Services,MERRION HOUSE,1100L-W,Gen Waste,4.135
2008-08-01,City Services,MERRION HOUSE,360L-C,Card,0.183
2008-08-01,City Services,MERRION HOUSE,660L-C,Card,0.364
2008-08-01,City Services,METHLEY CENTRE,1100L-W,Gen Waste,0.202
2008-08-01,City Services,MICKLEFIELD YOUTH CENTRE,1100L-W,Gen Waste,0.212
2008-08-01,City Services,MIDDLETON PARK HIGHWAYS 03034,1100L-C,Card,0.332
2008-08-01,City Services,MIDDLETON PARK HIGHWAYS 03034,1100L-W,Gen Waste,0.841
2008-08-01,City Services,MIDDLETON SKILLS CENTRE - YS253,1100L-C,Card,0.071
2008-08-01,City Services,MIDDLETON SKILLS CENTRE - YS253,1100L-W,Gen Waste,0.214
2008-08-01,City Services,MORLEY TOWN HALL 03060,1100L-C,Card,0.179
2008-08-01,City Services,MORLEY TOWN HALL 03060,1100L-W,Gen Waste,0.52
2008-08-01,City Services,NOWELL MOUNT CENTRE - YS254,1100L-W,Gen Waste,0.202
2008-08-01,City Services,OLD COCKBURN SPORTS HALL,1100L-W,Gen Waste,0.243
2008-08-01,City Services,OSMONDTHORPE OSC 03085,1100L-C,Card,0.085
2008-08-01,City Services,OSMONDTHORPE OSC 03085,1100L-W,Gen Waste,0.43
2008-08-01,City Services,OTLEY A O 03066,1100L-W,Gen Waste,0.197
2008-08-01,City Services,PAKISTANI CENTRE - YS256,1100L-C,Card,0.05
2008-08-01,City Services,PALACE PROJECT - YS257,1100L-W,Gen Waste,0.215
2008-08-01,City Services,PRINCE PHILLIP CENTRE - YS258,1100L-C,Card,0.143
2008-08-01,City Services,PRINCE PHILLIP CENTRE - YS258,1100L-W,Gen Waste,0.427
2008-08-01,City Services,PUDSEY TOWN HALL 03071,1100L-W,Gen Waste,0.703
2008-08-01,City Services,PUDSEY TOWN HALL 03071,660L-C,Card,0.151
2008-08-01,City Services,RICHMOND HILL CENTRE - YS259,1100L-W,Gen Waste,0.193
2008-08-01,City Services,RICHMOND HILL CENTRE - YS259,660L-W,Gen Waste,0.133
2008-08-01,City Services,ROSE LUND CENTRE - YS260,660L-W,Gen Waste,0.145
2008-08-01,City Services,ROTHWELL A O - 03074,1100L-C,Card,0.109
2008-08-01,City Services,ROTHWELL A O - 03074,1100L-W,Gen Waste,0.217
2008-08-01,City Services,SOUTH GIPTON CENTRE - YS263,1100L-W,Gen Waste,0.194
2008-08-01,City Services,SOUTH LEEDS FLC,1100L-C,Card,0.107
2008-08-01,City Services,SOUTH LEEDS FLC,1100L-W,Gen Waste,1.423
2008-08-01,City Services,SOUTH SEACROFT OSC,1100L-C,Card,0.094
2008-08-01,City Services,SOUTH SEACROFT OSC,660L-C,Card,0.123
2008-08-01,City Services,SOUTH SEACROFT OSC,660L-W,Gen Waste,0.44
2008-08-01,City Services,ST GABRIELS CENTRE - YS264,660L-W,Gen Waste,0.156
2008-08-01,City Services,ST GEORGES CENTRE 03036,1100L-C,Card,0.182
2008-08-01,City Services,ST GEORGES CENTRE 03036,1100L-W,Gen Waste,0.486
2008-08-01,City Services,ST GREGORYS Y & A CENTRE,1100L-C,Card,0.102
2008-08-01,City Services,ST GREGORYS Y & A CENTRE,1100L-W,Gen Waste,0.199
2008-08-01,City Services,ST MATTHEWS CENTRE - YS266,1100L-W,Gen Waste,0.251
2008-08-01,City Services,STANHOPE DRIVE YOUTH CENTRE,660L-W,Gen Waste,0.14
2008-08-01,City Services,STRAWBERRY LANE CENTRE - YS268,1100L-C,Card,0.11
2008-08-01,City Services,STRAWBERRY LANE CENTRE - YS268,1100L-W,Gen Waste,0.196
2008-08-01,City Services,THE LEONARDO BUILDING 03020,1100L-C,Card,0.166
2008-08-01,City Services,THE LEONARDO BUILDING 03020,1100L-W,Gen Waste,1.06
2008-08-01,City Services,THORESBY HOUSE 03017,1100L-C,Card,0.486
2008-08-01,City Services,THORESBY HOUSE 03017,1100L-W,Gen Waste,2.132
2008-08-01,City Services,TINGLEY YOUTH & COMMUNITY CENTRE,660L-W,Gen Waste,0.141
2008-08-01,City Services,WELFARE RIGHTS UNIT,1100L-W,Gen Waste,0.217
2008-08-01,City Services,WESTON LANE CENTRE - YS272,1100L-W,Gen Waste,0.215
2008-08-01,City Services,WETHERBY A O 03078,1100L-W,Gen Waste,0.206
2008-08-01,City Services,WINDMILL YOUTH CENTRE,1100L-W,Gen Waste,0.196
2008-08-01,City Services,WOODHOUSE COMMUNITY CENTRE,1100L-W,Gen Waste,0.193
2008-08-01,City Services,WOODSLEY ROAD CENTRE - YS275,1100L-W,Gen Waste,0.403
2008-08-01,City Services,YEADON TOWN HALL - AET149,1100L-C,Card,0.102
2008-08-01,City Services,YEADON TOWN HALL - AET149,1100L-W,Gen Waste,0.403
2008-08-01,E ALMO,BUILDING SERVICES,1100L-C,Card,0.076
2008-08-01,E ALMO,BUILDING SERVICES,1100L-W,Gen Waste,0.215
2008-08-01,E ALMO,BURMANTOFTS NH,1100L-W,Gen Waste,0.228
2008-08-01,E ALMO,BUTTON HILL COMMUNITY CENTRE,1100L-W,Gen Waste,0.218
2008-08-01,E ALMO,GIPTON NHO,660L-W,Gen Waste,0.149
2008-08-01,E ALMO,HAREHILLS & CHAPEL TOWN NHO,1100L-W,Gen Waste,0.211
2008-08-01,E ALMO,MEANWOOD NHO,1100L-W,Gen Waste,0.195
2008-08-01,E ALMO,MOORTOWN NHO,1100L-W,Gen Waste,0.245
2008-08-01,E ALMO,RICHOMOND HILL NHO,660L-W,Gen Waste,0.151
2008-08-01,E ALMO,SEACROFT NORTH 0SS - S066640,1100L-C,Card,0.091
2008-08-01,E ALMO,SEACROFT NORTH 0SS - S066640,1100L-W,Gen Waste,0.217
2008-08-01,E ALMO,TRIBECA HOUSE,660L-C,Card,0.165
2008-08-01,E ALMO,TRIBECA HOUSE,660L-W,Gen Waste,0.441
2008-08-01,Education Leeds/Schools,ARTEMIS,1100L-W,Gen Waste,0.212
2008-08-01,Education Leeds/Schools,BLENHEIM CENTRE,1100L-W,Gen Waste,0.212
2008-08-01,Education Leeds/Schools,BLENHEIM CENTRE,1100L-W,Gen Waste,0.197
2008-08-01,Education Leeds/Schools,BLENHEIM CENTRE,1100L-W,Gen Waste,0.216
2008-08-01,Education Leeds/Schools,BRUDENELL PRIMARY SCHOOL,1100L-W,Gen Waste,0.6
2008-08-01,Education Leeds/Schools,ELMETE CENTRE,1100L-C,Card,0.131
2008-08-01,Education Leeds/Schools,ELMETE CENTRE,1100L-C,Card,0.129
2008-08-01,Education Leeds/Schools,ELMETE CENTRE,1100L-W,Gen Waste,0.48
2008-08-01,Education Leeds/Schools,ELMETE CENTRE,1100L-W,Gen Waste,0.462
2008-08-01,Education Leeds/Schools,ELMETE CENTRE,1100L-W,Gen Waste,0.489
2008-08-01,Education Leeds/Schools,GRAFTON SITE,1100L-C,Card,0.125
2008-08-01,Education Leeds/Schools,GRAFTON SITE,1100L-W,Gen Waste,0.228
2008-08-01,Education Leeds/Schools,HORSFORTH SCHOOL,1100L-C,Card,0.095
2008-08-01,Education Leeds/Schools,HORSFORTH SCHOOL,1100L-W,Gen Waste,0.633
2008-08-01,Education Leeds/Schools,SOUTH PUDSEY COMMUNITY CENTRE,1100L-W,Gen Waste,0.245
2008-08-01,Education Leeds/Schools,SOUTH PUDSEY COMMUNITY CENTRE,1100L-C,Card,0.125
2008-08-01,Education Leeds/Schools,THE BEST HOUSE,360L-W,Gen Waste,0.12
2008-08-01,Education Leeds/Schools,WEST END PRIMARY SCHOOL,1100L-C,Card,0.094
2008-08-01,Education Leeds/Schools,WEST END PRIMARY SCHOOL,1100L-W,Gen Waste,0.619
2008-08-01,Education Leeds/Schools,WEST PARK CENTRE,1100L-C,Card,0.116
2008-08-01,Education Leeds/Schools,WEST PARK CENTRE,1100L-C,Card,0.098
2008-08-01,Education Leeds/Schools,WEST PARK CENTRE,1100L-W,Gen Waste,0.21
2008-08-01,Education Leeds/Schools,WEST PARK CENTRE,1100L-W,Gen Waste,0.213
2008-08-01,Education Leeds/Schools,WEST PARK CENTRE,1100L-W,Gen Waste,0.222
2008-08-01,Education Leeds/Schools,WEST PARK CENTRE,1100L-W,Gen Waste,0.204
2008-08-01,Environment & Neighbourhoods,AIRE VALLEY TEAM - BELLE ISLE FOUND,660L-C,Card,0.061
2008-08-01,Environment & Neighbourhoods,EAST LEEDS AREA MANAGEMENT TEAM,1100L-C,Card,0.088
2008-08-01,Environment & Neighbourhoods,EAST LEEDS AREA MANAGEMENT TEAM,1100L-W,Gen Waste,0.19
2008-08-01,Environment & Neighbourhoods,ENVIROMENTAL HEALTH NEW ADD,660L-C,Card,0.065
2008-08-01,Environment & Neighbourhoods,ENVIROMENTAL HEALTH NEW ADD,660L-W,Gen Waste,0.143
2008-08-01,Environment & Neighbourhoods,HILLSIDE HOSTEL,1100L-C,Card,0.112
2008-08-01,Environment & Neighbourhoods,HILLSIDE HOSTEL,1100L-W,Gen Waste,0.768
2008-08-01,Environment & Neighbourhoods,KIRKGATE CHAMBERS,360L-C,Card,0.02
2008-08-01,Environment & Neighbourhoods,LEEDS COMMUNITY SAFETY,660L-C,Card,0.172
2008-08-01,Environment & Neighbourhoods,MILLSHAW ENVIRONMENTAL HEALTH OFFICE,1100L-C,Card,0.11
2008-08-01,Environment & Neighbourhoods,MILLSHAW ENVIRONMENTAL HEALTH OFFICE,1100L-W,Gen Waste,0.204
2008-08-01,Environment & Neighbourhoods,PENNINGTON PLACE,1100L-W,Gen Waste,0.609
2008-08-01,Environment & Neighbourhoods,RESETTLEMENT SERVICES,1100L-W,Gen Waste,0.219
2008-08-01,Environment & Neighbourhoods,RICHMOND COURT,1100L-W,Gen Waste,0.84
2008-08-01,Environment & Neighbourhoods,THE HOLLIES,1100L-W,Gen Waste,0.646
2008-08-01,Highways,POTTERY FIELDS DEPOT,1100L-C,Card,0.112
2008-08-01,Highways,POTTERY FIELDS DEPOT,1100L-W,Gen Waste,0.207
2008-08-01,Learning & Leisure,ARDSLEY/TINGLEY LIBRARY,660L-W,Gen Waste,0.139
2008-08-01,Learning & Leisure,ARMLEY EYC - OUTREACH CENTRE,1100L-W,Gen Waste,0.204
2008-08-01,Learning & Leisure,ARMLEY LASER CENTRE - YS222,1100L-C,Card,0.106
2008-08-01,Learning & Leisure,ARMLEY LASER CENTRE - YS222,1100L-W,Gen Waste,0.198
2008-08-01,Learning & Leisure,ARMLEY MILLS -  MUS174,1100L-W,Gen Waste,0.21
2008-08-01,Learning & Leisure,ARMLEY MILLS -  MUS174,660L-C,Card,0.08
2008-08-01,Learning & Leisure,ARMLEY SPORTS CENTRE - SPO164,1100L-C,Card,0.127
2008-08-01,Learning & Leisure,ARMLEY SPORTS CENTRE - SPO164,1100L-W,Gen Waste,0.95
2008-08-01,Learning & Leisure,BEESTON LIBRARY,660L-C,Card,0.064
2008-08-01,Learning & Leisure,BEESTON LIBRARY,660L-W,Gen Waste,0.174
2008-08-01,Learning & Leisure,BELLE ISLE CENTRE - YS226,1100L-C,Card,0.088
2008-08-01,Learning & Leisure,BELLE ISLE CENTRE - YS226,1100L-W,Gen Waste,0.197
2008-08-01,Learning & Leisure,BOWLS & ATHLETICS SPO16,1100L-C,Card,0.084
2008-08-01,Learning & Leisure,BOWLS & ATHLETICS SPO16,1100L-W,Gen Waste,0.406
2008-08-01,Learning & Leisure,BRAMLEY BATHS - SPO160,1100L-C,Card,0.108
2008-08-01,Learning & Leisure,BRAMLEY BATHS - SPO160,1100L-W,Gen Waste,0.255
2008-08-01,Learning & Leisure,BRAMLEY CENTRE - YS227,1100L-C,Card,0.109
2008-08-01,Learning & Leisure,BRAMLEY CENTRE - YS227,1100L-W,Gen Waste,0.263
2008-08-01,Learning & Leisure,BRAMLEY CHILDRENS CENTRE - EDEYC206,1100L-C,Card,0.118
2008-08-01,Learning & Leisure,BRAMLEY CHILDRENS CENTRE - EDEYC206,1100L-W,Gen Waste,0.251
2008-08-01,Learning & Leisure,BURLEY LIBRARY - LIB133,360L-W,Gen Waste,0.088
2008-08-01,Learning & Leisure,BURLEY PARK EYC - U8EYC183,1100L-C,Card,0.109
2008-08-01,Learning & Leisure,BURLEY PARK EYC - U8EYC183,1100L-W,Gen Waste,0.418
2008-08-01,Learning & Leisure,CATERING - CANAL GARDEN,1100L-C,Card,0.26
2008-08-01,Learning & Leisure,CATERING - CANAL GARDEN,1100L-W,Gen Waste,0.834
2008-08-01,Learning & Leisure,CATERING - GOLDEN ACRE PARK,1100L-C,Card,0.087
2008-08-01,Learning & Leisure,CATERING - GOLDEN ACRE PARK,1100L-W,Gen Waste,0.203
2008-08-01,Learning & Leisure,CATERING - TEMPLE NEWSAM PARK,1100L-C,Card,0.085
2008-08-01,Learning & Leisure,CATERING - TEMPLE NEWSAM PARK,1100L-W,Gen Waste,0.62
2008-08-01,Learning & Leisure,CENTRAL LIBRARY - LIB114,1100L-C,Card,0.092
2008-08-01,Learning & Leisure,CENTRAL LIBRARY - LIB114,1100L-W,Gen Waste,1.084
2008-08-01,Learning & Leisure,CHAPEL ALLERTON CHILDRENS CENTRE,1100L-C,Card,0.142
2008-08-01,Learning & Leisure,CHAPEL ALLERTON CHILDRENS CENTRE,1100L-W,Gen Waste,0.213
2008-08-01,Learning & Leisure,CHAPELTOWN CHILDRENS CENTRE,1100L-C,Card,0.124
2008-08-01,Learning & Leisure,CHAPELTOWN CHILDRENS CENTRE,1100L-W,Gen Waste,0.431
2008-08-01,Learning & Leisure,CITY MUSEUM,1100L-C,Card,0.104
2008-08-01,Learning & Leisure,CITY MUSEUM,1100L-W,Gen Waste,0.24
2008-08-01,Learning & Leisure,COMPTON ROAD LIBRARY - LIB140,660L-W,Gen Waste,0.0
2008-08-01,Learning & Leisure,CONSTRUCTION SKILLS TRAINING CENTRE,1100L-C,Card,0.078
2008-08-01,Learning & Leisure,CONSTRUCTION SKILLS TRAINING CENTRE,1100L-W,Gen Waste,0.211
2008-08-01,Learning & Leisure,CROSSGATES LIBRARY - LIB119,1100L-W,Gen Waste,0.211
2008-08-01,Learning & Leisure,DENIS HEALEY CENTRE - YS232,1100L-W,Gen Waste,0.195
2008-08-01,Learning & Leisure,DOREEN HAMILTON DC - 506 Q884679,1100L-C,Card,0.09
2008-08-01,Learning & Leisure,DOREEN HAMILTON DC - 506 Q884679,1100L-W,Gen Waste,0.405
2008-08-01,Learning & Leisure,DOREEN HAMILTON EYC - SSEYC200,1100L-C,Card,0.099
2008-08-01,Learning & Leisure,DOREEN HAMILTON EYC - SSEYC200,1100L-W,Gen Waste,0.207
2008-08-01,Learning & Leisure,DRIGHLINGTON MEETING HALL - AET144,1100L-W,Gen Waste,0.212
2008-08-01,Learning & Leisure,EAST LEEDS FLC - TRGEYC214,1100L-C,Card,0.198
2008-08-01,Learning & Leisure,EAST LEEDS FLC - TRGEYC214,1100L-W,Gen Waste,1.866
2008-08-01,Learning & Leisure,EAST LEEDS LEISURE CENTRE - SPO158,1100L-C,Card,0.084
2008-08-01,Learning & Leisure,EAST LEEDS LEISURE CENTRE - SPO158,1100L-W,Gen Waste,0.613
2008-08-01,Learning & Leisure,FEARNVILLE SPORTS CENTRE - SPO153,1100L-C,Card,0.102
2008-08-01,Learning & Leisure,FEARNVILLE SPORTS CENTRE - SPO153,1100L-W,Gen Waste,0.403
2008-08-01,Learning & Leisure,FIRTHFIELD EYC - (ANNE FLEGG),1100L-W,Gen Waste,0.214
2008-08-01,Learning & Leisure,GARFORTH LEISURE CENTRE - SPO281,1100L-C,Card,0.09
2008-08-01,Learning & Leisure,GARFORTH LIBRARY (REAR) - LIB110,360L-W,Gen Waste,0.124
2008-08-01,Learning & Leisure,GILDERSOME MEETING HALL DMS - AET14,1100L-W,Gen Waste,0.204
2008-08-01,Learning & Leisure,GOTTS PARK MUNICIPAL GOLF CL - PK16,1100L-W,Gen Waste,0.208
2008-08-01,Learning & Leisure,GUISELEY LIBRARY - LIB106,660L-W,Gen Waste,0.144
2008-08-01,Learning & Leisure,HALTON LIBRARY - LIB139,1100L-W,Gen Waste,0.258
2008-08-01,Learning & Leisure,HAREHILLS CHILDRENS CENTRE,1100L-C,Card,0.083
2008-08-01,Learning & Leisure,HAREHILLS CHILDRENS CENTRE,1100L-W,Gen Waste,0.212
2008-08-01,Learning & Leisure,HAREHILLS JOB SHOP,660L-W,Gen Waste,0.135
2008-08-01,Learning & Leisure,HAWKSWORTH WOOD EYC - TRGEYC217,1100L-C,Card,0.134
2008-08-01,Learning & Leisure,HAWKSWORTH WOOD EYC - TRGEYC217,1100L-W,Gen Waste,0.193
2008-08-01,Learning & Leisure,HEADINGLEY ANN CENTRE - YS238,360L-W,Gen Waste,0.118
2008-08-01,Learning & Leisure,"HERD FARM, ECCUP RESEVIOR - YS241",1100L-C,Card,0.25
2008-08-01,Learning & Leisure,"HERD FARM, ECCUP RESEVIOR - YS241",1100L-W,Gen Waste,0.512
2008-08-01,Learning & Leisure,HOLT PARK LEISURE CENTRE - SPO157,1100L-W,Gen Waste,0.603
2008-08-01,Learning & Leisure,HORSFORTH LIBRARY - LIB118,1100L-W,Gen Waste,0.214
2008-08-01,Learning & Leisure,HUNSLET CHILDRENS CENTRE,1100L-C,Card,0.112
2008-08-01,Learning & Leisure,HUNSLET CHILDRENS CENTRE,1100L-W,Gen Waste,0.192
2008-08-01,Learning & Leisure,HUNSLET HALL EYC - U8EYC186,1100L-C,Card,0.106
2008-08-01,Learning & Leisure,HUNSLET HALL EYC - U8EYC186,1100L-W,Gen Waste,0.498
2008-08-01,Learning & Leisure,HUNSLET LAKE - YS243,1100L-W,Gen Waste,1.193
2008-08-01,Learning & Leisure,HUNSLET LIBRARY (REAR) - LIB117,660L-W,Gen Waste,0.137
2008-08-01,Learning & Leisure,JOHN SMEATON LEISURE CENTRE,1100L-C,Card,0.089
2008-08-01,Learning & Leisure,JOHN SMEATON LEISURE CENTRE,1100L-W,Gen Waste,1.426
2008-08-01,Learning & Leisure,KENTMERE EYC - U8EYC187,1100L-C,Card,0.065
2008-08-01,Learning & Leisure,KENTMERE EYC - U8EYC187,1100L-W,Gen Waste,0.403
2008-08-01,Learning & Leisure,KIPPAX SPORTS CENTRE - SPO163,1100L-C,Card,0.117
2008-08-01,Learning & Leisure,KIPPAX SPORTS CENTRE - SPO163,1100L-W,Gen Waste,0.426
2008-08-01,Learning & Leisure,KIRKSTALL ABBEY HOUSE MUSEUM - MUS1,1100L-C,Card,0.1
2008-08-01,Learning & Leisure,KIRKSTALL ABBEY HOUSE MUSEUM - MUS1,1100L-W,Gen Waste,0.414
2008-08-01,Learning & Leisure,KIRKSTALL LEISURE CENTRE,1100L-C,Card,0.123
2008-08-01,Learning & Leisure,KIRKSTALL LEISURE CENTRE,1100L-W,Gen Waste,0.401
2008-08-01,Learning & Leisure,LANGBAR EYC - U8EYC189,1100L-C,Card,0.076
2008-08-01,Learning & Leisure,LANGBAR EYC - U8EYC189,1100L-W,Gen Waste,0.211
2008-08-01,Learning & Leisure,LAUREL BANK EYC - SSEYC202,1100L-W,Gen Waste,0.199
2008-08-01,Learning & Leisure,LEEDS MUSEUM DISCOVERY CENTRE,1100L-C,Card,0.12
2008-08-01,Learning & Leisure,LEEDS MUSEUM DISCOVERY CENTRE,660L-W,Gen Waste,0.15
2008-08-01,Learning & Leisure,LEEDS TOWN HALL,1100L-C,Card,0.388
2008-08-01,Learning & Leisure,LEEDS TOWN HALL,1100L-W,Gen Waste,2.182
2008-08-01,Learning & Leisure,LIBRARY HQ - NEW - LIB127,1100L-C,Card,1.099
2008-08-01,Learning & Leisure,LIBRARY HQ - NEW - LIB127,1100L-W,Gen Waste,0.642
2008-08-01,Learning & Leisure,LOTHERTON BIRD GARDEN,1100L-W,Gen Waste,0.4
2008-08-01,Learning & Leisure,LOTHERTON HALL - MUS176,660L-W,Gen Waste,0.143
2008-08-01,Learning & Leisure,MIDDLETON LEISURE CENTRE - SPO159,1100L-C,Card,0.096
2008-08-01,Learning & Leisure,MIDDLETON LEISURE CENTRE - SPO159,1100L-W,Gen Waste,0.463
2008-08-01,Learning & Leisure,MOOR ALLERTON LIBRARY - LIB116,360L-W,Gen Waste,0.15
2008-08-01,Learning & Leisure,MOOR ALLERTON LIBRARY - LIB116,360L-C,Card,0.034
2008-08-01,Learning & Leisure,MORLEY EARLEY YEARS - TRGEYC218,1100L-C,Card,0.102
2008-08-01,Learning & Leisure,MORLEY EARLEY YEARS - TRGEYC218,1100L-W,Gen Waste,0.238
2008-08-01,Learning & Leisure,MORLEY PUBLIC LIBRARY (REAR) - LIB1,1100L-C,Card,0.083
2008-08-01,Learning & Leisure,MORLEY PUBLIC LIBRARY (REAR) - LIB1,360L-W,Gen Waste,0.137
2008-08-01,Learning & Leisure,NESFIELD OUTREACH - U8EYC191,1100L-W,Gen Waste,0.223
2008-08-01,Learning & Leisure,NEW AQUATICS CENTRE,1100L-C,Card,0.189
2008-08-01,Learning & Leisure,NEW AQUATICS CENTRE,1100L-W,Gen Waste,1.847
2008-08-01,Learning & Leisure,NORTH AREA OFFICE - YS277,1100L-C,Card,0.104
2008-08-01,Learning & Leisure,NORTH AREA OFFICE - YS277,1100L-W,Gen Waste,0.197
2008-08-01,Learning & Leisure,OAKDALE EYC - U8EYC192,1100L-C,Card,0.092
2008-08-01,Learning & Leisure,OAKDALE EYC - U8EYC192,1100L-W,Gen Waste,0.197
2008-08-01,Learning & Leisure,OAKWOOD LIBRARY - LIB125,360L-W,Gen Waste,0.126
2008-08-01,Learning & Leisure,OTLEY LIBRARY - LIB135,360L-W,Gen Waste,0.119
2008-08-01,Learning & Leisure,PARKS & COUNTRYSIDES,1100L-C,Card,0.123
2008-08-01,Learning & Leisure,PARKS & COUNTRYSIDES,1100L-W,Gen Waste,0.379
2008-08-01,Learning & Leisure,PUDSEY CIVIC HALL,1100L-W,Gen Waste,0.246
2008-08-01,Learning & Leisure,PUDSEY CIVIC HALL - CATERING,1100L-C,Card,0.252
2008-08-01,Learning & Leisure,PUDSEY LEISURE CENTRE - SPO161,1100L-C,Card,0.128
2008-08-01,Learning & Leisure,PUDSEY LEISURE CENTRE - SPO161,1100L-W,Gen Waste,0.817
2008-08-01,Learning & Leisure,PUDSEY LIBRARY (REAR) - LIB109,1100L-W,Gen Waste,0.262
2008-08-01,Learning & Leisure,QUARRY MOUNT CHILDRENS CENTRE,1100L-W,Gen Waste,0.223
2008-08-01,Learning & Leisure,RED HALL,1100L-C,Card,0.235
2008-08-01,Learning & Leisure,RICHMOND HILL EYC - U8EYC193,1100L-W,Gen Waste,0.382
2008-08-01,Learning & Leisure,RICHMOND HILL SPORTS HALL - SPO155,1100L-W,Gen Waste,0.223
2008-08-01,Learning & Leisure,ROTHWELL LC - SPO279,1100L-C,Card,0.092
2008-08-01,Learning & Leisure,ROTHWELL LIBRARY - LIB104,360L-W,Gen Waste,0.106
2008-08-01,Learning & Leisure,ROUNDHAY MANSION,1100L-C,Card,0.111
2008-08-01,Learning & Leisure,ROUNDHAY MANSION,660L-W,Gen Waste,0.145
2008-08-01,Learning & Leisure,SAILING CENTRE - SPO282,660L-W,Gen Waste,0.151
2008-08-01,Learning & Leisure,SCHOOLS LIBRARY SERVICE,1100L-W,Gen Waste,0.193
2008-08-01,Learning & Leisure,SCOTHALL SPORTS CENTRE - SPO152,1100L-C,Card,0.0
2008-08-01,Learning & Leisure,SCOTHALL SPORTS CENTRE - SPO152,1100L-W,Gen Waste,0.849
2008-08-01,Learning & Leisure,SCOTT HALL EYC - U8EYC195,1100L-C,Card,0.139
2008-08-01,Learning & Leisure,SCOTT HALL EYC - U8EYC195,1100L-W,Gen Waste,0.224
2008-08-01,Learning & Leisure,SEACROFT CC - U8EYC196,1100L-C,Card,0.094
2008-08-01,Learning & Leisure,SEACROFT CC - U8EYC196,1100L-W,Gen Waste,0.203
2008-08-01,Learning & Leisure,SEACROFT LIBRARY (SIDE) - LIB107,1100L-W,Gen Waste,0.204
2008-08-01,Learning & Leisure,SHEPHERD LANE EYC - U8EYC197,1100L-W,Gen Waste,0.207
2008-08-01,Learning & Leisure,SOUTH LEEDS STADIUM,1100L-C,Card,0.181
2008-08-01,Learning & Leisure,SOUTH LEEDS STADIUM,1100L-W,Gen Waste,2.823
2008-08-01,Learning & Leisure,SPRINGFIELD EYC,1100L-W,Gen Waste,0.199
2008-08-01,Learning & Leisure,ST LAWRENCE HOUSE EYC - U8EYC198,1100L-C,Card,0.101
2008-08-01,Learning & Leisure,ST LAWRENCE HOUSE EYC - U8EYC198,1100L-W,Gen Waste,0.252
2008-08-01,Learning & Leisure,TECHNORTH EYC - TRGEYC212,1100L-C,Card,0.221
2008-08-01,Learning & Leisure,TECHNORTH EYC - TRGEYC212,1100L-W,Gen Waste,0.854
2008-08-01,Learning & Leisure,TEMPLE NEWSAM HOUSE - MUS175,1100L-C,Card,0.068
2008-08-01,Learning & Leisure,TEMPLE NEWSAM HOUSE - MUS175,1100L-W,Gen Waste,0.203
2008-08-01,Learning & Leisure,THWAITE MILLS - MUS173,1100L-C,Card,0.077
2008-08-01,Learning & Leisure,THWAITE MILLS - MUS173,1100L-W,Gen Waste,0.212
2008-08-01,Learning & Leisure,TREETOPS COMMUNITY CENTRE,360L-W,Gen Waste,0.143
2008-08-01,Learning & Leisure,TUNSTALL ROAD CENTRE - YS270,1100L-C,Card,0.094
2008-08-01,Learning & Leisure,TUNSTALL ROAD CENTRE - YS270,1100L-W,Gen Waste,0.208
2008-08-01,Learning & Leisure,TWO WILLOWS EYC - U8EYC199,1100L-C,Card,0.102
2008-08-01,Learning & Leisure,TWO WILLOWS EYC - U8EYC199,1100L-W,Gen Waste,0.521
2008-08-01,Learning & Leisure,WEST LEEDS FLC - TRGEYC211,1100L-C,Card,0.097
2008-08-01,Learning & Leisure,WEST LEEDS FLC - TRGEYC211,1100L-W,Gen Waste,0.409
2008-08-01,Learning & Leisure,WETHERBY LEISURE CENTRE - SPO156,1100L-W,Gen Waste,0.407
2008-08-01,Learning & Leisure,WETHERBY LIBRARY - LIB108,360L-W,Gen Waste,0.12
2008-08-01,Learning & Leisure,WINDMILL CHILDRENS CENTRE - U8EYC28,1100L-C,Card,0.091
2008-08-01,Learning & Leisure,WINDMILL CHILDRENS CENTRE - U8EYC28,1100L-W,Gen Waste,0.411
2008-08-01,Learning & Leisure,YEADON LIBRARY - LIB219,360L-W,Gen Waste,0.116
2008-08-01,Resources,CITY SERVICES - PROPERTY MAINTENANC,1100L-C,Card,0.173
2008-08-01,Resources,CITY SERVICES - PROPERTY MAINTENANC,1100L-W,Gen Waste,0.439
2008-08-01,Resources,CLEANING & SERVICES(CITY PRINT),1100L-W,Gen Waste,0.65
2008-08-01,Resources,SECURITY SERVICES,1100L-W,Gen Waste,0.199
2008-08-01,Resources,TRANSPORT AGENCY 36370,1100L-C,Card,0.095
2008-08-01,Resources,TRANSPORT AGENCY 36370,1100L-W,Gen Waste,0.408
2008-08-01,Resources,WESTLAND ROAD DEPOT 77400,1100L-C,Card,0.109
2008-08-01,Resources,WESTLAND ROAD DEPOT 77400,1100L-W,Gen Waste,0.209
2008-08-01,Social Care,15 LAVENDER WALK,660L-C,Card,0.062
2008-08-01,Social Care,15 LAVENDER WALK,660L-W,Gen Waste,0.145
2008-08-01,Social Care,ACORN LODGE - Q890207,1100L-W,Gen Waste,0.216
2008-08-01,Social Care,AMBERTON COURT - S065890,1100L-C,Card,0.087
2008-08-01,Social Care,AMBERTON COURT - S065890,1100L-W,Gen Waste,0.618
2008-08-01,Social Care,APNA DAY CENTRE - S064100,1100L-W,Gen Waste,0.176
2008-08-01,Social Care,BAILEYS HOUSE - 238 - Q888998,1100L-C,Card,0.111
2008-08-01,Social Care,BAILEYS HOUSE - 238 - Q888998,1100L-W,Gen Waste,0.622
2008-08-01,Social Care,BELLE ISLE NEIGHBOURHOOD CENTRE - 9,660L-W,Gen Waste,0.15
2008-08-01,Social Care,BEWERLEY CROFT - 255 - S064200,1100L-C,Card,0.093
2008-08-01,Social Care,BEWERLEY CROFT - 255 - S064200,1100L-W,Gen Waste,0.528
2008-08-01,Social Care,BODMIN ROAD 2 - 81,660L-W,Gen Waste,0.144
2008-08-01,Social Care,BODMIN ROAD 4 - 70,660L-W,Gen Waste,0.143
2008-08-01,Social Care,BRAMLEY LAWN DC - S063921,1100L-W,Gen Waste,0.284
2008-08-01,Social Care,BRAMLEY TC - 362 - S066251,1100L-C,Card,0.118
2008-08-01,Social Care,BRAMLEY TC - 362 - S066251,1100L-W,Gen Waste,0.564
2008-08-01,Social Care,BROOKSBANK - 141 Q893778,1100L-C,Card,0.089
2008-08-01,Social Care,BROOKSBANK - 141 Q893778,1100L-W,Gen Waste,0.403
2008-08-01,Social Care,BROOM COURT - 242 S066401,1100L-C,Card,0.092
2008-08-01,Social Care,BROOM COURT - 242 S066401,1100L-W,Gen Waste,0.617
2008-08-01,Social Care,BURLEY WILLOWS - 170 - S064513,1100L-C,Card,0.113
2008-08-01,Social Care,BURLEY WILLOWS - 170 - S064513,1100L-W,Gen Waste,0.428
2008-08-01,Social Care,BURLEY WILLOWS DC - 523,1100L-W,Gen Waste,0.219
2008-08-01,Social Care,CALVERLANDS DC - 516,1100L-C,Card,0.122
2008-08-01,Social Care,CALVERLANDS DC - 516,1100L-W,Gen Waste,0.216
2008-08-01,Social Care,COTTINGLEY COURT - 253,1100L-W,Gen Waste,0.771
2008-08-01,Social Care,CRISIS CENTRE - 353 - Q900405,1100L-C,Card,0.101
2008-08-01,Social Care,CRISIS CENTRE - 353 - Q900405,1100L-W,Gen Waste,0.206
2008-08-01,Social Care,CROSSGATES LIBRARY,1100L-C,Card,0.09
2008-08-01,Social Care,DELPH MANOR - 230 - Q829527,1100L-W,Gen Waste,0.836
2008-08-01,Social Care,DOLPHIN MANOR - S065663,1100L-C,Card,0.088
2008-08-01,Social Care,DOLPHIN MANOR - S065663,1100L-W,Gen Waste,0.646
2008-08-01,Social Care,EASDALE CLOSE,360L-W,Gen Waste,0.235
2008-08-01,Social Care,EAST LEEDS FAMILY RC  Q874041,1100L-W,Gen Waste,0.198
2008-08-01,Social Care,EASTMOOR CSU - 126 - S066405,1100L-C,Card,0.194
2008-08-01,Social Care,EASTMOOR CSU - 126 - S066405,1100L-W,Gen Waste,1.648
2008-08-01,Social Care,FAIRVIEW - S066039,1100L-C,Card,0.09
2008-08-01,Social Care,FAIRVIEW - S066039,1100L-W,Gen Waste,0.399
2008-08-01,Social Care,FARFIELD DC - S063922,660L-W,Gen Waste,0.171
2008-08-01,Social Care,FIRTHFIELDS DC - S065781,1100L-C,Card,0.081
2008-08-01,Social Care,FIRTHFIELDS DC - S065781,1100L-W,Gen Waste,0.2
2008-08-01,Social Care,FREDERICK HURDLE DC - 509 Q894243,1100L-C,Card,0.116
2008-08-01,Social Care,FREDERICK HURDLE DC - 509 Q894243,1100L-W,Gen Waste,0.203
2008-08-01,Social Care,GANNERS GREEN - 66 - Q874398,360L-W,Gen Waste,0.29
2008-08-01,Social Care,GRANGE COURT - S063964,1100L-C,Card,0.089
2008-08-01,Social Care,GRANGE COURT - S063964,1100L-W,Gen Waste,0.422
2008-08-01,Social Care,GREEN THE - 176 - S066593,1100L-W,Gen Waste,0.421
2008-08-01,Social Care,GREEN THE DC - S066593,1100L-C,Card,0.088
2008-08-01,Social Care,GREEN THE DC - S066593,1100L-W,Gen Waste,0.2
2008-08-01,Social Care,HARRY BOOTH HOUSE - S063957,1100L-C,Card,0.089
2008-08-01,Social Care,HARRY BOOTH HOUSE - S063957,1100L-W,Gen Waste,0.759
2008-08-01,Social Care,HEALEY CROFT - 229,1100L-W,Gen Waste,0.411
2008-08-01,Social Care,HOLBECK DC - S063712,1100L-C,Card,0.115
2008-08-01,Social Care,HOLBECK DC - S063712,1100L-W,Gen Waste,0.284
2008-08-01,Social Care,HOME LEA HOUSE - S064059,1100L-C,Card,0.089
2008-08-01,Social Care,HOME LEA HOUSE - S064059,1100L-W,Gen Waste,0.62
2008-08-01,Social Care,HORSFORTH - 359 - Q895809,1100L-C,Card,0.099
2008-08-01,Social Care,HORSFORTH - 359 - Q895809,1100L-W,Gen Waste,0.39
2008-08-01,Social Care,HOUGH LANE CENTRE,1100L-C,Card,0.132
2008-08-01,Social Care,HOUGH LANE CENTRE,1100L-W,Gen Waste,0.514
2008-08-01,Social Care,HUNSLET HALL - 6,1100L-W,Gen Waste,0.515
2008-08-01,Social Care,HUNSLET HALL - 6,660L-C,Card,0.056
2008-08-01,Social Care,HUNSLET HALL ANNEX,360L-C,Card,0.01
2008-08-01,Social Care,INGLEWOOD - 46 - S066331,1100L-W,Gen Waste,0.427
2008-08-01,Social Care,IVESON APPROACH - 68 - Q882007,1100L-W,Gen Waste,0.213
2008-08-01,Social Care,JOSEPH STREET - 239 - S066530,1100L-W,Gen Waste,0.389
2008-08-01,Social Care,KIRKLAND HOUSE - 164 - S064209,1100L-C,Card,0.123
2008-08-01,Social Care,KIRKLAND HOUSE - 164 - S064209,1100L-W,Gen Waste,0.436
2008-08-01,Social Care,KNOWLE MANOR - S064208,1100L-W,Gen Waste,0.808
2008-08-01,Social Care,LAUREL BANK DC - S066161,1100L-C,Card,0.084
2008-08-01,Social Care,LAUREL BANK DC - S066161,1100L-W,Gen Waste,0.208
2008-08-01,Social Care,LEE GRANGE - 251,1100L-W,Gen Waste,0.646
2008-08-01,Social Care,LEEDS CTR INTERGR LIV - 340 Q892988,1100L-C,Card,0.109
2008-08-01,Social Care,LEEDS CTR INTERGR LIV - 340 Q892988,1100L-W,Gen Waste,0.483
2008-08-01,Social Care,LINCOLNFIELDS DC - 501 - S063821,1100L-C,Card,0.082
2008-08-01,Social Care,LINCOLNFIELDS DC - 501 - S063821,1100L-W,Gen Waste,0.195
2008-08-01,Social Care,LUTTRELL CRESCENT - 72,660L-W,Gen Waste,0.148
2008-08-01,Social Care,MANORFIELD HOUSE - 161 - Q897775,1100L-C,Card,0.14
2008-08-01,Social Care,MANORFIELD HOUSE - 161 - Q897775,1100L-W,Gen Waste,0.407
2008-08-01,Social Care,MARINERS DC - 332 - S066141,1100L-C,Card,0.099
2008-08-01,Social Care,MARINERS DC - 332 - S066141,1100L-W,Gen Waste,0.503
2008-08-01,Social Care,MAWCROFT GRANGE - 234,1100L-W,Gen Waste,0.428
2008-08-01,Social Care,MIDDLECROSS - HOP,1100L-W,Gen Waste,0.415
2008-08-01,Social Care,MIDDLECROSS DC - 512 - S065939,1100L-C,Card,0.104
2008-08-01,Social Care,MIDDLECROSS DC - 512 - S065939,1100L-W,Gen Waste,0.198
2008-08-01,Social Care,MIDDLETON ADVICE CENTRE - 594,1100L-C,Card,0.092
2008-08-01,Social Care,MIDDLETON ADVICE CENTRE - 594,1100L-W,Gen Waste,0.188
2008-08-01,Social Care,MOOR END TC - 358 - Q896765,1100L-C,Card,0.092
2008-08-01,Social Care,MOOR END TC - 358 - Q896765,1100L-W,Gen Waste,0.427
2008-08-01,Social Care,MUSGRAVE COURT - 168 - S066540,1100L-W,Gen Waste,0.487
2008-08-01,Social Care,NABURN COURT DC - 316 - S066370,1100L-C,Card,0.082
2008-08-01,Social Care,NABURN COURT DC - 316 - S066370,1100L-W,Gen Waste,0.205
2008-08-01,Social Care,OLD MIDDLETON OFFICE,1100L-W,Gen Waste,0.202
2008-08-01,Social Care,OSMONDTHORPE RES CTR - 331 Q892091,1100L-C,Card,0.082
2008-08-01,Social Care,OSMONDTHORPE RES CTR - 331 Q892091,1100L-W,Gen Waste,0.409
2008-08-01,Social Care,PARKLEES HOP -,1100L-C,Card,0.083
2008-08-01,Social Care,PARKLEES HOP -,1100L-W,Gen Waste,0.507
2008-08-01,Social Care,PINFOLDS - 243,1100L-C,Card,0.094
2008-08-01,Social Care,PINFOLDS - 243,1100L-W,Gen Waste,0.387
2008-08-01,Social Care,POTTERNEWTON - 367 - S063891,1100L-W,Gen Waste,0.622
2008-08-01,Social Care,PRIMROSE HILL - 171 S065699,1100L-W,Gen Waste,0.413
2008-08-01,Social Care,QUEENSWOOD DRIVE DC - S065697,1100L-C,Card,0.113
2008-08-01,Social Care,QUEENSWOOD DRIVE DC - S065697,660L-W,Gen Waste,0.142
2008-08-01,Social Care,RADCLIFFE LANE DC -  S066696,1100L-C,Card,0.14
2008-08-01,Social Care,RADCLIFFE LANE DC -  S066696,1100L-W,Gen Waste,0.266
2008-08-01,Social Care,RAMSHEAD WOOD - 363,1100L-C,Card,0.073
2008-08-01,Social Care,RAMSHEAD WOOD - 363,1100L-W,Gen Waste,0.411
2008-08-01,Social Care,RAYNELL DRIVE - 444 Q862300,1100L-W,Gen Waste,0.205
2008-08-01,Social Care,RICHMOND HILL DC - 322 S063822,1100L-W,Gen Waste,0.2
2008-08-01,Social Care,RICHMOND HOUSE - S065911,1100L-W,Gen Waste,0.796
2008-08-01,Social Care,RIDGESIDE,1100L-W,Gen Waste,0.604
2008-08-01,Social Care,ROOS COURT - 235 - Q859440,1100L-W,Gen Waste,0.453
2008-08-01,Social Care,ROSE FARM DC - 314 - Q880559,1100L-C,Card,0.103
2008-08-01,Social Care,ROSE FARM DC - 314 - Q880559,1100L-W,Gen Waste,0.434
2008-08-01,Social Care,ROSEVILLE ENTERPRISE PARK,660L-C,Card,0.08
2008-08-01,Social Care,ROSSEDENE - 231 - Q849090,1100L-W,Gen Waste,0.799
2008-08-01,Social Care,ROTHWELL- A T C - S064341,1100L-C,Card,0.086
2008-08-01,Social Care,ROTHWELL- A T C - S064341,1100L-C,Card,0.076
2008-08-01,Social Care,ROTHWELL- A T C - S064341,1100L-W,Gen Waste,0.426
2008-08-01,Social Care,SIEGEN DC 325 - S064988,1100L-W,Gen Waste,0.246
2008-08-01,Social Care,SIEGEN MANOR HOP AND CENTRE - 169,1100L-C,Card,0.106
2008-08-01,Social Care,SIEGEN MANOR HOP AND CENTRE - 169,1100L-W,Gen Waste,0.494
2008-08-01,Social Care,SPEN CROFT HOSTEL - Q884463,1100L-C,Card,0.107
2008-08-01,Social Care,SPEN CROFT HOSTEL - Q884463,1100L-W,Gen Waste,0.22
2008-08-01,Social Care,SPEN CROFT HOSTEL - Q884463,1100L-W,Gen Waste,0.205
2008-08-01,Social Care,SPRING GARDENS - 162 Q895017,1100L-W,Gen Waste,0.433
2008-08-01,Social Care,SPRING GARDENS ANNEXE - S063961,1100L-W,Gen Waste,0.209
2008-08-01,Social Care,SPRINGFIELD DC - 519 - S066010,1100L-C,Card,0.088
2008-08-01,Social Care,SPRINGFIELD DC - 519 - S066010,1100L-W,Gen Waste,0.216
2008-08-01,Social Care,SQUIRREL WAY - 82 Q892331,1100L-C,Card,0.112
2008-08-01,Social Care,SQUIRREL WAY - 82 Q892331,1100L-W,Gen Waste,1.065
2008-08-01,Social Care,ST CATHERINES DRIVE - 77,1100L-W,Gen Waste,0.255
2008-08-01,Social Care,STOCKS HILL DC - 345 Q878493,1100L-C,Card,0.12
2008-08-01,Social Care,STOCKS HILL DC - 345 Q878493,1100L-W,Gen Waste,0.205
2008-08-01,Social Care,SUFFOLK COURT - 137 - Q894346,1100L-C,Card,0.082
2008-08-01,Social Care,SUFFOLK COURT - 137 - Q894346,1100L-W,Gen Waste,0.431
2008-08-01,Social Care,TEMPLARS CROFT - 233 - S065942,1100L-W,Gen Waste,0.398
2008-08-01,Social Care,THE VALE DC - 347 - S064298,1100L-C,Card,0.088
2008-08-01,Social Care,THE VALE DC - 347 - S064298,1100L-W,Gen Waste,0.23
2008-08-01,Social Care,WEST ARDSLEY  ATC- S065913,1100L-C,Card,0.101
2008-08-01,Social Care,WEST ARDSLEY  ATC- S065913,1100L-W,Gen Waste,0.808
2008-08-01,Social Care,WETHERBY DAY SERVICES - S065123,1100L-W,Gen Waste,0.428
2008-08-01,Social Care,WHITE ROSE HOUSE - 2,1100L-C,Card,0.106
2008-08-01,Social Care,WHITE ROSE HOUSE - 2,1100L-W,Gen Waste,0.401
2008-08-01,Social Care,WINDLESFORD GREEN - 232,1100L-W,Gen Waste,0.411
2008-08-01,Social Care,WOOD LANE,1100L-W,Gen Waste,0.188
2008-08-01,Social Care,WOOD LANE,1100L-W,Gen Waste,0.217
2008-08-01,Social Care,WOODHOUSE DC - S063840,1100L-C,Card,0.103
2008-08-01,Social Care,WOODHOUSE DC - S063840,1100L-W,Gen Waste,0.218
2008-08-01,Social Care,WYKEBECK VALLEY DC - 317,1100L-C,Card,0.111
2008-08-01,Social Care,WYKEBECK VALLEY DC - 317,1100L-W,Gen Waste,0.195
2008-08-01,Social Care,YOUTH JUSTICE SERVICE,1100L-W,Gen Waste,0.222
2008-08-01,Social Care,YOUTH OFFENDING TEAM,1100L-C,Card,0.1
2008-08-01,Social Care,YOUTH OFFENDING TEAM,1100L-W,Gen Waste,0.189
2008-08-01,TBC,CITY ART GALLERY - MUS285,1100L-W,Gen Waste,0.694
2008-08-01,TBC,LEEDS C C - EVENTS TEAM,1100L-W,Gen Waste,0.456
2008-08-01,TBC,LEEDS C C - EVENTS TEAM,360L-W,Gen Waste,0.192
2008-08-01,TBC,WESTHOLME - 183 - S066464,1100L-C,Card,0.119
2008-08-01,TBC,WESTHOLME - 183 - S066464,1100L-W,Gen Waste,0.424
2008-08-01,W ALMO,BRAMLEY NHO,1100L-W,Gen Waste,0.277
2008-08-01,W ALMO,HORSFORTH NHO,660L-W,Gen Waste,0.16
2008-08-01,W ALMO,HOUSING REGISTER,360L-W,Gen Waste,0.109
2008-08-01,W ALMO,KIRKSTALL NHO,1100L-W,Gen Waste,0.201
2008-08-01,W ALMO,PROGRESS HOUSE,1100L-W,Gen Waste,0.276
2008-08-01,W ALMO,SILVER ROYD HILL,1100L-W,Gen Waste,0.217
2008-08-01,W ALMO,WEETWOOD NHO,360L-W,Gen Waste,0.12
2008-08-01,W ALMO,WESTFIELD CHAMBERS,1100L-W,Gen Waste,0.2
2008-09-01,AIRE ALMO,"NAVAGATION HOUSE, LEEDS SOUTH HOMES",1100L-C,Card,0.101
2008-09-01,AIRE ALMO,"NAVAGATION HOUSE, LEEDS SOUTH HOMES",1100L-W,Gen Waste,0.415
2008-09-01,AIRE ALMO,SWARCLIFFE NHO,1100L-C,Card,0.096
2008-09-01,AIRE ALMO,SWARCLIFFE NHO,1100L-W,Gen Waste,0.199
2008-09-01,AIRE ALMO,SWARCLIFFE NHO,660L-C,Card,0.0
2008-09-01,City Development,ARKITECTURAL DESIGN,1100L-C,Card,0.087
2008-09-01,City Development,ARKITECTURAL DESIGN,1100L-W,Gen Waste,0.412
2008-09-01,City Development,PUDSEY MARKETS,1100L-C,Card,1.208
2008-09-01,City Development,PUDSEY MARKETS,1100L-W,Gen Waste,2.736
2008-09-01,City Development,TAXI LICENSING,1100L-C,Card,0.077
2008-09-01,City Development,TAXI LICENSING,1100L-W,Gen Waste,0.206
2008-09-01,City Services,AIREBOROUGH NEW ROADSIDE 03044,1100L-C,Card,0.089
2008-09-01,City Services,AIREBOROUGH NEW ROADSIDE 03044,1100L-W,Gen Waste,0.108
2008-09-01,City Services,ALLERTON BYWATER CENTRE - YS220,360L-W,Gen Waste,0.121
2008-09-01,City Services,ALLERTON BYWATER CENTRE - YS220,360L-C,Card,0.01
2008-09-01,City Services,ALSTON LANE CENTRE - YS221,660L-W,Gen Waste,0.103
2008-09-01,City Services,APEX HOUSE,1100L-C,Card,0.176
2008-09-01,City Services,APEX HOUSE,1100L-W,Gen Waste,0.83
2008-09-01,City Services,APEX HOUSE,660L-C,Card,0.059
2008-09-01,City Services,ARMLEY OSC 03082,1100L-C,Card,0.095
2008-09-01,City Services,ARMLEY OSC 03082,1100L-W,Gen Waste,0.203
2008-09-01,City Services,BANGLADESHI CENTRE - YS223,1100L-C,Card,0.094
2008-09-01,City Services,BANGLADESHI CENTRE - YS223,1100L-W,Gen Waste,0.397
2008-09-01,City Services,BARLEYFIELDS CENTRE - YS224,660L-W,Gen Waste,0.149
2008-09-01,City Services,BELGRAVE HOUSE,1100L-C,Card,0.195
2008-09-01,City Services,BELGRAVE HOUSE,1100L-W,Gen Waste,0.443
2008-09-01,City Services,BLACKBURN HALL - AET143,1100L-W,Gen Waste,0.421
2008-09-01,City Services,BOSTON SPA CENTRE - YS226,660L-W,Gen Waste,0.145
2008-09-01,City Services,CANON HOUSE 03025,1100L-C,Card,0.097
2008-09-01,City Services,CANON HOUSE 03026,1100L-W,Gen Waste,0.42
2008-09-01,City Services,CANON HOUSE 03027,1100L-W,Gen Waste,0.428
2008-09-01,City Services,CATERING - BEESTON PRIMARY,1100L-W,Gen Waste,0.205
2008-09-01,City Services,CIVIC HALL - CITY SERVICES DEPT,660L-C,Card,4.228
2008-09-01,City Services,CIVIC HALL - CITY SERVICES DEPT,660L-W,Gen Waste,3.049
2008-09-01,City Services,CIVIC HALL - CITY SERVICES DEPT,1100L-C,Card,0.0
2008-09-01,City Services,CROSS GREEN CENTRE - YS230,1100L-W,Gen Waste,0.272
2008-09-01,City Services,CROSSGATES CENTRE - YS231,1100L-C,Card,0.096
2008-09-01,City Services,CROSSGATES CENTRE - YS231,1100L-W,Gen Waste,0.218
2008-09-01,City Services,DEWSBURY ROAD OSC 03083,1100L-C,Card,0.089
2008-09-01,City Services,DEWSBURY ROAD OSC 03083,1100L-W,Gen Waste,0.432
2008-09-01,City Services,EBOR GARDENS COMM CENT- YS233,1100L-C,Card,0.099
2008-09-01,City Services,EBOR GARDENS COMM CENT- YS233,1100L-W,Gen Waste,0.205
2008-09-01,City Services,EVOLUTION HOUSE,1100L-C,Card,0.094
2008-09-01,City Services,EVOLUTION HOUSE,1100L-W,Gen Waste,0.397
2008-09-01,City Services,FIELDHEAD CARR CENTRE - YS234,660L-W,Gen Waste,0.149
2008-09-01,City Services,FIR TREE SCHOOL,1100L-W,Gen Waste,0.0
2008-09-01,City Services,GARFORTH OSC - MAIN STREET 03051,1100L-C,Card,0.088
2008-09-01,City Services,GARFORTH OSC - MAIN STREET 03051,1100L-W,Gen Waste,0.201
2008-09-01,City Services,GILDERSOME YOUTH CENTRE,1100L-W,Gen Waste,0.231
2008-09-01,City Services,HAREHILLS PLACE COMMUNITY CENTRE,1100L-W,Gen Waste,0.225
2008-09-01,City Services,HEADINGLEY COMMUNITY CENTRE,1100L-W,Gen Waste,0.279
2008-09-01,City Services,HEADINGLEY COMMUNITY CENTRE,660L-C,Card,0.017
2008-09-01,City Services,HENRY BARRAN CENTRE - YS240,1100L-C,Card,0.079
2008-09-01,City Services,HENRY BARRAN CENTRE - YS240,1100L-W,Gen Waste,0.404
2008-09-01,City Services,HOLBECK YOUTH CENTRE,1100L-W,Gen Waste,0.193
2008-09-01,City Services,HOUGH TOP COURT 03027,1100L-C,Card,0.122
2008-09-01,City Services,HOUGH TOP COURT 03027,1100L-W,Gen Waste,0.81
2008-09-01,City Services,KENTMERE CENTRE - YS244,1100L-C,Card,0.09
2008-09-01,City Services,KENTMERE CENTRE - YS244,1100L-W,Gen Waste,0.205
2008-09-01,City Services,KIPPAX YOUTH CENTRE,660L-W,Gen Waste,0.157
2008-09-01,City Services,KNOWSTHORPE GATE SUPPORT SER 43390,1100L-C,Card,0.201
2008-09-01,City Services,LANDMARK COURT,1100L-C,Card,0.081
2008-09-01,City Services,LANDMARK COURT,1100L-W,Gen Waste,0.202
2008-09-01,City Services,LINCOLN GREEN YOUTH CENTRE,1100L-W,Gen Waste,0.2
2008-09-01,City Services,LITTLE LONDON COMMUNITY CENTRE,1100L-W,Gen Waste,0.265
2008-09-01,City Services,LITTLE LONDON COMMUNITY CENTRE,1100L-C,Card,0.076
2008-09-01,City Services,MANDELA CENTRE,1100L-C,Card,0.094
2008-09-01,City Services,MANDELA CENTRE,1100L-W,Gen Waste,0.51
2008-09-01,City Services,MEANWOOD COMMUNITY CENTRE,1100L-W,Gen Waste,0.258
2008-09-01,City Services,MEANWOOD COMMUNITY CENTRE,1100L-C,Card,0.072
2008-09-01,City Services,MERRION HOUSE,1100L-C,Card,0.354
2008-09-01,City Services,MERRION HOUSE,1100L-W,Gen Waste,4.377
2008-09-01,City Services,MERRION HOUSE,360L-C,Card,0.175
2008-09-01,City Services,MERRION HOUSE,660L-C,Card,0.368
2008-09-01,City Services,METHLEY CENTRE,1100L-W,Gen Waste,0.21
2008-09-01,City Services,MICKLEFIELD YOUTH CENTRE,1100L-W,Gen Waste,0.21
2008-09-01,City Services,MICKLEFIELD YOUTH CENTRE,660L-C,Card,0.011
2008-09-01,City Services,MIDDLETON PARK HIGHWAYS 03034,1100L-C,Card,0.337
2008-09-01,City Services,MIDDLETON PARK HIGHWAYS 03034,1100L-W,Gen Waste,0.702
2008-09-01,City Services,MIDDLETON SKILLS CENTRE - YS253,1100L-C,Card,0.101
2008-09-01,City Services,MIDDLETON SKILLS CENTRE - YS253,1100L-W,Gen Waste,0.207
2008-09-01,City Services,MORLEY TOWN HALL 03060,1100L-C,Card,0.179
2008-09-01,City Services,MORLEY TOWN HALL 03060,1100L-W,Gen Waste,0.404
2008-09-01,City Services,NOWELL MOUNT CENTRE - YS254,1100L-W,Gen Waste,0.216
2008-09-01,City Services,OLD COCKBURN SPORTS HALL,1100L-W,Gen Waste,0.182
2008-09-01,City Services,OSMONDTHORPE OSC 03085,1100L-C,Card,0.089
2008-09-01,City Services,OSMONDTHORPE OSC 03085,1100L-W,Gen Waste,0.376
2008-09-01,City Services,OTLEY A O 03066,1100L-W,Gen Waste,0.273
2008-09-01,City Services,PAKISTANI CENTRE - YS256,1100L-C,Card,0.0
2008-09-01,City Services,PALACE PROJECT - YS257,1100L-W,Gen Waste,0.207
2008-09-01,City Services,PRINCE PHILLIP CENTRE - YS258,1100L-C,Card,0.102
2008-09-01,City Services,PRINCE PHILLIP CENTRE - YS258,1100L-W,Gen Waste,0.55
2008-09-01,City Services,PUDSEY TOWN HALL 03071,1100L-W,Gen Waste,0.588
2008-09-01,City Services,PUDSEY TOWN HALL 03071,660L-C,Card,0.125
2008-09-01,City Services,RICHMOND HILL CENTRE - YS259,1100L-W,Gen Waste,0.207
2008-09-01,City Services,RICHMOND HILL CENTRE - YS259,660L-W,Gen Waste,0.15
2008-09-01,City Services,RICHMOND HILL CENTRE - YS259,660L-C,Card,0.019
2008-09-01,City Services,ROSE LUND CENTRE - YS260,660L-W,Gen Waste,0.149
2008-09-01,City Services,ROTHWELL A O - 03074,1100L-C,Card,0.098
2008-09-01,City Services,ROTHWELL A O - 03074,1100L-W,Gen Waste,0.221
2008-09-01,City Services,SOUTH GIPTON CENTRE - YS263,1100L-W,Gen Waste,0.22
2008-09-01,City Services,SOUTH LEEDS FLC,1100L-C,Card,0.085
2008-09-01,City Services,SOUTH LEEDS FLC,1100L-W,Gen Waste,1.162
2008-09-01,City Services,SOUTH SEACROFT OSC,1100L-C,Card,0.09
2008-09-01,City Services,SOUTH SEACROFT OSC,660L-C,Card,0.112
2008-09-01,City Services,SOUTH SEACROFT OSC,660L-W,Gen Waste,0.418
2008-09-01,City Services,ST GABRIELS CENTRE - YS264,660L-W,Gen Waste,0.142
2008-09-01,City Services,ST GEORGES CENTRE 03036,1100L-C,Card,0.162
2008-09-01,City Services,ST GEORGES CENTRE 03036,1100L-W,Gen Waste,0.432
2008-09-01,City Services,ST GREGORYS Y & A CENTRE,1100L-C,Card,0.092
2008-09-01,City Services,ST GREGORYS Y & A CENTRE,1100L-W,Gen Waste,0.223
2008-09-01,City Services,ST MATTHEWS CENTRE - YS266,1100L-W,Gen Waste,0.2
2008-09-01,City Services,ST MATTHEWS CENTRE - YS266,1100L-C,Card,0.062
2008-09-01,City Services,STANHOPE DRIVE YOUTH CENTRE,660L-W,Gen Waste,0.155
2008-09-01,City Services,STRAWBERRY LANE CENTRE - YS268,1100L-C,Card,0.075
2008-09-01,City Services,STRAWBERRY LANE CENTRE - YS268,1100L-W,Gen Waste,0.212
2008-09-01,City Services,THE LEONARDO BUILDING 03020,1100L-C,Card,1.607
2008-09-01,City Services,THE LEONARDO BUILDING 03020,1100L-W,Gen Waste,1.104
2008-09-01,City Services,THORESBY HOUSE 03017,1100L-C,Card,3.24
2008-09-01,City Services,THORESBY HOUSE 03017,1100L-W,Gen Waste,2.154
2008-09-01,City Services,TINGLEY YOUTH & COMMUNITY CENTRE,660L-W,Gen Waste,0.15
2008-09-01,City Services,WELFARE RIGHTS UNIT,1100L-W,Gen Waste,0.204
2008-09-01,City Services,WELFARE RIGHTS UNIT,660L-C,Card,0.014
2008-09-01,City Services,WESTON LANE CENTRE - YS272,1100L-W,Gen Waste,0.271
2008-09-01,City Services,WETHERBY A O 03078,1100L-W,Gen Waste,0.203
2008-09-01,City Services,WINDMILL YOUTH CENTRE,1100L-W,Gen Waste,0.214
2008-09-01,City Services,WINDMILL YOUTH CENTRE,1100L-C,Card,0.054
2008-09-01,City Services,WOODHOUSE COMMUNITY CENTRE,1100L-W,Gen Waste,0.261
2008-09-01,City Services,WOODHOUSE COMMUNITY CENTRE,1100L-C,Card,0.09
2008-09-01,City Services,WOODSLEY ROAD CENTRE - YS275,1100L-W,Gen Waste,0.544
2008-09-01,City Services,YEADON TOWN HALL - AET149,1100L-C,Card,0.081
2008-09-01,City Services,YEADON TOWN HALL - AET149,1100L-W,Gen Waste,0.517
2008-09-01,E ALMO,BUILDING SERVICES,1100L-C,Card,0.069
2008-09-01,E ALMO,BUILDING SERVICES,1100L-W,Gen Waste,0.216
2008-09-01,E ALMO,BURMANTOFTS NH,1100L-W,Gen Waste,0.209
2008-09-01,E ALMO,BURMANTOFTS NH,1100L-C,Card,0.05
2008-09-01,E ALMO,BUTTON HILL COMMUNITY CENTRE,1100L-W,Gen Waste,0.247
2008-09-01,E ALMO,GIPTON NHO,660L-W,Gen Waste,0.144
2008-09-01,E ALMO,GIPTON NHO,660L-C,Card,0.011
2008-09-01,E ALMO,HAREHILLS & CHAPEL TOWN NHO,1100L-W,Gen Waste,0.209
2008-09-01,E ALMO,HAREHILLS & CHAPEL TOWN NHO,1100L-C,Card,0.08
2008-09-01,E ALMO,MEANWOOD NHO,1100L-W,Gen Waste,0.269
2008-09-01,E ALMO,MOORTOWN NHO,1100L-W,Gen Waste,0.217
2008-09-01,E ALMO,MOORTOWN NHO,1100L-C,Card,0.052
2008-09-01,E ALMO,RICHOMOND HILL NHO,660L-W,Gen Waste,0.144
2008-09-01,E ALMO,SEACROFT NORTH 0SS - S066640,1100L-C,Card,0.095
2008-09-01,E ALMO,SEACROFT NORTH 0SS - S066640,1100L-W,Gen Waste,0.208
2008-09-01,E ALMO,TRIBECA HOUSE,660L-C,Card,0.125
2008-09-01,E ALMO,TRIBECA HOUSE,660L-W,Gen Waste,0.45
2008-09-01,Education Leeds/Schools,ARTEMIS,1100L-W,Gen Waste,0.211
2008-09-01,Education Leeds/Schools,BLENHEIM CENTRE,1100L-W,Gen Waste,0.251
2008-09-01,Education Leeds/Schools,BLENHEIM CENTRE,1100L-W,Gen Waste,0.244
2008-09-01,Education Leeds/Schools,BLENHEIM CENTRE,1100L-W,Gen Waste,0.278
2008-09-01,Education Leeds/Schools,BRUDENELL PRIMARY SCHOOL,1100L-W,Gen Waste,0.776
2008-09-01,Education Leeds/Schools,ELMETE CENTRE,1100L-C,Card,0.094
2008-09-01,Education Leeds/Schools,ELMETE CENTRE,1100L-C,Card,0.08
2008-09-01,Education Leeds/Schools,ELMETE CENTRE,1100L-W,Gen Waste,0.366
2008-09-01,Education Leeds/Schools,ELMETE CENTRE,1100L-W,Gen Waste,0.368
2008-09-01,Education Leeds/Schools,ELMETE CENTRE,1100L-W,Gen Waste,0.357
2008-09-01,Education Leeds/Schools,GRAFTON SITE,1100L-C,Card,0.094
2008-09-01,Education Leeds/Schools,GRAFTON SITE,1100L-W,Gen Waste,0.261
2008-09-01,Education Leeds/Schools,HORSFORTH SCHOOL,1100L-C,Card,0.4
2008-09-01,Education Leeds/Schools,HORSFORTH SCHOOL,1100L-W,Gen Waste,2.808
2008-09-01,Education Leeds/Schools,SOUTH PUDSEY COMMUNITY CENTRE,1100L-W,Gen Waste,0.234
2008-09-01,Education Leeds/Schools,SOUTH PUDSEY COMMUNITY CENTRE,1100L-C,Card,0.081
2008-09-01,Education Leeds/Schools,THE BEST HOUSE,360L-W,Gen Waste,0.108
2008-09-01,Education Leeds/Schools,WEST END PRIMARY SCHOOL,1100L-C,Card,0.088
2008-09-01,Education Leeds/Schools,WEST END PRIMARY SCHOOL,1100L-W,Gen Waste,0.809
2008-09-01,Education Leeds/Schools,WEST PARK CENTRE,1100L-C,Card,0.12
2008-09-01,Education Leeds/Schools,WEST PARK CENTRE,1100L-C,Card,0.102
2008-09-01,Education Leeds/Schools,WEST PARK CENTRE,1100L-W,Gen Waste,0.274
2008-09-01,Education Leeds/Schools,WEST PARK CENTRE,1100L-W,Gen Waste,0.261
2008-09-01,Education Leeds/Schools,WEST PARK CENTRE,1100L-W,Gen Waste,0.34
2008-09-01,Education Leeds/Schools,WEST PARK CENTRE,1100L-W,Gen Waste,0.268
2008-09-01,Environment & Neighbourhoods,AIRE VALLEY TEAM - BELLE ISLE FOUND,660L-C,Card,0.062
2008-09-01,Environment & Neighbourhoods,EAST LEEDS AREA MANAGEMENT TEAM,1100L-C,Card,0.09
2008-09-01,Environment & Neighbourhoods,EAST LEEDS AREA MANAGEMENT TEAM,1100L-W,Gen Waste,0.195
2008-09-01,Environment & Neighbourhoods,ENVIROMENTAL HEALTH NEW ADD,660L-C,Card,0.065
2008-09-01,Environment & Neighbourhoods,ENVIROMENTAL HEALTH NEW ADD,660L-W,Gen Waste,0.142
2008-09-01,Environment & Neighbourhoods,HILLSIDE HOSTEL,1100L-C,Card,0.098
2008-09-01,Environment & Neighbourhoods,HILLSIDE HOSTEL,1100L-W,Gen Waste,0.628
2008-09-01,Environment & Neighbourhoods,KIRKGATE CHAMBERS,360L-C,Card,0.035
2008-09-01,Environment & Neighbourhoods,LEEDS COMMUNITY SAFETY,660L-C,Card,0.071
2008-09-01,Environment & Neighbourhoods,MILLSHAW ENVIRONMENTAL HEALTH OFFICE,1100L-C,Card,0.092
2008-09-01,Environment & Neighbourhoods,MILLSHAW ENVIRONMENTAL HEALTH OFFICE,1100L-W,Gen Waste,0.209
2008-09-01,Environment & Neighbourhoods,PENNINGTON PLACE,1100L-W,Gen Waste,0.802
2008-09-01,Environment & Neighbourhoods,RESETTLEMENT SERVICES,1100L-W,Gen Waste,0.207
2008-09-01,Environment & Neighbourhoods,RESETTLEMENT SERVICES,1100L-C,Card,0.074
2008-09-01,Environment & Neighbourhoods,RICHMOND COURT,1100L-W,Gen Waste,0.85
2008-09-01,Environment & Neighbourhoods,THE HOLLIES,1100L-W,Gen Waste,0.747
2008-09-01,Highways,POTTERY FIELDS DEPOT,1100L-C,Card,0.098
2008-09-01,Highways,POTTERY FIELDS DEPOT,1100L-W,Gen Waste,0.209
2008-09-01,Learning & Leisure,ARDSLEY/TINGLEY LIBRARY,660L-W,Gen Waste,0.144
2008-09-01,Learning & Leisure,ARMLEY EYC - OUTREACH CENTRE,1100L-W,Gen Waste,0.215
2008-09-01,Learning & Leisure,ARMLEY LASER CENTRE - YS222,1100L-C,Card,0.104
2008-09-01,Learning & Leisure,ARMLEY LASER CENTRE - YS222,1100L-W,Gen Waste,0.22
2008-09-01,Learning & Leisure,ARMLEY MILLS -  MUS174,1100L-W,Gen Waste,0.219
2008-09-01,Learning & Leisure,ARMLEY MILLS -  MUS174,660L-C,Card,0.066
2008-09-01,Learning & Leisure,ARMLEY SPORTS CENTRE - SPO164,1100L-C,Card,0.084
2008-09-01,Learning & Leisure,ARMLEY SPORTS CENTRE - SPO164,1100L-W,Gen Waste,0.836
2008-09-01,Learning & Leisure,BEESTON LIBRARY,660L-C,Card,0.056
2008-09-01,Learning & Leisure,BEESTON LIBRARY,660L-W,Gen Waste,0.146
2008-09-01,Learning & Leisure,BELLE ISLE CENTRE - YS226,1100L-C,Card,0.072
2008-09-01,Learning & Leisure,BELLE ISLE CENTRE - YS226,1100L-W,Gen Waste,0.221
2008-09-01,Learning & Leisure,BOWLS & ATHLETICS SPO16,1100L-C,Card,0.095
2008-09-01,Learning & Leisure,BOWLS & ATHLETICS SPO16,1100L-W,Gen Waste,0.416
2008-09-01,Learning & Leisure,BRAMLEY BATHS - SPO160,1100L-C,Card,0.095
2008-09-01,Learning & Leisure,BRAMLEY BATHS - SPO160,1100L-W,Gen Waste,0.218
2008-09-01,Learning & Leisure,BRAMLEY CENTRE - YS227,1100L-C,Card,0.101
2008-09-01,Learning & Leisure,BRAMLEY CENTRE - YS227,1100L-W,Gen Waste,0.224
2008-09-01,Learning & Leisure,BRAMLEY CHILDRENS CENTRE - EDEYC206,1100L-C,Card,0.088
2008-09-01,Learning & Leisure,BRAMLEY CHILDRENS CENTRE - EDEYC206,1100L-W,Gen Waste,0.204
2008-09-01,Learning & Leisure,BURLEY LIBRARY - LIB133,360L-W,Gen Waste,0.149
2008-09-01,Learning & Leisure,BURLEY PARK EYC - U8EYC183,1100L-C,Card,0.077
2008-09-01,Learning & Leisure,BURLEY PARK EYC - U8EYC183,1100L-W,Gen Waste,0.43
2008-09-01,Learning & Leisure,CATERING - CANAL GARDEN,1100L-C,Card,0.215
2008-09-01,Learning & Leisure,CATERING - CANAL GARDEN,1100L-W,Gen Waste,1.071
2008-09-01,Learning & Leisure,CATERING - GOLDEN ACRE PARK,1100L-C,Card,0.082
2008-09-01,Learning & Leisure,CATERING - GOLDEN ACRE PARK,1100L-W,Gen Waste,0.325
2008-09-01,Learning & Leisure,CATERING - TEMPLE NEWSAM PARK,1100L-C,Card,0.077
2008-09-01,Learning & Leisure,CATERING - TEMPLE NEWSAM PARK,1100L-W,Gen Waste,0.617
2008-09-01,Learning & Leisure,CENTRAL LIBRARY - LIB114,1100L-C,Card,0.093
2008-09-01,Learning & Leisure,CENTRAL LIBRARY - LIB114,1100L-W,Gen Waste,1.065
2008-09-01,Learning & Leisure,CHAPEL ALLERTON BR LIBRARY - LIB113,240L-W,Gen Waste,0.084
2008-09-01,Learning & Leisure,CHAPEL ALLERTON CHILDRENS CENTRE,1100L-C,Card,0.112
2008-09-01,Learning & Leisure,CHAPEL ALLERTON CHILDRENS CENTRE,1100L-W,Gen Waste,0.265
2008-09-01,Learning & Leisure,CHAPELTOWN CHILDRENS CENTRE,1100L-C,Card,0.083
2008-09-01,Learning & Leisure,CHAPELTOWN CHILDRENS CENTRE,1100L-W,Gen Waste,0.422
2008-09-01,Learning & Leisure,CITY MUSEUM,1100L-C,Card,0.143
2008-09-01,Learning & Leisure,CITY MUSEUM,1100L-W,Gen Waste,0.339
2008-09-01,Learning & Leisure,COMPTON ROAD LIBRARY - LIB140,660L-W,Gen Waste,0.0
2008-09-01,Learning & Leisure,COMPTON ROAD LIBRARY - LIB140,660L-C,Card,0.0
2008-09-01,Learning & Leisure,CONSTRUCTION SKILLS TRAINING CENTRE,1100L-C,Card,0.08
2008-09-01,Learning & Leisure,CONSTRUCTION SKILLS TRAINING CENTRE,1100L-W,Gen Waste,0.21
2008-09-01,Learning & Leisure,CROSSGATES LIBRARY - LIB119,1100L-W,Gen Waste,0.207
2008-09-01,Learning & Leisure,DENIS HEALEY CENTRE - YS232,1100L-W,Gen Waste,0.229
2008-09-01,Learning & Leisure,DOREEN HAMILTON DC - 506 Q884679,1100L-C,Card,0.086
2008-09-01,Learning & Leisure,DOREEN HAMILTON DC - 506 Q884679,1100L-W,Gen Waste,0.442
2008-09-01,Learning & Leisure,DOREEN HAMILTON EYC - SSEYC200,1100L-C,Card,0.091
2008-09-01,Learning & Leisure,DOREEN HAMILTON EYC - SSEYC200,1100L-W,Gen Waste,0.228
2008-09-01,Learning & Leisure,DRIGHLINGTON MEETING HALL - AET144,1100L-W,Gen Waste,0.188
2008-09-01,Learning & Leisure,EAST LEEDS FLC - TRGEYC214,1100L-C,Card,0.155
2008-09-01,Learning & Leisure,EAST LEEDS FLC - TRGEYC214,1100L-W,Gen Waste,1.676
2008-09-01,Learning & Leisure,EAST LEEDS LEISURE CENTRE - SPO158,1100L-C,Card,0.084
2008-09-01,Learning & Leisure,EAST LEEDS LEISURE CENTRE - SPO158,1100L-W,Gen Waste,0.639
2008-09-01,Learning & Leisure,FEARNVILLE SPORTS CENTRE - SPO153,1100L-C,Card,0.101
2008-09-01,Learning & Leisure,FEARNVILLE SPORTS CENTRE - SPO153,1100L-W,Gen Waste,0.404
2008-09-01,Learning & Leisure,FIRTHFIELD EYC - (ANNE FLEGG),1100L-W,Gen Waste,0.207
2008-09-01,Learning & Leisure,GARFORTH LEISURE CENTRE - SPO281,1100L-C,Card,0.084
2008-09-01,Learning & Leisure,GARFORTH LIBRARY (REAR) - LIB110,360L-W,Gen Waste,0.107
2008-09-01,Learning & Leisure,GARFORTH LIBRARY (REAR) - LIB110,360L-C,Card,0.003
2008-09-01,Learning & Leisure,GILDERSOME MEETING HALL DMS - AET14,1100L-W,Gen Waste,0.217
2008-09-01,Learning & Leisure,GOTTS PARK MUNICIPAL GOLF CL - PK16,1100L-W,Gen Waste,0.206
2008-09-01,Learning & Leisure,GUISELEY LIBRARY - LIB106,660L-W,Gen Waste,0.181
2008-09-01,Learning & Leisure,GUISELEY LIBRARY - LIB106,660L-C,Card,0.028
2008-09-01,Learning & Leisure,HALTON LIBRARY - LIB139,1100L-W,Gen Waste,1.157
2008-09-01,Learning & Leisure,HALTON LIBRARY - LIB139,660L-C,Card,0.017
2008-09-01,Learning & Leisure,HALTON LIBRARY - LIB139,660L-W,Gen Waste,0.031
2008-09-01,Learning & Leisure,HAREHILLS CHILDRENS CENTRE,1100L-C,Card,0.094
2008-09-01,Learning & Leisure,HAREHILLS CHILDRENS CENTRE,1100L-W,Gen Waste,0.212
2008-09-01,Learning & Leisure,HAREHILLS JOB SHOP,660L-W,Gen Waste,0.149
2008-09-01,Learning & Leisure,HAWKSWORTH WOOD EYC - TRGEYC217,1100L-C,Card,0.101
2008-09-01,Learning & Leisure,HAWKSWORTH WOOD EYC - TRGEYC217,1100L-W,Gen Waste,0.201
2008-09-01,Learning & Leisure,HEADINGLEY ANN CENTRE - YS238,360L-W,Gen Waste,0.15
2008-09-01,Learning & Leisure,HEADINGLEY ANN CENTRE - YS238,360L-C,Card,0.009
2008-09-01,Learning & Leisure,"HERD FARM, ECCUP RESEVIOR - YS241",1100L-C,Card,0.172
2008-09-01,Learning & Leisure,"HERD FARM, ECCUP RESEVIOR - YS241",1100L-W,Gen Waste,0.421
2008-09-01,Learning & Leisure,HOLBECK LIBRARY - LIB137,240L-W,Gen Waste,0.057
2008-09-01,Learning & Leisure,HOLT PARK LEISURE CENTRE - SPO157,1100L-W,Gen Waste,0.806
2008-09-01,Learning & Leisure,HORSFORTH LIBRARY - LIB118,1100L-W,Gen Waste,0.257
2008-09-01,Learning & Leisure,HUNSLET CHILDRENS CENTRE,1100L-C,Card,0.093
2008-09-01,Learning & Leisure,HUNSLET CHILDRENS CENTRE,1100L-W,Gen Waste,0.216
2008-09-01,Learning & Leisure,HUNSLET HALL EYC - U8EYC186,1100L-C,Card,0.101
2008-09-01,Learning & Leisure,HUNSLET HALL EYC - U8EYC186,1100L-W,Gen Waste,0.438
2008-09-01,Learning & Leisure,HUNSLET LAKE - YS243,1100L-W,Gen Waste,0.0
2008-09-01,Learning & Leisure,HUNSLET LIBRARY (REAR) - LIB117,660L-W,Gen Waste,0.157
2008-09-01,Learning & Leisure,HUNSLET LIBRARY (REAR) - LIB117,660L-C,Card,0.016
2008-09-01,Learning & Leisure,IRELAND WOOD PUBLIC LIBRARY - LIB11,240L-W,Gen Waste,0.087
2008-09-01,Learning & Leisure,JOHN SMEATON LEISURE CENTRE,1100L-C,Card,0.108
2008-09-01,Learning & Leisure,JOHN SMEATON LEISURE CENTRE,1100L-W,Gen Waste,1.253
2008-09-01,Learning & Leisure,KENTMERE EYC - U8EYC187,1100L-C,Card,0.068
2008-09-01,Learning & Leisure,KENTMERE EYC - U8EYC187,1100L-W,Gen Waste,0.41
2008-09-01,Learning & Leisure,KIPPAX LIBRARY - LIB111,240L-W,Gen Waste,0.065
2008-09-01,Learning & Leisure,KIPPAX SPORTS CENTRE - SPO163,1100L-C,Card,0.078
2008-09-01,Learning & Leisure,KIPPAX SPORTS CENTRE - SPO163,1100L-W,Gen Waste,0.414
2008-09-01,Learning & Leisure,KIRKSTALL ABBEY HOUSE MUSEUM - MUS1,1100L-C,Card,0.093
2008-09-01,Learning & Leisure,KIRKSTALL ABBEY HOUSE MUSEUM - MUS1,1100L-W,Gen Waste,0.4
2008-09-01,Learning & Leisure,KIRKSTALL LEISURE CENTRE,1100L-C,Card,0.09
2008-09-01,Learning & Leisure,KIRKSTALL LEISURE CENTRE,1100L-W,Gen Waste,0.414
2008-09-01,Learning & Leisure,LANGBAR EYC - U8EYC189,1100L-C,Card,0.083
2008-09-01,Learning & Leisure,LANGBAR EYC - U8EYC189,1100L-W,Gen Waste,0.207
2008-09-01,Learning & Leisure,LAUREL BANK EYC - SSEYC202,1100L-W,Gen Waste,0.219
2008-09-01,Learning & Leisure,LEEDS MUSEUM DISCOVERY CENTRE,1100L-C,Card,0.101
2008-09-01,Learning & Leisure,LEEDS MUSEUM DISCOVERY CENTRE,660L-W,Gen Waste,0.138
2008-09-01,Learning & Leisure,LEEDS TOWN HALL,1100L-C,Card,3.03
2008-09-01,Learning & Leisure,LEEDS TOWN HALL,1100L-W,Gen Waste,2.14
2008-09-01,Learning & Leisure,LIBRARY HQ - LIB127,1100L-C,Card,0.0
2008-09-01,Learning & Leisure,LIBRARY HQ - NEW - LIB127,1100L-C,Card,0.107
2008-09-01,Learning & Leisure,LIBRARY HQ - NEW - LIB127,1100L-W,Gen Waste,0.627
2008-09-01,Learning & Leisure,LOTHERTON BIRD GARDEN,1100L-W,Gen Waste,0.402
2008-09-01,Learning & Leisure,LOTHERTON HALL - MUS176,660L-W,Gen Waste,0.133
2008-09-01,Learning & Leisure,MIDDLETON LEISURE CENTRE - SPO159,1100L-C,Card,0.087
2008-09-01,Learning & Leisure,MIDDLETON LEISURE CENTRE - SPO159,1100L-W,Gen Waste,0.337
2008-09-01,Learning & Leisure,MOOR ALLERTON LIBRARY - LIB116,360L-W,Gen Waste,0.117
2008-09-01,Learning & Leisure,MOOR ALLERTON LIBRARY - LIB116,360L-C,Card,0.027
2008-09-01,Learning & Leisure,MORLEY EARLEY YEARS - TRGEYC218,1100L-C,Card,0.087
2008-09-01,Learning & Leisure,MORLEY EARLEY YEARS - TRGEYC218,1100L-W,Gen Waste,0.263
2008-09-01,Learning & Leisure,MORLEY LEISURE CENTRE,1100L-C,Card,0.0
2008-09-01,Learning & Leisure,MORLEY PUBLIC LIBRARY (REAR) - LIB1,1100L-C,Card,0.086
2008-09-01,Learning & Leisure,MORLEY PUBLIC LIBRARY (REAR) - LIB1,360L-W,Gen Waste,0.122
2008-09-01,Learning & Leisure,NEIGHBOURHOOD JOB SHOP,240L-W,Gen Waste,0.065
2008-09-01,Learning & Leisure,NEIGHBOURHOOD JOB SHOP,240L-C,Card,0.0
2008-09-01,Learning & Leisure,NESFIELD OUTREACH - U8EYC191,1100L-W,Gen Waste,0.217
2008-09-01,Learning & Leisure,NEW AQUATICS CENTRE,1100L-C,Card,0.135
2008-09-01,Learning & Leisure,NEW AQUATICS CENTRE,1100L-W,Gen Waste,1.662
2008-09-01,Learning & Leisure,NORTH AREA OFFICE - YS277,1100L-C,Card,0.105
2008-09-01,Learning & Leisure,NORTH AREA OFFICE - YS277,1100L-W,Gen Waste,0.246
2008-09-01,Learning & Leisure,OAKDALE EYC - U8EYC192,1100L-C,Card,0.098
2008-09-01,Learning & Leisure,OAKDALE EYC - U8EYC192,1100L-W,Gen Waste,0.219
2008-09-01,Learning & Leisure,OAKWOOD LIBRARY - LIB125,360L-W,Gen Waste,0.122
2008-09-01,Learning & Leisure,OTLEY LIBRARY - LIB135,360L-W,Gen Waste,0.138
2008-09-01,Learning & Leisure,PARKS & COUNTRYSIDES,1100L-C,Card,0.095
2008-09-01,Learning & Leisure,PARKS & COUNTRYSIDES,1100L-W,Gen Waste,0.415
2008-09-01,Learning & Leisure,PUDSEY CIVIC HALL,1100L-W,Gen Waste,0.226
2008-09-01,Learning & Leisure,PUDSEY CIVIC HALL - CATERING,1100L-C,Card,0.189
2008-09-01,Learning & Leisure,PUDSEY LEISURE CENTRE - SPO161,1100L-C,Card,0.086
2008-09-01,Learning & Leisure,PUDSEY LEISURE CENTRE - SPO161,1100L-W,Gen Waste,0.556
2008-09-01,Learning & Leisure,PUDSEY LIBRARY (REAR) - LIB109,1100L-W,Gen Waste,0.198
2008-09-01,Learning & Leisure,PUDSEY LIBRARY (REAR) - LIB109,1100L-C,Card,0.066
2008-09-01,Learning & Leisure,QUARRY MOUNT CHILDRENS CENTRE,1100L-W,Gen Waste,0.252
2008-09-01,Learning & Leisure,QUARRY MOUNT CHILDRENS CENTRE,1100L-C,Card,0.074
2008-09-01,Learning & Leisure,RED HALL,1100L-C,Card,0.189
2008-09-01,Learning & Leisure,RICHMOND HILL EYC - U8EYC193,1100L-W,Gen Waste,0.442
2008-09-01,Learning & Leisure,RICHMOND HILL EYC - U8EYC193,1100L-C,Card,0.066
2008-09-01,Learning & Leisure,RICHMOND HILL SPORTS HALL - SPO155,1100L-W,Gen Waste,0.138
2008-09-01,Learning & Leisure,ROSEVILLE CENTRE - TRGEYC284,1100L-W,Gen Waste,0.0
2008-09-01,Learning & Leisure,ROTHWELL LC - SPO279,1100L-C,Card,0.084
2008-09-01,Learning & Leisure,ROTHWELL LIBRARY - LIB104,360L-W,Gen Waste,0.118
2008-09-01,Learning & Leisure,ROTHWELL LIBRARY - LIB104,360L-C,Card,0.003
2008-09-01,Learning & Leisure,ROUNDHAY MANSION,1100L-C,Card,0.082
2008-09-01,Learning & Leisure,ROUNDHAY MANSION,660L-W,Gen Waste,0.172
2008-09-01,Learning & Leisure,SAILING CENTRE - SPO282,660L-W,Gen Waste,0.185
2008-09-01,Learning & Leisure,SCHOOLS LIBRARY SERVICE,1100L-W,Gen Waste,0.276
2008-09-01,Learning & Leisure,SCOTHALL SPORTS CENTRE - SPO152,1100L-C,Card,0.0
2008-09-01,Learning & Leisure,SCOTHALL SPORTS CENTRE - SPO152,1100L-W,Gen Waste,1.01
2008-09-01,Learning & Leisure,SCOTT HALL EYC - U8EYC195,1100L-C,Card,0.08
2008-09-01,Learning & Leisure,SCOTT HALL EYC - U8EYC195,1100L-W,Gen Waste,0.232
2008-09-01,Learning & Leisure,SEACROFT CC - U8EYC196,1100L-C,Card,0.099
2008-09-01,Learning & Leisure,SEACROFT CC - U8EYC196,1100L-W,Gen Waste,0.216
2008-09-01,Learning & Leisure,SEACROFT LIBRARY (SIDE) - LIB107,1100L-W,Gen Waste,0.212
2008-09-01,Learning & Leisure,SEACROFT LIBRARY (SIDE) - LIB107,1100L-C,Card,0.06
2008-09-01,Learning & Leisure,SHEPHERD LANE EYC - U8EYC197,1100L-W,Gen Waste,0.19
2008-09-01,Learning & Leisure,SOUTH LEEDS STADIUM,1100L-C,Card,0.191
2008-09-01,Learning & Leisure,SOUTH LEEDS STADIUM,1100L-W,Gen Waste,2.569
2008-09-01,Learning & Leisure,SPRINGFIELD EYC,1100L-W,Gen Waste,0.239
2008-09-01,Learning & Leisure,ST LAWRENCE HOUSE EYC - U8EYC198,1100L-C,Card,0.099
2008-09-01,Learning & Leisure,ST LAWRENCE HOUSE EYC - U8EYC198,1100L-W,Gen Waste,0.219
2008-09-01,Learning & Leisure,TECHNORTH EYC - TRGEYC212,1100L-C,Card,0.179
2008-09-01,Learning & Leisure,TECHNORTH EYC - TRGEYC212,1100L-W,Gen Waste,1.024
2008-09-01,Learning & Leisure,TEMPLE NEWSAM HOUSE - MUS175,1100L-C,Card,0.092
2008-09-01,Learning & Leisure,TEMPLE NEWSAM HOUSE - MUS175,1100L-W,Gen Waste,0.191
2008-09-01,Learning & Leisure,THWAITE MILLS - MUS173,1100L-C,Card,0.102
2008-09-01,Learning & Leisure,THWAITE MILLS - MUS173,1100L-W,Gen Waste,0.193
2008-09-01,Learning & Leisure,TREETOPS COMMUNITY CENTRE,360L-W,Gen Waste,0.12
2008-09-01,Learning & Leisure,TUNSTALL ROAD CENTRE - YS270,1100L-C,Card,0.095
2008-09-01,Learning & Leisure,TUNSTALL ROAD CENTRE - YS270,1100L-W,Gen Waste,0.197
2008-09-01,Learning & Leisure,TWO WILLOWS EYC - U8EYC199,1100L-C,Card,0.079
2008-09-01,Learning & Leisure,TWO WILLOWS EYC - U8EYC199,1100L-W,Gen Waste,0.419
2008-09-01,Learning & Leisure,WEST ARDSLEY CENTRE - YS271,1100L-W,Gen Waste,0.0
2008-09-01,Learning & Leisure,WEST LEEDS FLC - TRGEYC211,1100L-C,Card,0.082
2008-09-01,Learning & Leisure,WEST LEEDS FLC - TRGEYC211,1100L-W,Gen Waste,0.402
2008-09-01,Learning & Leisure,WEST YORKSHIRE ARCHIVES DEPT - LIB1,240L-C,Card,0.0
2008-09-01,Learning & Leisure,WETHERBY LEISURE CENTRE - SPO156,1100L-W,Gen Waste,0.418
2008-09-01,Learning & Leisure,WETHERBY LIBRARY - LIB108,360L-W,Gen Waste,0.124
2008-09-01,Learning & Leisure,WINDMILL CHILDRENS CENTRE - U8EYC28,1100L-C,Card,0.081
2008-09-01,Learning & Leisure,WINDMILL CHILDRENS CENTRE - U8EYC28,1100L-W,Gen Waste,0.378
2008-09-01,Learning & Leisure,YEADON LIBRARY - LIB219,360L-W,Gen Waste,0.145
2008-09-01,Learning & Leisure,YEADON LIBRARY - LIB219,360L-C,Card,0.017
2008-09-01,Resources,CITY SERVICES - PROPERTY MAINTENANC,1100L-C,Card,0.184
2008-09-01,Resources,CITY SERVICES - PROPERTY MAINTENANC,1100L-W,Gen Waste,0.409
2008-09-01,Resources,CLEANING & SERVICES(CITY PRINT),1100L-W,Gen Waste,0.65
2008-09-01,Resources,SECURITY SERVICES,1100L-W,Gen Waste,0.211
2008-09-01,Resources,SECURITY SERVICES,1100L-C,Card,0.068
2008-09-01,Resources,TRANSPORT AGENCY 36370,1100L-C,Card,0.091
2008-09-01,Resources,TRANSPORT AGENCY 36370,1100L-W,Gen Waste,0.436
2008-09-01,Resources,WESTLAND ROAD DEPOT 77400,1100L-C,Card,0.092
2008-09-01,Resources,WESTLAND ROAD DEPOT 77400,1100L-W,Gen Waste,0.202
2008-09-01,Social Care,15 LAVENDER WALK,660L-C,Card,0.065
2008-09-01,Social Care,15 LAVENDER WALK,660L-W,Gen Waste,0.145
2008-09-01,Social Care,ACORN LODGE - Q890207,1100L-W,Gen Waste,0.234
2008-09-01,Social Care,AMBERTON COURT - S065890,1100L-C,Card,0.1
2008-09-01,Social Care,AMBERTON COURT - S065890,1100L-W,Gen Waste,0.63
2008-09-01,Social Care,APNA DAY CENTRE - S064100,1100L-W,Gen Waste,0.26
2008-09-01,Social Care,BAILEYS HOUSE - 238 - Q888998,1100L-C,Card,0.105
2008-09-01,Social Care,BAILEYS HOUSE - 238 - Q888998,1100L-W,Gen Waste,0.604
2008-09-01,Social Care,BELLE ISLE NEIGHBOURHOOD CENTRE - 9,660L-W,Gen Waste,0.151
2008-09-01,Social Care,BEWERLEY CROFT - 255 - S064200,1100L-C,Card,0.099
2008-09-01,Social Care,BEWERLEY CROFT - 255 - S064200,1100L-W,Gen Waste,0.412
2008-09-01,Social Care,BODMIN ROAD 2 - 81,660L-W,Gen Waste,0.14
2008-09-01,Social Care,BODMIN ROAD 2 - 81,660L-C,Card,0.011
2008-09-01,Social Care,BODMIN ROAD 4 - 70,660L-W,Gen Waste,0.139
2008-09-01,Social Care,BRAMLEY LAWN DC - S063921,1100L-W,Gen Waste,0.211
2008-09-01,Social Care,BRAMLEY LAWN DC - S063921,1100L-C,Card,0.081
2008-09-01,Social Care,BRAMLEY TC - 362 - S066251,1100L-C,Card,0.103
2008-09-01,Social Care,BRAMLEY TC - 362 - S066251,1100L-W,Gen Waste,0.4
2008-09-01,Social Care,BROOKSBANK - 141 Q893778,1100L-C,Card,0.063
2008-09-01,Social Care,BROOKSBANK - 141 Q893778,1100L-W,Gen Waste,0.434
2008-09-01,Social Care,BROOM COURT - 242 S066401,1100L-C,Card,0.086
2008-09-01,Social Care,BROOM COURT - 242 S066401,1100L-W,Gen Waste,0.511
2008-09-01,Social Care,BURLEY WILLOWS - 170 - S064513,1100L-C,Card,0.098
2008-09-01,Social Care,BURLEY WILLOWS - 170 - S064513,1100L-W,Gen Waste,0.402
2008-09-01,Social Care,BURLEY WILLOWS DC - 523,1100L-W,Gen Waste,0.222
2008-09-01,Social Care,CALVERLANDS DC - 516,1100L-C,Card,0.088
2008-09-01,Social Care,CALVERLANDS DC - 516,1100L-W,Gen Waste,0.257
2008-09-01,Social Care,COTTINGLEY COURT - 253,1100L-W,Gen Waste,0.607
2008-09-01,Social Care,COTTINGLEY COURT - 253,1100L-C,Card,0.068
2008-09-01,Social Care,CRISIS CENTRE - 353 - Q900405,1100L-C,Card,0.088
2008-09-01,Social Care,CRISIS CENTRE - 353 - Q900405,1100L-W,Gen Waste,0.261
2008-09-01,Social Care,CROSSGATES LIBRARY,1100L-C,Card,0.071
2008-09-01,Social Care,DELPH MANOR - 230 - Q829527,1100L-W,Gen Waste,1.057
2008-09-01,Social Care,DOLPHIN MANOR - S065663,1100L-C,Card,0.081
2008-09-01,Social Care,DOLPHIN MANOR - S065663,1100L-W,Gen Waste,0.618
2008-09-01,Social Care,EASDALE CLOSE,360L-W,Gen Waste,0.241
2008-09-01,Social Care,EAST LEEDS FAMILY RC  Q874041,1100L-W,Gen Waste,0.196
2008-09-01,Social Care,EASTMOOR CSU - 126 - S066405,1100L-C,Card,0.168
2008-09-01,Social Care,EASTMOOR CSU - 126 - S066405,1100L-W,Gen Waste,1.924
2008-09-01,Social Care,FAIRVIEW - S066039,1100L-C,Card,0.096
2008-09-01,Social Care,FAIRVIEW - S066039,1100L-W,Gen Waste,0.423
2008-09-01,Social Care,FARFIELD DC - S063922,660L-W,Gen Waste,0.132
2008-09-01,Social Care,FIRTHFIELDS DC - S065781,1100L-C,Card,0.089
2008-09-01,Social Care,FIRTHFIELDS DC - S065781,1100L-W,Gen Waste,0.213
2008-09-01,Social Care,FREDERICK HURDLE DC - 509 Q894243,1100L-C,Card,0.087
2008-09-01,Social Care,FREDERICK HURDLE DC - 509 Q894243,1100L-W,Gen Waste,0.26
2008-09-01,Social Care,GANNERS GREEN - 66 - Q874398,360L-W,Gen Waste,0.229
2008-09-01,Social Care,GRANGE COURT - S063964,1100L-C,Card,0.08
2008-09-01,Social Care,GRANGE COURT - S063964,1100L-W,Gen Waste,0.399
2008-09-01,Social Care,GREEN THE - 176 - S066593,1100L-W,Gen Waste,0.406
2008-09-01,Social Care,GREEN THE DC - S066593,1100L-C,Card,0.116
2008-09-01,Social Care,GREEN THE DC - S066593,1100L-W,Gen Waste,0.199
2008-09-01,Social Care,HARRY BOOTH HOUSE - S063957,1100L-C,Card,0.08
2008-09-01,Social Care,HARRY BOOTH HOUSE - S063957,1100L-W,Gen Waste,0.636
2008-09-01,Social Care,HEALEY CROFT - 229,1100L-W,Gen Waste,0.409
2008-09-01,Social Care,HOLBECK DC - S063712,1100L-C,Card,0.087
2008-09-01,Social Care,HOLBECK DC - S063712,1100L-W,Gen Waste,0.208
2008-09-01,Social Care,HOME LEA HOUSE - S064059,1100L-C,Card,0.089
2008-09-01,Social Care,HOME LEA HOUSE - S064059,1100L-W,Gen Waste,0.644
2008-09-01,Social Care,HORSFORTH - 359 - Q895809,1100L-C,Card,0.091
2008-09-01,Social Care,HORSFORTH - 359 - Q895809,1100L-W,Gen Waste,0.526
2008-09-01,Social Care,HOUGH LANE CENTRE,1100L-C,Card,0.097
2008-09-01,Social Care,HOUGH LANE CENTRE,1100L-W,Gen Waste,0.413
2008-09-01,Social Care,HUNSLET HALL - 6,1100L-W,Gen Waste,0.424
2008-09-01,Social Care,HUNSLET HALL - 6,660L-C,Card,0.051
2008-09-01,Social Care,HUNSLET HALL ANNEX,360L-C,Card,0.027
2008-09-01,Social Care,INGLEWOOD - 46 - S066331,1100L-W,Gen Waste,0.515
2008-09-01,Social Care,IVESON APPROACH - 68 - Q882007,1100L-W,Gen Waste,0.246
2008-09-01,Social Care,JOSEPH STREET - 239 - S066530,1100L-W,Gen Waste,0.298
2008-09-01,Social Care,JOSEPH STREET - 239 - S066530,1100L-C,Card,0.0
2008-09-01,Social Care,KIRKLAND HOUSE - 164 - S064209,1100L-C,Card,0.087
2008-09-01,Social Care,KIRKLAND HOUSE - 164 - S064209,1100L-W,Gen Waste,0.547
2008-09-01,Social Care,KNOWLE MANOR - S064208,1100L-W,Gen Waste,0.625
2008-09-01,Social Care,LAUREL BANK DC - S066161,1100L-C,Card,0.083
2008-09-01,Social Care,LAUREL BANK DC - S066161,1100L-W,Gen Waste,0.206
2008-09-01,Social Care,LEE GRANGE - 251,1100L-W,Gen Waste,0.612
2008-09-01,Social Care,LEE GRANGE - 251,240L-W,Gen Waste,0.0
2008-09-01,Social Care,LEEDS CTR INTERGR LIV - 340 Q892988,1100L-C,Card,0.109
2008-09-01,Social Care,LEEDS CTR INTERGR LIV - 340 Q892988,1100L-W,Gen Waste,0.429
2008-09-01,Social Care,LINCOLNFIELDS DC - 501 - S063821,1100L-C,Card,0.094
2008-09-01,Social Care,LINCOLNFIELDS DC - 501 - S063821,1100L-W,Gen Waste,0.197
2008-09-01,Social Care,LUTTRELL CRESCENT - 72,660L-W,Gen Waste,0.178
2008-09-01,Social Care,MANORFIELD HOUSE - 161 - Q897775,1100L-C,Card,0.083
2008-09-01,Social Care,MANORFIELD HOUSE - 161 - Q897775,1100L-W,Gen Waste,0.497
2008-09-01,Social Care,MARINERS DC - 332 - S066141,1100L-C,Card,0.098
2008-09-01,Social Care,MARINERS DC - 332 - S066141,1100L-W,Gen Waste,0.408
2008-09-01,Social Care,MAWCROFT GRANGE - 234,1100L-W,Gen Waste,0.554
2008-09-01,Social Care,MIDDLECROSS - HOP,1100L-W,Gen Waste,0.394
2008-09-01,Social Care,MIDDLECROSS DC - 512 - S065939,1100L-C,Card,0.103
2008-09-01,Social Care,MIDDLECROSS DC - 512 - S065939,1100L-W,Gen Waste,0.221
2008-09-01,Social Care,MIDDLETON ADVICE CENTRE - 594,1100L-C,Card,0.081
2008-09-01,Social Care,MIDDLETON ADVICE CENTRE - 594,1100L-W,Gen Waste,0.213
2008-09-01,Social Care,MOOR END TC - 358 - Q896765,1100L-C,Card,0.085
2008-09-01,Social Care,MOOR END TC - 358 - Q896765,1100L-W,Gen Waste,0.417
2008-09-01,Social Care,MUSGRAVE COURT - 168 - S066540,1100L-W,Gen Waste,0.417
2008-09-01,Social Care,NABURN COURT DC - 316 - S066370,1100L-C,Card,0.09
2008-09-01,Social Care,NABURN COURT DC - 316 - S066370,1100L-W,Gen Waste,0.199
2008-09-01,Social Care,NORTHWEST LEEDS FAMILY RC - 69,240L-W,Gen Waste,0.168
2008-09-01,Social Care,OLD MIDDLETON OFFICE,1100L-W,Gen Waste,1.155
2008-09-01,Social Care,OLD MIDDLETON OFFICE,660L-C,Card,0.019
2008-09-01,Social Care,OLD MIDDLETON OFFICE,660L-W,Gen Waste,0.036
2008-09-01,Social Care,OSMONDTHORPE RES CTR - 331 Q892091,1100L-C,Card,0.087
2008-09-01,Social Care,OSMONDTHORPE RES CTR - 331 Q892091,1100L-W,Gen Waste,0.379
2008-09-01,Social Care,PARKLEES HOP -,1100L-C,Card,0.098
2008-09-01,Social Care,PARKLEES HOP -,1100L-W,Gen Waste,0.438
2008-09-01,Social Care,PINFOLDS - 243,1100L-C,Card,0.09
2008-09-01,Social Care,PINFOLDS - 243,1100L-W,Gen Waste,0.435
2008-09-01,Social Care,POTTERNEWTON - 367 - S063891,1100L-W,Gen Waste,0.787
2008-09-01,Social Care,POTTERNEWTON - 367 - S063891,660L-C,Card,0.013
2008-09-01,Social Care,PRIMROSE HILL - 171 S065699,1100L-W,Gen Waste,0.428
2008-09-01,Social Care,QUEENSWOOD DRIVE DC - S065697,1100L-C,Card,0.09
2008-09-01,Social Care,QUEENSWOOD DRIVE DC - S065697,660L-W,Gen Waste,0.18
2008-09-01,Social Care,RADCLIFFE LANE DC -  S066696,1100L-C,Card,0.093
2008-09-01,Social Care,RADCLIFFE LANE DC -  S066696,1100L-W,Gen Waste,0.2
2008-09-01,Social Care,RAMSHEAD WOOD - 363,1100L-C,Card,0.086
2008-09-01,Social Care,RAMSHEAD WOOD - 363,1100L-W,Gen Waste,0.42
2008-09-01,Social Care,RAYNELL DRIVE - 444 Q862300,1100L-W,Gen Waste,0.307
2008-09-01,Social Care,RICHMOND HILL DC - 322 S063822,1100L-W,Gen Waste,0.218
2008-09-01,Social Care,RICHMOND HOUSE - S065911,1100L-W,Gen Waste,1.491
2008-09-01,Social Care,RICHMOND HOUSE - S065911,1100L-C,Card,0.069
2008-09-01,Social Care,RIDGESIDE,1100L-W,Gen Waste,0.795
2008-09-01,Social Care,RIDGESIDE,240L-W,Gen Waste,0.168
2008-09-01,Social Care,RIDGESIDE - BETHANY,240L-W,Gen Waste,0.08
2008-09-01,Social Care,RIDGESIDE - HALFWAY HOUSE,240L-W,Gen Waste,0.078
2008-09-01,Social Care,ROOS COURT - 235 - Q859440,1100L-W,Gen Waste,0.535
2008-09-01,Social Care,ROSE FARM DC - 314 - Q880559,1100L-C,Card,0.059
2008-09-01,Social Care,ROSE FARM DC - 314 - Q880559,1100L-W,Gen Waste,0.416
2008-09-01,Social Care,ROSEVILLE ENTERPRISE PARK,660L-C,Card,0.067
2008-09-01,Social Care,ROSSEDENE - 231 - Q849090,1100L-W,Gen Waste,0.6
2008-09-01,Social Care,ROTHWELL- A T C - S064341,1100L-C,Card,0.093
2008-09-01,Social Care,ROTHWELL- A T C - S064341,1100L-C,Card,0.108
2008-09-01,Social Care,ROTHWELL- A T C - S064341,1100L-W,Gen Waste,0.406
2008-09-01,Social Care,SIEGEN DC 325 - S064988,1100L-W,Gen Waste,0.212
2008-09-01,Social Care,SIEGEN MANOR HOP AND CENTRE - 169,1100L-C,Card,0.099
2008-09-01,Social Care,SIEGEN MANOR HOP AND CENTRE - 169,1100L-W,Gen Waste,0.408
2008-09-01,Social Care,SPEN CROFT HOSTEL - Q884463,1100L-C,Card,0.092
2008-09-01,Social Care,SPEN CROFT HOSTEL - Q884463,1100L-W,Gen Waste,0.269
2008-09-01,Social Care,SPEN CROFT HOSTEL - Q884463,1100L-W,Gen Waste,0.249
2008-09-01,Social Care,SPRING GARDENS - 162 Q895017,1100L-W,Gen Waste,0.506
2008-09-01,Social Care,SPRING GARDENS ANNEXE - S063961,1100L-W,Gen Waste,0.259
2008-09-01,Social Care,SPRINGFIELD DC - 519 - S066010,1100L-C,Card,0.105
2008-09-01,Social Care,SPRINGFIELD DC - 519 - S066010,1100L-W,Gen Waste,0.201
2008-09-01,Social Care,SQUIRREL WAY - 82 Q892331,1100L-C,Card,0.099
2008-09-01,Social Care,SQUIRREL WAY - 82 Q892331,1100L-W,Gen Waste,0.823
2008-09-01,Social Care,ST CATHERINES DRIVE - 77,1100L-W,Gen Waste,0.208
2008-09-01,Social Care,STOCKS HILL DC - 345 Q878493,1100L-C,Card,0.088
2008-09-01,Social Care,STOCKS HILL DC - 345 Q878493,1100L-W,Gen Waste,0.212
2008-09-01,Social Care,SUFFOLK COURT - 137 - Q894346,1100L-C,Card,0.098
2008-09-01,Social Care,SUFFOLK COURT - 137 - Q894346,1100L-W,Gen Waste,0.519
2008-09-01,Social Care,TEMPLARS CROFT - 233 - S065942,1100L-W,Gen Waste,0.4
2008-09-01,Social Care,THE VALE DC - 347 - S064298,1100L-C,Card,0.087
2008-09-01,Social Care,THE VALE DC - 347 - S064298,1100L-W,Gen Waste,0.216
2008-09-01,Social Care,WEST ARDSLEY  ATC- S065913,1100L-C,Card,0.106
2008-09-01,Social Care,WEST ARDSLEY  ATC- S065913,1100L-W,Gen Waste,0.859
2008-09-01,Social Care,WETHERBY DAY SERVICES - S065123,1100L-W,Gen Waste,0.409
2008-09-01,Social Care,WHITE ROSE HOUSE - 2,1100L-C,Card,0.096
2008-09-01,Social Care,WHITE ROSE HOUSE - 2,1100L-W,Gen Waste,0.522
2008-09-01,Social Care,WINDLESFORD GREEN - 232,1100L-W,Gen Waste,0.43
2008-09-01,Social Care,WOOD LANE,1100L-W,Gen Waste,0.256
2008-09-01,Social Care,WOOD LANE,1100L-W,Gen Waste,0.247
2008-09-01,Social Care,WOODHOUSE DC - S063840,1100L-C,Card,0.087
2008-09-01,Social Care,WOODHOUSE DC - S063840,1100L-W,Gen Waste,0.281
2008-09-01,Social Care,WYKEBECK VALLEY DC - 317,1100L-C,Card,0.082
2008-09-01,Social Care,WYKEBECK VALLEY DC - 317,1100L-W,Gen Waste,0.208
2008-09-01,Social Care,YOUTH JUSTICE SERVICE,1100L-W,Gen Waste,0.225
2008-09-01,Social Care,YOUTH OFFENDING TEAM,1100L-C,Card,0.088
2008-09-01,Social Care,YOUTH OFFENDING TEAM,1100L-W,Gen Waste,0.196
2008-09-01,TBC,CITY ART GALLERY - MUS285,1100L-W,Gen Waste,0.682
2008-09-01,TBC,LEEDS C C - EVENTS TEAM,1100L-W,Gen Waste,0.58
2008-09-01,TBC,LEEDS C C - EVENTS TEAM,360L-W,Gen Waste,0.457
2008-09-01,TBC,WESTHOLME - 183 - S066464,1100L-C,Card,0.09
2008-09-01,TBC,WESTHOLME - 183 - S066464,1100L-W,Gen Waste,0.434
2008-09-01,W ALMO,BRAMLEY NHO,1100L-W,Gen Waste,0.21
2008-09-01,W ALMO,BRAMLEY NHO,1100L-C,Card,0.09
2008-09-01,W ALMO,HORSFORTH NHO,660L-W,Gen Waste,0.18
2008-09-01,W ALMO,HORSFORTH NHO,660L-C,Card,0.015
2008-09-01,W ALMO,HOUSING REGISTER,360L-W,Gen Waste,0.137
2008-09-01,W ALMO,KIRKSTALL NHO,1100L-W,Gen Waste,0.212
2008-09-01,W ALMO,KIRKSTALL NHO,1100L-C,Card,0.086
2008-09-01,W ALMO,PROGRESS HOUSE,1100L-W,Gen Waste,0.205
2008-09-01,W ALMO,PROGRESS HOUSE,1100L-C,Card,0.058
2008-09-01,W ALMO,SILVER ROYD HILL,1100L-W,Gen Waste,0.198
2008-09-01,W ALMO,SILVER ROYD HILL,1100L-C,Card,0.061
2008-09-01,W ALMO,WEETWOOD NHO,360L-W,Gen Waste,0.136
2008-09-01,W ALMO,WEETWOOD NHO,360L-C,Card,0.006
2008-09-01,W ALMO,WESTFIELD CHAMBERS,1100L-W,Gen Waste,0.228
2008-09-01,W ALMO,WESTFIELD CHAMBERS,1100L-C,Card,0.064
2008-09-01,W ALMO,WESTFIELD HOUSE,1100L-W,Gen Waste,0.112
2008-10-01,AIRE ALMO,"NAVAGATION HOUSE, LEEDS SOUTH HOMES",1100L-C,Card,0.104
2008-10-01,AIRE ALMO,"NAVAGATION HOUSE, LEEDS SOUTH HOMES",1100L-W,Gen Waste,0.408
2008-10-01,AIRE ALMO,SWARCLIFFE NHO,1100L-C,Card,0.0
2008-10-01,AIRE ALMO,SWARCLIFFE NHO,1100L-W,Gen Waste,0.284
2008-10-01,AIRE ALMO,SWARCLIFFE NHO,660L-C,Card,0.072
2008-10-01,City Development,ARKITECTURAL DESIGN,1100L-C,Card,0.1
2008-10-01,City Development,ARKITECTURAL DESIGN,1100L-W,Gen Waste,0.488
2008-10-01,City Development,PUDSEY MARKETS,1100L-C,Card,0.81
2008-10-01,City Development,PUDSEY MARKETS,1100L-W,Gen Waste,2.476
2008-10-01,City Development,TAXI LICENSING,1100L-C,Card,0.12
2008-10-01,City Development,TAXI LICENSING,1100L-W,Gen Waste,0.205
2008-10-01,City Services,AIREBOROUGH NEW ROADSIDE 03044,1100L-C,Card,0.0
2008-10-01,City Services,AIREBOROUGH NEW ROADSIDE 03044,1100L-W,Gen Waste,0.0
2008-10-01,City Services,ALLERTON BYWATER CENTRE - YS220,360L-W,Gen Waste,0.139
2008-10-01,City Services,ALLERTON BYWATER CENTRE - YS220,360L-C,Card,0.032
2008-10-01,City Services,ALSTON LANE CENTRE - YS221,660L-W,Gen Waste,0.181
2008-10-01,City Services,APEX HOUSE,1100L-C,Card,0.18
2008-10-01,City Services,APEX HOUSE,1100L-W,Gen Waste,0.958
2008-10-01,City Services,APEX HOUSE,660L-C,Card,0.059
2008-10-01,City Services,ARMLEY OSC 03082,1100L-C,Card,0.077
2008-10-01,City Services,ARMLEY OSC 03082,1100L-W,Gen Waste,0.251
2008-10-01,City Services,BANGLADESHI CENTRE - YS223,1100L-C,Card,0.081
2008-10-01,City Services,BANGLADESHI CENTRE - YS223,1100L-W,Gen Waste,0.399
2008-10-01,City Services,BARLEYFIELDS CENTRE - YS224,660L-W,Gen Waste,0.199
2008-10-01,City Services,BELGRAVE HOUSE,1100L-C,Card,0.245
2008-10-01,City Services,BELGRAVE HOUSE,1100L-W,Gen Waste,0.502
2008-10-01,City Services,BLACKBURN HALL - AET143,1100L-W,Gen Waste,0.502
2008-10-01,City Services,BOSTON SPA CENTRE - YS226,660L-W,Gen Waste,0.183
2008-10-01,City Services,CANON HOUSE 03025,1100L-C,Card,0.091
2008-10-01,City Services,CANON HOUSE 03026,1100L-W,Gen Waste,0.496
2008-10-01,City Services,CANON HOUSE 03027,1100L-W,Gen Waste,0.443
2008-10-01,City Services,CATERING - BEESTON PRIMARY,1100L-W,Gen Waste,0.253
2008-10-01,City Services,CIVIC HALL - CITY SERVICES DEPT,660L-C,Card,7.409
2008-10-01,City Services,CIVIC HALL - CITY SERVICES DEPT,660L-W,Gen Waste,3.03
2008-10-01,City Services,CROSS GREEN CENTRE - YS230,1100L-W,Gen Waste,0.212
2008-10-01,City Services,CROSSGATES CENTRE - YS231,1100L-C,Card,0.143
2008-10-01,City Services,CROSSGATES CENTRE - YS231,1100L-W,Gen Waste,0.277
2008-10-01,City Services,DEWSBURY ROAD OSC 03083,1100L-C,Card,0.109
2008-10-01,City Services,DEWSBURY ROAD OSC 03083,1100L-W,Gen Waste,0.441
2008-10-01,City Services,EBOR GARDENS COMM CENT- YS233,1100L-C,Card,0.097
2008-10-01,City Services,EBOR GARDENS COMM CENT- YS233,1100L-W,Gen Waste,0.201
2008-10-01,City Services,EVOLUTION HOUSE,1100L-C,Card,0.107
2008-10-01,City Services,EVOLUTION HOUSE,1100L-W,Gen Waste,0.533
2008-10-01,City Services,FIELDHEAD CARR CENTRE - YS234,660L-W,Gen Waste,0.184
2008-10-01,City Services,FIR TREE SCHOOL,1100L-W,Gen Waste,0.0
2008-10-01,City Services,GARFORTH OSC - MAIN STREET 03051,1100L-C,Card,0.114
2008-10-01,City Services,GARFORTH OSC - MAIN STREET 03051,1100L-W,Gen Waste,0.246
2008-10-01,City Services,GILDERSOME YOUTH CENTRE,1100L-W,Gen Waste,0.268
2008-10-01,City Services,HAREHILLS PLACE COMMUNITY CENTRE,1100L-W,Gen Waste,0.2
2008-10-01,City Services,HEADINGLEY COMMUNITY CENTRE,1100L-W,Gen Waste,0.164
2008-10-01,City Services,HEADINGLEY COMMUNITY CENTRE,660L-C,Card,0.063
2008-10-01,City Services,HENRY BARRAN CENTRE - YS240,1100L-C,Card,0.104
2008-10-01,City Services,HENRY BARRAN CENTRE - YS240,1100L-W,Gen Waste,0.437
2008-10-01,City Services,HOLBECK YOUTH CENTRE,1100L-W,Gen Waste,0.249
2008-10-01,City Services,HOUGH TOP COURT 03027,1100L-C,Card,0.065
2008-10-01,City Services,HOUGH TOP COURT 03027,1100L-W,Gen Waste,0.925
2008-10-01,City Services,KENTMERE CENTRE - YS244,1100L-C,Card,0.109
2008-10-01,City Services,KENTMERE CENTRE - YS244,1100L-W,Gen Waste,0.236
2008-10-01,City Services,KIPPAX YOUTH CENTRE,660L-W,Gen Waste,0.182
2008-10-01,City Services,KNOWSTHORPE GATE SUPPORT SER 43390,1100L-C,Card,0.239
2008-10-01,City Services,LANDMARK COURT,1100L-C,Card,0.107
2008-10-01,City Services,LANDMARK COURT,1100L-W,Gen Waste,0.247
2008-10-01,City Services,LINCOLN GREEN YOUTH CENTRE,1100L-W,Gen Waste,0.23
2008-10-01,City Services,LITTLE LONDON COMMUNITY CENTRE,1100L-W,Gen Waste,0.157
2008-10-01,City Services,LITTLE LONDON COMMUNITY CENTRE,1100L-C,Card,0.078
2008-10-01,City Services,MANDELA CENTRE,1100L-C,Card,0.084
2008-10-01,City Services,MANDELA CENTRE,1100L-W,Gen Waste,0.33
2008-10-01,City Services,MEANWOOD COMMUNITY CENTRE,1100L-W,Gen Waste,0.174
2008-10-01,City Services,MEANWOOD COMMUNITY CENTRE,1100L-C,Card,0.106
2008-10-01,City Services,MERRION HOUSE,1100L-C,Card,0.513
2008-10-01,City Services,MERRION HOUSE,1100L-W,Gen Waste,4.362
2008-10-01,City Services,MERRION HOUSE,360L-C,Card,0.217
2008-10-01,City Services,MERRION HOUSE,660L-C,Card,0.459
2008-10-01,City Services,METHLEY CENTRE,1100L-W,Gen Waste,0.258
2008-10-01,City Services,MICKLEFIELD YOUTH CENTRE,1100L-W,Gen Waste,0.242
2008-10-01,City Services,MICKLEFIELD YOUTH CENTRE,660L-C,Card,0.077
2008-10-01,City Services,MIDDLETON PARK HIGHWAYS 03034,1100L-C,Card,0.553
2008-10-01,City Services,MIDDLETON PARK HIGHWAYS 03034,1100L-W,Gen Waste,0.835
2008-10-01,City Services,MIDDLETON SKILLS CENTRE - YS253,1100L-C,Card,0.11
2008-10-01,City Services,MIDDLETON SKILLS CENTRE - YS253,1100L-W,Gen Waste,0.203
2008-10-01,City Services,MORLEY TOWN HALL 03060,1100L-C,Card,0.241
2008-10-01,City Services,MORLEY TOWN HALL 03060,1100L-W,Gen Waste,0.385
2008-10-01,City Services,NOWELL MOUNT CENTRE - YS254,1100L-W,Gen Waste,0.048
2008-10-01,City Services,OLD COCKBURN SPORTS HALL,1100L-W,Gen Waste,0.193
2008-10-01,City Services,OSMONDTHORPE OSC 03085,1100L-C,Card,0.117
2008-10-01,City Services,OSMONDTHORPE OSC 03085,1100L-W,Gen Waste,0.407
2008-10-01,City Services,OTLEY A O 03066,1100L-W,Gen Waste,0.197
2008-10-01,City Services,PAKISTANI CENTRE - YS256,1100L-C,Card,0.0
2008-10-01,City Services,PALACE PROJECT - YS257,1100L-W,Gen Waste,0.199
2008-10-01,City Services,PRINCE PHILLIP CENTRE - YS258,1100L-C,Card,0.095
2008-10-01,City Services,PRINCE PHILLIP CENTRE - YS258,1100L-W,Gen Waste,0.33
2008-10-01,City Services,PUDSEY TOWN HALL 03071,1100L-W,Gen Waste,0.672
2008-10-01,City Services,PUDSEY TOWN HALL 03071,660L-C,Card,0.118
2008-10-01,City Services,RICHMOND HILL CENTRE - YS259,1100L-W,Gen Waste,0.204
2008-10-01,City Services,RICHMOND HILL CENTRE - YS259,660L-W,Gen Waste,0.101
2008-10-01,City Services,RICHMOND HILL CENTRE - YS259,660L-C,Card,0.078
2008-10-01,City Services,ROSE LUND CENTRE - YS260,660L-W,Gen Waste,0.178
2008-10-01,City Services,ROTHWELL A O - 03074,1100L-C,Card,0.111
2008-10-01,City Services,ROTHWELL A O - 03074,1100L-W,Gen Waste,0.249
2008-10-01,City Services,SOUTH GIPTON CENTRE - YS263,1100L-W,Gen Waste,0.203
2008-10-01,City Services,SOUTH LEEDS FLC,1100L-C,Card,0.102
2008-10-01,City Services,SOUTH LEEDS FLC,1100L-W,Gen Waste,1.277
2008-10-01,City Services,SOUTH SEACROFT OSC,1100L-C,Card,0.144
2008-10-01,City Services,SOUTH SEACROFT OSC,660L-C,Card,0.153
2008-10-01,City Services,SOUTH SEACROFT OSC,660L-W,Gen Waste,0.555
2008-10-01,City Services,ST GABRIELS CENTRE - YS264,660L-W,Gen Waste,0.174
2008-10-01,City Services,ST GEORGES CENTRE 03036,1100L-C,Card,0.243
2008-10-01,City Services,ST GEORGES CENTRE 03036,1100L-W,Gen Waste,0.429
2008-10-01,City Services,ST GREGORYS Y & A CENTRE,1100L-C,Card,0.116
2008-10-01,City Services,ST GREGORYS Y & A CENTRE,1100L-W,Gen Waste,0.252
2008-10-01,City Services,ST MATTHEWS CENTRE - YS266,1100L-W,Gen Waste,0.262
2008-10-01,City Services,ST MATTHEWS CENTRE - YS266,1100L-C,Card,0.112
2008-10-01,City Services,STANHOPE DRIVE YOUTH CENTRE,660L-W,Gen Waste,0.104
2008-10-01,City Services,STRAWBERRY LANE CENTRE - YS268,1100L-C,Card,0.096
2008-10-01,City Services,STRAWBERRY LANE CENTRE - YS268,1100L-W,Gen Waste,0.26
2008-10-01,City Services,THE LEONARDO BUILDING 03020,1100L-C,Card,2.014
2008-10-01,City Services,THE LEONARDO BUILDING 03020,1100L-W,Gen Waste,1.148
2008-10-01,City Services,THORESBY HOUSE 03017,1100L-C,Card,4.04
2008-10-01,City Services,THORESBY HOUSE 03017,1100L-W,Gen Waste,2.172
2008-10-01,City Services,TINGLEY YOUTH & COMMUNITY CENTRE,660L-W,Gen Waste,0.186
2008-10-01,City Services,WELFARE RIGHTS UNIT,1100L-W,Gen Waste,0.227
2008-10-01,City Services,WELFARE RIGHTS UNIT,660L-C,Card,0.075
2008-10-01,City Services,WESTON LANE CENTRE - YS272,1100L-W,Gen Waste,0.216
2008-10-01,City Services,WETHERBY A O 03078,1100L-W,Gen Waste,0.285
2008-10-01,City Services,WINDMILL YOUTH CENTRE,1100L-W,Gen Waste,0.272
2008-10-01,City Services,WINDMILL YOUTH CENTRE,1100L-C,Card,0.129
2008-10-01,City Services,WOODHOUSE COMMUNITY CENTRE,1100L-W,Gen Waste,0.159
2008-10-01,City Services,WOODHOUSE COMMUNITY CENTRE,1100L-C,Card,0.075
2008-10-01,City Services,WOODSLEY ROAD CENTRE - YS275,1100L-W,Gen Waste,0.294
2008-10-01,City Services,YEADON TOWN HALL - AET149,1100L-C,Card,0.065
2008-10-01,City Services,YEADON TOWN HALL - AET149,1100L-W,Gen Waste,0.411
2008-10-01,E ALMO,BUILDING SERVICES,1100L-C,Card,0.077
2008-10-01,E ALMO,BUILDING SERVICES,1100L-W,Gen Waste,0.256
2008-10-01,E ALMO,BURMANTOFTS NH,1100L-W,Gen Waste,0.209
2008-10-01,E ALMO,BURMANTOFTS NH,1100L-C,Card,0.13
2008-10-01,E ALMO,BUTTON HILL COMMUNITY CENTRE,1100L-W,Gen Waste,0.163
2008-10-01,E ALMO,GIPTON NHO,660L-W,Gen Waste,0.144
2008-10-01,E ALMO,GIPTON NHO,660L-C,Card,0.078
2008-10-01,E ALMO,HAREHILLS & CHAPEL TOWN NHO,1100L-W,Gen Waste,0.196
2008-10-01,E ALMO,HAREHILLS & CHAPEL TOWN NHO,1100L-C,Card,0.097
2008-10-01,E ALMO,MEANWOOD NHO,1100L-W,Gen Waste,0.15
2008-10-01,E ALMO,MOORTOWN NHO,1100L-W,Gen Waste,0.212
2008-10-01,E ALMO,MOORTOWN NHO,1100L-C,Card,0.113
2008-10-01,E ALMO,RICHOMOND HILL NHO,660L-W,Gen Waste,0.14
2008-10-01,E ALMO,SEACROFT NORTH 0SS - S066640,1100L-C,Card,0.097
2008-10-01,E ALMO,SEACROFT NORTH 0SS - S066640,1100L-W,Gen Waste,0.288
2008-10-01,E ALMO,TRIBECA HOUSE,660L-C,Card,0.114
2008-10-01,E ALMO,TRIBECA HOUSE,660L-W,Gen Waste,0.429
2008-10-01,Education Leeds/Schools,ARTEMIS,1100L-W,Gen Waste,0.26
2008-10-01,Education Leeds/Schools,BLENHEIM CENTRE,1100L-W,Gen Waste,0.151
2008-10-01,Education Leeds/Schools,BLENHEIM CENTRE,1100L-W,Gen Waste,0.148
2008-10-01,Education Leeds/Schools,BLENHEIM CENTRE,1100L-W,Gen Waste,0.148
2008-10-01,Education Leeds/Schools,BRUDENELL PRIMARY SCHOOL,1100L-W,Gen Waste,0.477
2008-10-01,Education Leeds/Schools,ELMETE CENTRE,1100L-C,Card,0.089
2008-10-01,Education Leeds/Schools,ELMETE CENTRE,1100L-C,Card,0.081
2008-10-01,Education Leeds/Schools,ELMETE CENTRE,1100L-W,Gen Waste,0.422
2008-10-01,Education Leeds/Schools,ELMETE CENTRE,1100L-W,Gen Waste,0.409
2008-10-01,Education Leeds/Schools,ELMETE CENTRE,1100L-W,Gen Waste,0.41
2008-10-01,Education Leeds/Schools,GRAFTON SITE,1100L-C,Card,0.089
2008-10-01,Education Leeds/Schools,GRAFTON SITE,1100L-W,Gen Waste,0.152
2008-10-01,Education Leeds/Schools,HORSFORTH SCHOOL,1100L-C,Card,0.356
2008-10-01,Education Leeds/Schools,HORSFORTH SCHOOL,1100L-W,Gen Waste,2.805
2008-10-01,Education Leeds/Schools,SOUTH PUDSEY COMMUNITY CENTRE,1100L-W,Gen Waste,0.185
2008-10-01,Education Leeds/Schools,SOUTH PUDSEY COMMUNITY CENTRE,1100L-C,Card,0.087
2008-10-01,Education Leeds/Schools,THE BEST HOUSE,360L-W,Gen Waste,0.115
2008-10-01,Education Leeds/Schools,WEST END PRIMARY SCHOOL,1100L-C,Card,0.113
2008-10-01,Education Leeds/Schools,WEST END PRIMARY SCHOOL,1100L-W,Gen Waste,0.725
2008-10-01,Education Leeds/Schools,WEST PARK CENTRE,1100L-C,Card,0.086
2008-10-01,Education Leeds/Schools,WEST PARK CENTRE,1100L-C,Card,0.096
2008-10-01,Education Leeds/Schools,WEST PARK CENTRE,1100L-W,Gen Waste,0.149
2008-10-01,Education Leeds/Schools,WEST PARK CENTRE,1100L-W,Gen Waste,0.155
2008-10-01,Education Leeds/Schools,WEST PARK CENTRE,1100L-W,Gen Waste,0.173
2008-10-01,Education Leeds/Schools,WEST PARK CENTRE,1100L-W,Gen Waste,0.156
2008-10-01,Environment & Neighbourhoods,AIRE VALLEY TEAM - BELLE ISLE FOUND,660L-C,Card,0.069
2008-10-01,Environment & Neighbourhoods,EAST LEEDS AREA MANAGEMENT TEAM,1100L-C,Card,0.099
2008-10-01,Environment & Neighbourhoods,EAST LEEDS AREA MANAGEMENT TEAM,1100L-W,Gen Waste,0.27
2008-10-01,Environment & Neighbourhoods,ENVIROMENTAL HEALTH NEW ADD,660L-C,Card,0.076
2008-10-01,Environment & Neighbourhoods,ENVIROMENTAL HEALTH NEW ADD,660L-W,Gen Waste,0.172
2008-10-01,Environment & Neighbourhoods,HILLSIDE HOSTEL,1100L-C,Card,0.09
2008-10-01,Environment & Neighbourhoods,HILLSIDE HOSTEL,1100L-W,Gen Waste,0.647
2008-10-01,Environment & Neighbourhoods,KIRKGATE CHAMBERS,360L-C,Card,0.021
2008-10-01,Environment & Neighbourhoods,KIRKGATE CHAMBERS,360L-C,Card,0.004
2008-10-01,Environment & Neighbourhoods,LEEDS COMMUNITY SAFETY,660L-C,Card,0.073
2008-10-01,Environment & Neighbourhoods,MILLSHAW ENVIRONMENTAL HEALTH OFFICE,1100L-C,Card,0.12
2008-10-01,Environment & Neighbourhoods,MILLSHAW ENVIRONMENTAL HEALTH OFFICE,1100L-W,Gen Waste,0.223
2008-10-01,Environment & Neighbourhoods,PENNINGTON PLACE,1100L-W,Gen Waste,0.492
2008-10-01,Environment & Neighbourhoods,RESETTLEMENT SERVICES,1100L-W,Gen Waste,0.271
2008-10-01,Environment & Neighbourhoods,RESETTLEMENT SERVICES,1100L-C,Card,0.096
2008-10-01,Environment & Neighbourhoods,RICHMOND COURT,1100L-W,Gen Waste,0.841
2008-10-01,Environment & Neighbourhoods,THE HOLLIES,1100L-W,Gen Waste,0.457
2008-10-01,Highways,POTTERY FIELDS DEPOT,1100L-C,Card,0.089
2008-10-01,Highways,POTTERY FIELDS DEPOT,1100L-W,Gen Waste,0.254
2008-10-01,Learning & Leisure,ARDSLEY/TINGLEY LIBRARY,660L-W,Gen Waste,0.185
2008-10-01,Learning & Leisure,ARMLEY EYC - OUTREACH CENTRE,1100L-W,Gen Waste,0.264
2008-10-01,Learning & Leisure,ARMLEY LASER CENTRE - YS222,1100L-C,Card,0.114
2008-10-01,Learning & Leisure,ARMLEY LASER CENTRE - YS222,1100L-W,Gen Waste,0.246
2008-10-01,Learning & Leisure,ARMLEY MILLS -  MUS174,1100L-W,Gen Waste,0.253
2008-10-01,Learning & Leisure,ARMLEY MILLS -  MUS174,660L-C,Card,0.059
2008-10-01,Learning & Leisure,ARMLEY SPORTS CENTRE - SPO164,1100L-C,Card,0.081
2008-10-01,Learning & Leisure,ARMLEY SPORTS CENTRE - SPO164,1100L-W,Gen Waste,0.764
2008-10-01,Learning & Leisure,BEESTON LIBRARY,660L-C,Card,0.064
2008-10-01,Learning & Leisure,BEESTON LIBRARY,660L-W,Gen Waste,0.15
2008-10-01,Learning & Leisure,BELLE ISLE CENTRE - YS226,1100L-C,Card,0.14
2008-10-01,Learning & Leisure,BELLE ISLE CENTRE - YS226,1100L-W,Gen Waste,0.198
2008-10-01,Learning & Leisure,BOWLS & ATHLETICS SPO16,1100L-C,Card,0.13
2008-10-01,Learning & Leisure,BOWLS & ATHLETICS SPO16,1100L-W,Gen Waste,0.4
2008-10-01,Learning & Leisure,BRAMLEY BATHS - SPO160,1100L-C,Card,0.097
2008-10-01,Learning & Leisure,BRAMLEY BATHS - SPO160,1100L-W,Gen Waste,0.209
2008-10-01,Learning & Leisure,BRAMLEY CENTRE - YS227,1100L-C,Card,0.091
2008-10-01,Learning & Leisure,BRAMLEY CENTRE - YS227,1100L-W,Gen Waste,0.215
2008-10-01,Learning & Leisure,BRAMLEY CHILDRENS CENTRE - EDEYC206,1100L-C,Card,0.081
2008-10-01,Learning & Leisure,BRAMLEY CHILDRENS CENTRE - EDEYC206,1100L-W,Gen Waste,0.202
2008-10-01,Learning & Leisure,BURLEY LIBRARY - LIB133,360L-W,Gen Waste,0.048
2008-10-01,Learning & Leisure,BURLEY PARK EYC - U8EYC183,1100L-C,Card,0.093
2008-10-01,Learning & Leisure,BURLEY PARK EYC - U8EYC183,1100L-W,Gen Waste,0.574
2008-10-01,Learning & Leisure,CALVERLEY LIBRARY - S067160,660L-W,Gen Waste,0.0
2008-10-01,Learning & Leisure,CATERING - CANAL GARDEN,1100L-C,Card,0.174
2008-10-01,Learning & Leisure,CATERING - CANAL GARDEN,1100L-W,Gen Waste,0.619
2008-10-01,Learning & Leisure,CATERING - GOLDEN ACRE PARK,1100L-C,Card,0.075
2008-10-01,Learning & Leisure,CATERING - GOLDEN ACRE PARK,1100L-W,Gen Waste,0.33
2008-10-01,Learning & Leisure,CATERING - TEMPLE NEWSAM PARK,1100L-C,Card,0.123
2008-10-01,Learning & Leisure,CATERING - TEMPLE NEWSAM PARK,1100L-W,Gen Waste,0.816
2008-10-01,Learning & Leisure,CENTRAL LIBRARY - LIB114,1100L-C,Card,0.108
2008-10-01,Learning & Leisure,CENTRAL LIBRARY - LIB114,1100L-W,Gen Waste,1.097
2008-10-01,Learning & Leisure,CHAPEL ALLERTON BR LIBRARY - LIB113,240L-W,Gen Waste,0.043
2008-10-01,Learning & Leisure,CHAPEL ALLERTON CHILDRENS CENTRE,1100L-C,Card,0.079
2008-10-01,Learning & Leisure,CHAPEL ALLERTON CHILDRENS CENTRE,1100L-W,Gen Waste,0.155
2008-10-01,Learning & Leisure,CHAPELTOWN CHILDRENS CENTRE,1100L-C,Card,0.092
2008-10-01,Learning & Leisure,CHAPELTOWN CHILDRENS CENTRE,1100L-W,Gen Waste,0.341
2008-10-01,Learning & Leisure,CITY MUSEUM,1100L-C,Card,0.142
2008-10-01,Learning & Leisure,CITY MUSEUM,1100L-W,Gen Waste,0.354
2008-10-01,Learning & Leisure,COMPTON ROAD LIBRARY - LIB140,660L-W,Gen Waste,0.0
2008-10-01,Learning & Leisure,COMPTON ROAD LIBRARY - LIB140,660L-C,Card,0.0
2008-10-01,Learning & Leisure,CONSTRUCTION SKILLS TRAINING CENTRE,1100L-C,Card,0.112
2008-10-01,Learning & Leisure,CONSTRUCTION SKILLS TRAINING CENTRE,1100L-W,Gen Waste,0.227
2008-10-01,Learning & Leisure,CROSSGATES LIBRARY - LIB119,1100L-W,Gen Waste,0.263
2008-10-01,Learning & Leisure,DENIS HEALEY CENTRE - YS232,1100L-W,Gen Waste,0.24
2008-10-01,Learning & Leisure,DOREEN HAMILTON DC - 506 Q884679,1100L-C,Card,0.14
2008-10-01,Learning & Leisure,DOREEN HAMILTON DC - 506 Q884679,1100L-W,Gen Waste,0.439
2008-10-01,Learning & Leisure,DOREEN HAMILTON EYC - SSEYC200,1100L-C,Card,0.116
2008-10-01,Learning & Leisure,DOREEN HAMILTON EYC - SSEYC200,1100L-W,Gen Waste,0.213
2008-10-01,Learning & Leisure,DRIGHLINGTON MEETING HALL - AET144,1100L-W,Gen Waste,0.261
2008-10-01,Learning & Leisure,EAST LEEDS FLC - TRGEYC214,1100L-C,Card,0.16
2008-10-01,Learning & Leisure,EAST LEEDS FLC - TRGEYC214,1100L-W,Gen Waste,1.846
2008-10-01,Learning & Leisure,EAST LEEDS LEISURE CENTRE - SPO158,1100L-C,Card,1.061
2008-10-01,Learning & Leisure,EAST LEEDS LEISURE CENTRE - SPO158,1100L-W,Gen Waste,2.781
2008-10-01,Learning & Leisure,EAST LEEDS LEISURE CENTRE - SPO158,660L-C,Card,0.014
2008-10-01,Learning & Leisure,EAST LEEDS LEISURE CENTRE - SPO158,660L-W,Gen Waste,0.074
2008-10-01,Learning & Leisure,FEARNVILLE SPORTS CENTRE - SPO153,1100L-C,Card,0.119
2008-10-01,Learning & Leisure,FEARNVILLE SPORTS CENTRE - SPO153,1100L-W,Gen Waste,0.417
2008-10-01,Learning & Leisure,FIRTHFIELD EYC - (ANNE FLEGG),1100L-W,Gen Waste,0.265
2008-10-01,Learning & Leisure,GARFORTH LEISURE CENTRE - SPO281,1100L-C,Card,0.124
2008-10-01,Learning & Leisure,GARFORTH LIBRARY (REAR) - LIB110,360L-W,Gen Waste,0.148
2008-10-01,Learning & Leisure,GARFORTH LIBRARY (REAR) - LIB110,360L-C,Card,0.027
2008-10-01,Learning & Leisure,GILDERSOME MEETING HALL DMS - AET14,1100L-W,Gen Waste,0.258
2008-10-01,Learning & Leisure,GOTTS PARK MUNICIPAL GOLF CL - PK16,1100L-W,Gen Waste,0.271
2008-10-01,Learning & Leisure,GUISELEY LIBRARY - LIB106,660L-W,Gen Waste,0.15
2008-10-01,Learning & Leisure,GUISELEY LIBRARY - LIB106,660L-C,Card,0.058
2008-10-01,Learning & Leisure,HALTON LIBRARY - LIB139,1100L-W,Gen Waste,0.0
2008-10-01,Learning & Leisure,HALTON LIBRARY - LIB139,660L-C,Card,0.071
2008-10-01,Learning & Leisure,HALTON LIBRARY - LIB139,660L-W,Gen Waste,0.178
2008-10-01,Learning & Leisure,HAREHILLS CHILDRENS CENTRE,1100L-C,Card,0.112
2008-10-01,Learning & Leisure,HAREHILLS CHILDRENS CENTRE,1100L-W,Gen Waste,0.196
2008-10-01,Learning & Leisure,HAREHILLS JOB SHOP,660L-W,Gen Waste,0.139
2008-10-01,Learning & Leisure,HAWKSWORTH WOOD EYC - TRGEYC217,1100L-C,Card,0.089
2008-10-01,Learning & Leisure,HAWKSWORTH WOOD EYC - TRGEYC217,1100L-W,Gen Waste,0.149
2008-10-01,Learning & Leisure,HEADINGLEY ANN CENTRE - YS238,360L-W,Gen Waste,0.084
2008-10-01,Learning & Leisure,HEADINGLEY ANN CENTRE - YS238,360L-C,Card,0.03
2008-10-01,Learning & Leisure,"HERD FARM, ECCUP RESEVIOR - YS241",1100L-C,Card,0.21
2008-10-01,Learning & Leisure,"HERD FARM, ECCUP RESEVIOR - YS241",1100L-W,Gen Waste,0.399
2008-10-01,Learning & Leisure,HOLBECK LIBRARY - LIB137,240L-W,Gen Waste,0.096
2008-10-01,Learning & Leisure,HOLT PARK LEISURE CENTRE - SPO157,1100L-W,Gen Waste,0.472
2008-10-01,Learning & Leisure,HORSFORTH LIBRARY - LIB118,1100L-W,Gen Waste,0.206
2008-10-01,Learning & Leisure,HOVINGHAM PRIMARY SCHOOL - PORTACABIN,360L-W,Gen Waste,0.03
2008-10-01,Learning & Leisure,HUNSLET CHILDRENS CENTRE,1100L-C,Card,0.118
2008-10-01,Learning & Leisure,HUNSLET CHILDRENS CENTRE,1100L-W,Gen Waste,0.19
2008-10-01,Learning & Leisure,HUNSLET HALL EYC - U8EYC186,1100L-C,Card,0.118
2008-10-01,Learning & Leisure,HUNSLET HALL EYC - U8EYC186,1100L-W,Gen Waste,0.428
2008-10-01,Learning & Leisure,HUNSLET LAKE - YS243,1100L-W,Gen Waste,0.0
2008-10-01,Learning & Leisure,HUNSLET LIBRARY (REAR) - LIB117,660L-W,Gen Waste,0.142
2008-10-01,Learning & Leisure,HUNSLET LIBRARY (REAR) - LIB117,660L-C,Card,0.046
2008-10-01,Learning & Leisure,IRELAND WOOD PUBLIC LIBRARY - LIB11,240L-W,Gen Waste,0.052
2008-10-01,Learning & Leisure,JOHN SMEATON LEISURE CENTRE,1100L-C,Card,0.045
2008-10-01,Learning & Leisure,JOHN SMEATON LEISURE CENTRE,1100L-W,Gen Waste,1.404
2008-10-01,Learning & Leisure,KENTMERE EYC - U8EYC187,1100L-C,Card,0.137
2008-10-01,Learning & Leisure,KENTMERE EYC - U8EYC187,1100L-W,Gen Waste,0.541
2008-10-01,Learning & Leisure,KIPPAX LIBRARY - LIB111,240L-W,Gen Waste,0.086
2008-10-01,Learning & Leisure,KIPPAX SPORTS CENTRE - SPO163,1100L-C,Card,0.133
2008-10-01,Learning & Leisure,KIPPAX SPORTS CENTRE - SPO163,1100L-W,Gen Waste,0.482
2008-10-01,Learning & Leisure,KIRKSTALL ABBEY HOUSE MUSEUM - MUS1,1100L-C,Card,0.093
2008-10-01,Learning & Leisure,KIRKSTALL ABBEY HOUSE MUSEUM - MUS1,1100L-W,Gen Waste,0.534
2008-10-01,Learning & Leisure,KIRKSTALL LEISURE CENTRE,1100L-C,Card,0.088
2008-10-01,Learning & Leisure,KIRKSTALL LEISURE CENTRE,1100L-W,Gen Waste,0.542
2008-10-01,Learning & Leisure,LANGBAR EYC - U8EYC189,1100L-C,Card,0.118
2008-10-01,Learning & Leisure,LANGBAR EYC - U8EYC189,1100L-W,Gen Waste,0.262
2008-10-01,Learning & Leisure,LAUREL BANK EYC - SSEYC202,1100L-W,Gen Waste,0.217
2008-10-01,Learning & Leisure,LEEDS MUSEUM DISCOVERY CENTRE,1100L-C,Card,0.135
2008-10-01,Learning & Leisure,LEEDS MUSEUM DISCOVERY CENTRE,660L-W,Gen Waste,0.152
2008-10-01,Learning & Leisure,LEEDS TOWN HALL,1100L-C,Card,3.998
2008-10-01,Learning & Leisure,LEEDS TOWN HALL,1100L-W,Gen Waste,2.193
2008-10-01,Learning & Leisure,LIBRARY HQ - NEW - LIB127,1100L-C,Card,0.082
2008-10-01,Learning & Leisure,LIBRARY HQ - NEW - LIB127,1100L-W,Gen Waste,0.673
2008-10-01,Learning & Leisure,LOTHERTON BIRD GARDEN,1100L-W,Gen Waste,0.509
2008-10-01,Learning & Leisure,LOTHERTON HALL - MUS176,660L-W,Gen Waste,0.164
2008-10-01,Learning & Leisure,MIDDLETON LEISURE CENTRE - SPO159,1100L-C,Card,0.106
2008-10-01,Learning & Leisure,MIDDLETON LEISURE CENTRE - SPO159,1100L-W,Gen Waste,0.409
2008-10-01,Learning & Leisure,MOOR ALLERTON LIBRARY - LIB116,360L-W,Gen Waste,0.12
2008-10-01,Learning & Leisure,MOOR ALLERTON LIBRARY - LIB116,360L-C,Card,0.033
2008-10-01,Learning & Leisure,MORLEY EARLEY YEARS - TRGEYC218,1100L-C,Card,0.132
2008-10-01,Learning & Leisure,MORLEY EARLEY YEARS - TRGEYC218,1100L-W,Gen Waste,0.192
2008-10-01,Learning & Leisure,MORLEY LEISURE CENTRE,1100L-C,Card,0.0
2008-10-01,Learning & Leisure,MORLEY PUBLIC LIBRARY (REAR) - LIB1,1100L-C,Card,0.085
2008-10-01,Learning & Leisure,MORLEY PUBLIC LIBRARY (REAR) - LIB1,360L-W,Gen Waste,0.116
2008-10-01,Learning & Leisure,NEIGHBOURHOOD JOB SHOP,240L-W,Gen Waste,0.072
2008-10-01,Learning & Leisure,NEIGHBOURHOOD JOB SHOP,240L-C,Card,0.0
2008-10-01,Learning & Leisure,NESFIELD OUTREACH - U8EYC191,1100L-W,Gen Waste,0.218
2008-10-01,Learning & Leisure,NEW AQUATICS CENTRE,1100L-C,Card,0.222
2008-10-01,Learning & Leisure,NEW AQUATICS CENTRE,1100L-W,Gen Waste,1.674
2008-10-01,Learning & Leisure,NORTH AREA OFFICE - YS277,1100L-C,Card,0.08
2008-10-01,Learning & Leisure,NORTH AREA OFFICE - YS277,1100L-W,Gen Waste,0.145
2008-10-01,Learning & Leisure,OAKDALE EYC - U8EYC192,1100L-C,Card,0.112
2008-10-01,Learning & Leisure,OAKDALE EYC - U8EYC192,1100L-W,Gen Waste,0.251
2008-10-01,Learning & Leisure,OAKWOOD LIBRARY - LIB125,360L-W,Gen Waste,0.116
2008-10-01,Learning & Leisure,OTLEY LIBRARY - LIB135,360L-W,Gen Waste,0.12
2008-10-01,Learning & Leisure,PARKS & COUNTRYSIDES,1100L-C,Card,0.101
2008-10-01,Learning & Leisure,PARKS & COUNTRYSIDES,1100L-W,Gen Waste,0.49
2008-10-01,Learning & Leisure,PUDSEY CIVIC HALL,1100L-W,Gen Waste,0.215
2008-10-01,Learning & Leisure,PUDSEY CIVIC HALL - CATERING,1100L-C,Card,0.182
2008-10-01,Learning & Leisure,PUDSEY LEISURE CENTRE - SPO161,1100L-C,Card,0.098
2008-10-01,Learning & Leisure,PUDSEY LEISURE CENTRE - SPO161,1100L-W,Gen Waste,0.614
2008-10-01,Learning & Leisure,PUDSEY LIBRARY (REAR) - LIB109,1100L-W,Gen Waste,0.204
2008-10-01,Learning & Leisure,PUDSEY LIBRARY (REAR) - LIB109,1100L-C,Card,0.071
2008-10-01,Learning & Leisure,QUARRY MOUNT CHILDRENS CENTRE,1100L-W,Gen Waste,0.161
2008-10-01,Learning & Leisure,QUARRY MOUNT CHILDRENS CENTRE,1100L-C,Card,0.069
2008-10-01,Learning & Leisure,RED HALL,1100L-C,Card,0.172
2008-10-01,Learning & Leisure,RICHMOND HILL EYC - U8EYC193,1100L-W,Gen Waste,0.482
2008-10-01,Learning & Leisure,RICHMOND HILL EYC - U8EYC193,1100L-C,Card,0.11
2008-10-01,Learning & Leisure,RICHMOND HILL SPORTS HALL - SPO155,1100L-W,Gen Waste,0.152
2008-10-01,Learning & Leisure,ROSEVILLE CENTRE - TRGEYC284,1100L-W,Gen Waste,0.0
2008-10-01,Learning & Leisure,ROTHWELL LC - SPO279,1100L-C,Card,0.112
2008-10-01,Learning & Leisure,ROTHWELL LIBRARY - LIB104,360L-W,Gen Waste,0.141
2008-10-01,Learning & Leisure,ROTHWELL LIBRARY - LIB104,360L-C,Card,0.009
2008-10-01,Learning & Leisure,ROUNDHAY MANSION,1100L-C,Card,0.104
2008-10-01,Learning & Leisure,ROUNDHAY MANSION,660L-W,Gen Waste,0.103
2008-10-01,Learning & Leisure,SAILING CENTRE - SPO282,660L-W,Gen Waste,0.133
2008-10-01,Learning & Leisure,SCHOOLS LIBRARY SERVICE,1100L-W,Gen Waste,0.152
2008-10-01,Learning & Leisure,SCOTHALL SPORTS CENTRE - SPO152,1100L-C,Card,0.0
2008-10-01,Learning & Leisure,SCOTHALL SPORTS CENTRE - SPO152,1100L-W,Gen Waste,0.635
2008-10-01,Learning & Leisure,SCOTT HALL EYC - U8EYC195,1100L-C,Card,0.085
2008-10-01,Learning & Leisure,SCOTT HALL EYC - U8EYC195,1100L-W,Gen Waste,0.161
2008-10-01,Learning & Leisure,SEACROFT CC - U8EYC196,1100L-C,Card,0.052
2008-10-01,Learning & Leisure,SEACROFT CC - U8EYC196,1100L-W,Gen Waste,0.261
2008-10-01,Learning & Leisure,SEACROFT LIBRARY (SIDE) - LIB107,1100L-W,Gen Waste,0.274
2008-10-01,Learning & Leisure,SEACROFT LIBRARY (SIDE) - LIB107,1100L-C,Card,0.119
2008-10-01,Learning & Leisure,SHEPHERD LANE EYC - U8EYC197,1100L-W,Gen Waste,0.208
2008-10-01,Learning & Leisure,SOUTH LEEDS STADIUM,1100L-C,Card,0.222
2008-10-01,Learning & Leisure,SOUTH LEEDS STADIUM,1100L-W,Gen Waste,2.342
2008-10-01,Learning & Leisure,SPRINGFIELD EYC,1100L-W,Gen Waste,0.206
2008-10-01,Learning & Leisure,ST LAWRENCE HOUSE EYC - U8EYC198,1100L-C,Card,0.045
2008-10-01,Learning & Leisure,ST LAWRENCE HOUSE EYC - U8EYC198,1100L-W,Gen Waste,0.188
2008-10-01,Learning & Leisure,TECHNORTH EYC - TRGEYC212,1100L-C,Card,0.197
2008-10-01,Learning & Leisure,TECHNORTH EYC - TRGEYC212,1100L-W,Gen Waste,0.665
2008-10-01,Learning & Leisure,TEMPLE NEWSAM HOUSE - MUS175,1100L-C,Card,0.124
2008-10-01,Learning & Leisure,TEMPLE NEWSAM HOUSE - MUS175,1100L-W,Gen Waste,0.258
2008-10-01,Learning & Leisure,THWAITE MILLS - MUS173,1100L-C,Card,0.083
2008-10-01,Learning & Leisure,THWAITE MILLS - MUS173,1100L-W,Gen Waste,0.157
2008-10-01,Learning & Leisure,TREETOPS COMMUNITY CENTRE,360L-W,Gen Waste,0.129
2008-10-01,Learning & Leisure,TUNSTALL ROAD CENTRE - YS270,1100L-C,Card,0.094
2008-10-01,Learning & Leisure,TUNSTALL ROAD CENTRE - YS270,1100L-W,Gen Waste,0.22
2008-10-01,Learning & Leisure,TWO WILLOWS EYC - U8EYC199,1100L-C,Card,0.13
2008-10-01,Learning & Leisure,TWO WILLOWS EYC - U8EYC199,1100L-W,Gen Waste,0.428
2008-10-01,Learning & Leisure,WEST ARDSLEY CENTRE - YS271,1100L-W,Gen Waste,0.0
2008-10-01,Learning & Leisure,WEST LEEDS FLC - TRGEYC211,1100L-C,Card,0.077
2008-10-01,Learning & Leisure,WEST LEEDS FLC - TRGEYC211,1100L-W,Gen Waste,0.533
2008-10-01,Learning & Leisure,WEST YORKSHIRE ARCHIVES DEPT - LIB1,240L-C,Card,0.0
2008-10-01,Learning & Leisure,WETHERBY LEISURE CENTRE - SPO156,1100L-W,Gen Waste,0.549
2008-10-01,Learning & Leisure,WETHERBY LIBRARY - LIB108,360L-W,Gen Waste,0.142
2008-10-01,Learning & Leisure,WINDMILL CHILDRENS CENTRE - U8EYC28,1100L-C,Card,0.115
2008-10-01,Learning & Leisure,WINDMILL CHILDRENS CENTRE - U8EYC28,1100L-W,Gen Waste,0.418
2008-10-01,Learning & Leisure,YEADON LIBRARY - LIB219,360L-W,Gen Waste,0.119
2008-10-01,Learning & Leisure,YEADON LIBRARY - LIB219,360L-C,Card,0.026
2008-10-01,Resources,CITY SERVICES - PROPERTY MAINTENANC,1100L-C,Card,0.218
2008-10-01,Resources,CITY SERVICES - PROPERTY MAINTENANC,1100L-W,Gen Waste,0.515
2008-10-01,Resources,CLEANING & SERVICES(CITY PRINT),1100L-W,Gen Waste,0.776
2008-10-01,Resources,SECURITY SERVICES,1100L-W,Gen Waste,0.25
2008-10-01,Resources,SECURITY SERVICES,1100L-C,Card,0.087
2008-10-01,Resources,TRANSPORT AGENCY 36370,1100L-C,Card,0.102
2008-10-01,Resources,TRANSPORT AGENCY 36370,1100L-W,Gen Waste,0.406
2008-10-01,Resources,WESTLAND ROAD DEPOT 77400,1100L-C,Card,0.112
2008-10-01,Resources,WESTLAND ROAD DEPOT 77400,1100L-W,Gen Waste,0.265
2008-10-01,Social Care,15 LAVENDER WALK,660L-C,Card,0.083
2008-10-01,Social Care,15 LAVENDER WALK,660L-W,Gen Waste,0.138
2008-10-01,Social Care,ACORN LODGE - Q890207,1100L-W,Gen Waste,0.257
2008-10-01,Social Care,AMBERTON COURT - S065890,1100L-C,Card,0.125
2008-10-01,Social Care,AMBERTON COURT - S065890,1100L-W,Gen Waste,0.62
2008-10-01,Social Care,APNA DAY CENTRE - S064100,1100L-W,Gen Waste,0.156
2008-10-01,Social Care,BAILEYS HOUSE - 238 - Q888998,1100L-C,Card,0.115
2008-10-01,Social Care,BAILEYS HOUSE - 238 - Q888998,1100L-W,Gen Waste,0.769
2008-10-01,Social Care,BELLE ISLE NEIGHBOURHOOD CENTRE - 9,660L-W,Gen Waste,0.148
2008-10-01,Social Care,BEWERLEY CROFT - 255 - S064200,1100L-C,Card,0.131
2008-10-01,Social Care,BEWERLEY CROFT - 255 - S064200,1100L-W,Gen Waste,0.413
2008-10-01,Social Care,BODMIN ROAD 2 - 81,660L-W,Gen Waste,0.144
2008-10-01,Social Care,BODMIN ROAD 2 - 81,660L-C,Card,0.074
2008-10-01,Social Care,BODMIN ROAD 4 - 70,660L-W,Gen Waste,0.152
2008-10-01,Social Care,BRAMLEY LAWN DC - S063921,1100L-W,Gen Waste,0.2
2008-10-01,Social Care,BRAMLEY LAWN DC - S063921,1100L-C,Card,0.095
2008-10-01,Social Care,BRAMLEY TC - 362 - S066251,1100L-C,Card,0.101
2008-10-01,Social Care,BRAMLEY TC - 362 - S066251,1100L-W,Gen Waste,0.42
2008-10-01,Social Care,BROOKSBANK - 141 Q893778,1100L-C,Card,0.046
2008-10-01,Social Care,BROOKSBANK - 141 Q893778,1100L-W,Gen Waste,0.536
2008-10-01,Social Care,BROOM COURT - 242 S066401,1100L-C,Card,0.128
2008-10-01,Social Care,BROOM COURT - 242 S066401,1100L-W,Gen Waste,0.638
2008-10-01,Social Care,BURLEY WILLOWS - 170 - S064513,1100L-C,Card,0.092
2008-10-01,Social Care,BURLEY WILLOWS - 170 - S064513,1100L-W,Gen Waste,0.558
2008-10-01,Social Care,BURLEY WILLOWS DC - 523,1100L-W,Gen Waste,0.239
2008-10-01,Social Care,CALVERLANDS DC - 516,1100L-C,Card,0.103
2008-10-01,Social Care,CALVERLANDS DC - 516,1100L-W,Gen Waste,0.222
2008-10-01,Social Care,COTTINGLEY COURT - 253,1100L-W,Gen Waste,0.638
2008-10-01,Social Care,COTTINGLEY COURT - 253,1100L-C,Card,0.108
2008-10-01,Social Care,CRISIS CENTRE - 353 - Q900405,1100L-C,Card,0.098
2008-10-01,Social Care,CRISIS CENTRE - 353 - Q900405,1100L-W,Gen Waste,0.163
2008-10-01,Social Care,CROSSGATES LIBRARY,1100L-C,Card,0.108
2008-10-01,Social Care,DELPH MANOR - 230 - Q829527,1100L-W,Gen Waste,0.664
2008-10-01,Social Care,DOLPHIN MANOR - S065663,1100L-C,Card,0.12
2008-10-01,Social Care,DOLPHIN MANOR - S065663,1100L-W,Gen Waste,0.765
2008-10-01,Social Care,EASDALE CLOSE,360L-W,Gen Waste,0.291
2008-10-01,Social Care,EAST LEEDS FAMILY RC  Q874041,1100L-W,Gen Waste,0.269
2008-10-01,Social Care,EASTMOOR CSU - 126 - S066405,1100L-C,Card,0.177
2008-10-01,Social Care,EASTMOOR CSU - 126 - S066405,1100L-W,Gen Waste,1.234
2008-10-01,Social Care,FAIRVIEW - S066039,1100L-C,Card,0.125
2008-10-01,Social Care,FAIRVIEW - S066039,1100L-W,Gen Waste,0.515
2008-10-01,Social Care,FARFIELD DC - S063922,660L-W,Gen Waste,0.15
2008-10-01,Social Care,FIRTHFIELDS DC - S065781,1100L-C,Card,0.12
2008-10-01,Social Care,FIRTHFIELDS DC - S065781,1100L-W,Gen Waste,0.262
2008-10-01,Social Care,FREDERICK HURDLE DC - 509 Q894243,1100L-C,Card,0.102
2008-10-01,Social Care,FREDERICK HURDLE DC - 509 Q894243,1100L-W,Gen Waste,0.166
2008-10-01,Social Care,GANNERS GREEN - 66 - Q874398,360L-W,Gen Waste,0.219
2008-10-01,Social Care,GRANGE COURT - S063964,1100L-C,Card,0.109
2008-10-01,Social Care,GRANGE COURT - S063964,1100L-W,Gen Waste,0.535
2008-10-01,Social Care,GREEN THE - 176 - S066593,1100L-W,Gen Waste,0.522
2008-10-01,Social Care,GREEN THE DC - S066593,1100L-C,Card,0.101
2008-10-01,Social Care,GREEN THE DC - S066593,1100L-W,Gen Waste,0.29
2008-10-01,Social Care,HARRY BOOTH HOUSE - S063957,1100L-C,Card,0.097
2008-10-01,Social Care,HARRY BOOTH HOUSE - S063957,1100L-W,Gen Waste,0.604
2008-10-01,Social Care,HEALEY CROFT - 229,1100L-W,Gen Waste,0.522
2008-10-01,Social Care,HOLBECK DC - S063712,1100L-C,Card,0.118
2008-10-01,Social Care,HOLBECK DC - S063712,1100L-W,Gen Waste,0.251
2008-10-01,Social Care,HOME LEA HOUSE - S064059,1100L-C,Card,0.128
2008-10-01,Social Care,HOME LEA HOUSE - S064059,1100L-W,Gen Waste,0.785
2008-10-01,Social Care,HORSFORTH - 359 - Q895809,1100L-C,Card,0.104
2008-10-01,Social Care,HORSFORTH - 359 - Q895809,1100L-W,Gen Waste,0.414
2008-10-01,Social Care,HOUGH LANE CENTRE,1100L-C,Card,0.108
2008-10-01,Social Care,HOUGH LANE CENTRE,1100L-W,Gen Waste,0.426
2008-10-01,Social Care,HUNSLET HALL - 6,1100L-W,Gen Waste,0.411
2008-10-01,Social Care,HUNSLET HALL - 6,660L-C,Card,0.078
2008-10-01,Social Care,HUNSLET HALL ANNEX,360L-C,Card,0.019
2008-10-01,Social Care,INGLEWOOD - 46 - S066331,1100L-W,Gen Waste,0.394
2008-10-01,Social Care,IVESON APPROACH - 68 - Q882007,1100L-W,Gen Waste,0.169
2008-10-01,Social Care,JOSEPH STREET - 239 - S066530,1100L-W,Gen Waste,0.415
2008-10-01,Social Care,KIRKLAND HOUSE - 164 - S064209,1100L-C,Card,0.088
2008-10-01,Social Care,KIRKLAND HOUSE - 164 - S064209,1100L-W,Gen Waste,0.415
2008-10-01,Social Care,KNOWLE MANOR - S064208,1100L-W,Gen Waste,0.618
2008-10-01,Social Care,LAUREL BANK DC - S066161,1100L-C,Card,0.078
2008-10-01,Social Care,LAUREL BANK DC - S066161,1100L-W,Gen Waste,0.201
2008-10-01,Social Care,LEE GRANGE - 251,1100L-W,Gen Waste,0.79
2008-10-01,Social Care,LEE GRANGE - 251,240L-W,Gen Waste,0.0
2008-10-01,Social Care,LEEDS CTR INTERGR LIV - 340 Q892988,1100L-C,Card,0.098
2008-10-01,Social Care,LEEDS CTR INTERGR LIV - 340 Q892988,1100L-W,Gen Waste,0.464
2008-10-01,Social Care,LINCOLNFIELDS DC - 501 - S063821,1100L-C,Card,0.106
2008-10-01,Social Care,LINCOLNFIELDS DC - 501 - S063821,1100L-W,Gen Waste,0.213
2008-10-01,Social Care,LUTTRELL CRESCENT - 72,660L-W,Gen Waste,0.107
2008-10-01,Social Care,MANORFIELD HOUSE - 161 - Q897775,1100L-C,Card,0.091
2008-10-01,Social Care,MANORFIELD HOUSE - 161 - Q897775,1100L-W,Gen Waste,0.425
2008-10-01,Social Care,MARINERS DC - 332 - S066141,1100L-C,Card,0.114
2008-10-01,Social Care,MARINERS DC - 332 - S066141,1100L-W,Gen Waste,0.417
2008-10-01,Social Care,MAWCROFT GRANGE - 234,1100L-W,Gen Waste,0.413
2008-10-01,Social Care,MIDDLECROSS - HOP,1100L-W,Gen Waste,0.506
2008-10-01,Social Care,MIDDLECROSS DC - 512 - S065939,1100L-C,Card,0.086
2008-10-01,Social Care,MIDDLECROSS DC - 512 - S065939,1100L-W,Gen Waste,0.279
2008-10-01,Social Care,MIDDLETON ADVICE CENTRE - 594,1100L-C,Card,0.056
2008-10-01,Social Care,MIDDLETON ADVICE CENTRE - 594,1100L-W,Gen Waste,0.21
2008-10-01,Social Care,MOOR END TC - 358 - Q896765,1100L-C,Card,0.121
2008-10-01,Social Care,MOOR END TC - 358 - Q896765,1100L-W,Gen Waste,0.41
2008-10-01,Social Care,MUSGRAVE COURT - 168 - S066540,1100L-W,Gen Waste,0.432
2008-10-01,Social Care,NABURN COURT DC - 316 - S066370,1100L-C,Card,0.112
2008-10-01,Social Care,NABURN COURT DC - 316 - S066370,1100L-W,Gen Waste,0.232
2008-10-01,Social Care,NORTHWEST LEEDS FAMILY RC - 69,240L-W,Gen Waste,0.11
2008-10-01,Social Care,OLD MIDDLETON OFFICE,1100L-W,Gen Waste,0.0
2008-10-01,Social Care,OLD MIDDLETON OFFICE,660L-C,Card,0.083
2008-10-01,Social Care,OLD MIDDLETON OFFICE,660L-W,Gen Waste,0.145
2008-10-01,Social Care,OSMONDTHORPE RES CTR - 331 Q892091,1100L-C,Card,0.117
2008-10-01,Social Care,OSMONDTHORPE RES CTR - 331 Q892091,1100L-W,Gen Waste,0.431
2008-10-01,Social Care,PARKLEES HOP -,1100L-C,Card,0.095
2008-10-01,Social Care,PARKLEES HOP -,1100L-W,Gen Waste,0.403
2008-10-01,Social Care,PINFOLDS - 243,1100L-C,Card,0.082
2008-10-01,Social Care,PINFOLDS - 243,1100L-W,Gen Waste,0.546
2008-10-01,Social Care,POTTERNEWTON - 367 - S063891,1100L-W,Gen Waste,0.458
2008-10-01,Social Care,POTTERNEWTON - 367 - S063891,660L-C,Card,1.028
2008-10-01,Social Care,PRIMROSE HILL - 171 S065699,1100L-W,Gen Waste,0.491
2008-10-01,Social Care,QUEENSWOOD DRIVE DC - S065697,1100L-C,Card,0.081
2008-10-01,Social Care,QUEENSWOOD DRIVE DC - S065697,660L-W,Gen Waste,0.104
2008-10-01,Social Care,RADCLIFFE LANE DC -  S066696,1100L-C,Card,0.046
2008-10-01,Social Care,RADCLIFFE LANE DC -  S066696,1100L-W,Gen Waste,0.202
2008-10-01,Social Care,RAMSHEAD WOOD - 363,1100L-C,Card,0.1
2008-10-01,Social Care,RAMSHEAD WOOD - 363,1100L-W,Gen Waste,0.49
2008-10-01,Social Care,RAYNELL DRIVE - 444 Q862300,1100L-W,Gen Waste,0.145
2008-10-01,Social Care,RICHMOND HILL DC - 322 S063822,1100L-W,Gen Waste,0.217
2008-10-01,Social Care,RICHMOND HOUSE - S065911,1100L-W,Gen Waste,0.427
2008-10-01,Social Care,RICHMOND HOUSE - S065911,1100L-C,Card,0.09
2008-10-01,Social Care,RIDGESIDE,1100L-W,Gen Waste,0.463
2008-10-01,Social Care,RIDGESIDE,240L-W,Gen Waste,0.1
2008-10-01,Social Care,RIDGESIDE - BETHANY,240L-W,Gen Waste,0.039
2008-10-01,Social Care,RIDGESIDE - HALFWAY HOUSE,240L-W,Gen Waste,0.051
2008-10-01,Social Care,ROOS COURT - 235 - Q859440,1100L-W,Gen Waste,0.418
2008-10-01,Social Care,ROSE FARM DC - 314 - Q880559,1100L-C,Card,0.02
2008-10-01,Social Care,ROSE FARM DC - 314 - Q880559,1100L-W,Gen Waste,0.552
2008-10-01,Social Care,ROSEVILLE ENTERPRISE PARK,660L-C,Card,0.048
2008-10-01,Social Care,ROSSEDENE - 231 - Q849090,1100L-W,Gen Waste,0.655
2008-10-01,Social Care,ROTHWELL- A T C - S064341,1100L-C,Card,0.11
2008-10-01,Social Care,ROTHWELL- A T C - S064341,1100L-C,Card,0.134
2008-10-01,Social Care,ROTHWELL- A T C - S064341,1100L-W,Gen Waste,0.514
2008-10-01,Social Care,SIEGEN DC 325 - S064988,1100L-W,Gen Waste,0.205
2008-10-01,Social Care,SIEGEN MANOR HOP AND CENTRE - 169,1100L-C,Card,0.1
2008-10-01,Social Care,SIEGEN MANOR HOP AND CENTRE - 169,1100L-W,Gen Waste,0.444
2008-10-01,Social Care,SPEN CROFT HOSTEL - Q884463,1100L-C,Card,0.065
2008-10-01,Social Care,SPEN CROFT HOSTEL - Q884463,1100L-W,Gen Waste,0.152
2008-10-01,Social Care,SPEN CROFT HOSTEL - Q884463,1100L-W,Gen Waste,0.214
2008-10-01,Social Care,SPRING GARDENS - 162 Q895017,1100L-W,Gen Waste,0.417
2008-10-01,Social Care,SPRING GARDENS ANNEXE - S063961,1100L-W,Gen Waste,0.217
2008-10-01,Social Care,SPRINGFIELD DC - 519 - S066010,1100L-C,Card,0.096
2008-10-01,Social Care,SPRINGFIELD DC - 519 - S066010,1100L-W,Gen Waste,0.216
2008-10-01,Social Care,SQUIRREL WAY - 82 Q892331,1100L-C,Card,0.096
2008-10-01,Social Care,SQUIRREL WAY - 82 Q892331,1100L-W,Gen Waste,0.816
2008-10-01,Social Care,ST CATHERINES DRIVE - 77,1100L-W,Gen Waste,0.203
2008-10-01,Social Care,STOCKS HILL DC - 345 Q878493,1100L-C,Card,0.1
2008-10-01,Social Care,STOCKS HILL DC - 345 Q878493,1100L-W,Gen Waste,0.258
2008-10-01,Social Care,SUFFOLK COURT - 137 - Q894346,1100L-C,Card,0.059
2008-10-01,Social Care,SUFFOLK COURT - 137 - Q894346,1100L-W,Gen Waste,0.396
2008-10-01,Social Care,TEMPLARS CROFT - 233 - S065942,1100L-W,Gen Waste,0.496
2008-10-01,Social Care,THE VALE DC - 347 - S064298,1100L-C,Card,0.123
2008-10-01,Social Care,THE VALE DC - 347 - S064298,1100L-W,Gen Waste,0.204
2008-10-01,Social Care,WEST ARDSLEY  ATC- S065913,1100L-C,Card,0.062
2008-10-01,Social Care,WEST ARDSLEY  ATC- S065913,1100L-W,Gen Waste,1.001
2008-10-01,Social Care,WETHERBY DAY SERVICES - S065123,1100L-W,Gen Waste,0.494
2008-10-01,Social Care,WHITE ROSE HOUSE - 2,1100L-C,Card,0.087
2008-10-01,Social Care,WHITE ROSE HOUSE - 2,1100L-W,Gen Waste,0.324
2008-10-01,Social Care,WINDLESFORD GREEN - 232,1100L-W,Gen Waste,0.52
2008-10-01,Social Care,WOOD LANE,1100L-W,Gen Waste,0.169
2008-10-01,Social Care,WOOD LANE,1100L-W,Gen Waste,0.153
2008-10-01,Social Care,WOODHOUSE DC - S063840,1100L-C,Card,0.097
2008-10-01,Social Care,WOODHOUSE DC - S063840,1100L-W,Gen Waste,0.145
2008-10-01,Social Care,WYKEBECK VALLEY DC - 317,1100L-C,Card,0.107
2008-10-01,Social Care,WYKEBECK VALLEY DC - 317,1100L-W,Gen Waste,0.215
2008-10-01,Social Care,YOUTH JUSTICE SERVICE,1100L-W,Gen Waste,0.275
2008-10-01,Social Care,YOUTH OFFENDING TEAM,1100L-C,Card,0.114
2008-10-01,Social Care,YOUTH OFFENDING TEAM,1100L-W,Gen Waste,0.251
2008-10-01,TBC,CITY ART GALLERY - MUS285,1100L-W,Gen Waste,0.641
2008-10-01,TBC,LEEDS C C - EVENTS TEAM,1100L-W,Gen Waste,0.155
2008-10-01,TBC,LEEDS C C - EVENTS TEAM,360L-W,Gen Waste,0.102
2008-10-01,TBC,WESTHOLME - 183 - S066464,1100L-C,Card,0.109
2008-10-01,TBC,WESTHOLME - 183 - S066464,1100L-W,Gen Waste,0.389
2008-10-01,W ALMO,BRAMLEY NHO,1100L-W,Gen Waste,0.186
2008-10-01,W ALMO,BRAMLEY NHO,1100L-C,Card,0.108
2008-10-01,W ALMO,HORSFORTH NHO,660L-W,Gen Waste,0.143
2008-10-01,W ALMO,HORSFORTH NHO,660L-C,Card,0.066
2008-10-01,W ALMO,HOUSING REGISTER,360L-W,Gen Waste,0.097
2008-10-01,W ALMO,KIRKSTALL NHO,1100L-W,Gen Waste,0.261
2008-10-01,W ALMO,KIRKSTALL NHO,1100L-C,Card,0.085
2008-10-01,W ALMO,PROGRESS HOUSE,1100L-W,Gen Waste,0.189
2008-10-01,W ALMO,PROGRESS HOUSE,1100L-C,Card,0.054
2008-10-01,W ALMO,SILVER ROYD HILL,1100L-W,Gen Waste,0.227
2008-10-01,W ALMO,SILVER ROYD HILL,1100L-C,Card,0.073
2008-10-01,W ALMO,WEETWOOD NHO,360L-W,Gen Waste,0.088
2008-10-01,W ALMO,WEETWOOD NHO,360L-C,Card,0.026
2008-10-01,W ALMO,WESTFIELD CHAMBERS,1100L-W,Gen Waste,0.188
2008-10-01,W ALMO,WESTFIELD CHAMBERS,1100L-C,Card,0.113
2008-10-01,W ALMO,WESTFIELD HOUSE,1100L-W,Gen Waste,0.282
2008-11-01,AIRE ALMO,"NAVAGATION HOUSE, LEEDS SOUTH HOMES",1100L-C,Card,0.093
2008-11-01,AIRE ALMO,"NAVAGATION HOUSE, LEEDS SOUTH HOMES",1100L-W,Gen Waste,0.402
2008-11-01,AIRE ALMO,SWARCLIFFE NHO,1100L-C,Card,0.0
2008-11-01,AIRE ALMO,SWARCLIFFE NHO,1100L-W,Gen Waste,0.209
2008-11-01,AIRE ALMO,SWARCLIFFE NHO,660L-C,Card,0.062
2008-11-01,City Development,ARKITECTURAL DESIGN,1100L-C,Card,0.091
2008-11-01,City Development,ARKITECTURAL DESIGN,1100L-W,Gen Waste,0.433
2008-11-01,City Development,PUDSEY MARKETS,1100L-C,Card,0.888
2008-11-01,City Development,PUDSEY MARKETS,1100L-W,Gen Waste,2.707
2008-11-01,City Development,TAXI LICENSING,1100L-C,Card,0.076
2008-11-01,City Development,TAXI LICENSING,1100L-W,Gen Waste,0.211
2008-11-01,City Services,AIREBOROUGH NEW ROADSIDE 03044,1100L-C,Card,0.0
2008-11-01,City Services,AIREBOROUGH NEW ROADSIDE 03044,1100L-W,Gen Waste,0.0
2008-11-01,City Services,ALLERTON BYWATER CENTRE - YS220,360L-W,Gen Waste,0.109
2008-11-01,City Services,ALLERTON BYWATER CENTRE - YS220,360L-C,Card,0.029
2008-11-01,City Services,ALSTON LANE CENTRE - YS221,660L-W,Gen Waste,0.154
2008-11-01,City Services,APEX HOUSE,1100L-C,Card,0.2
2008-11-01,City Services,APEX HOUSE,1100L-W,Gen Waste,0.852
2008-11-01,City Services,APEX HOUSE,660L-C,Card,0.06
2008-11-01,City Services,ARMLEY OSC 03082,1100L-C,Card,0.088
2008-11-01,City Services,ARMLEY OSC 03082,1100L-W,Gen Waste,0.208
2008-11-01,City Services,BANGLADESHI CENTRE - YS223,1100L-C,Card,0.079
2008-11-01,City Services,BANGLADESHI CENTRE - YS223,1100L-W,Gen Waste,0.442
2008-11-01,City Services,BARLEYFIELDS CENTRE - YS224,660L-W,Gen Waste,0.149
2008-11-01,City Services,BELGRAVE HOUSE,1100L-C,Card,0.154
2008-11-01,City Services,BELGRAVE HOUSE,1100L-W,Gen Waste,0.438
2008-11-01,City Services,BLACKBURN HALL - AET143,1100L-W,Gen Waste,0.384
2008-11-01,City Services,BOSTON SPA CENTRE - YS226,660L-W,Gen Waste,0.146
2008-11-01,City Services,CANON HOUSE 03025,1100L-C,Card,0.109
2008-11-01,City Services,CANON HOUSE 03026,1100L-W,Gen Waste,0.367
2008-11-01,City Services,CANON HOUSE 03027,1100L-W,Gen Waste,0.377
2008-11-01,City Services,CATERING - BEESTON PRIMARY,1100L-W,Gen Waste,0.219
2008-11-01,City Services,CIVIC HALL - CITY SERVICES DEPT,660L-C,Card,4.427
2008-11-01,City Services,CIVIC HALL - CITY SERVICES DEPT,660L-W,Gen Waste,2.913
2008-11-01,City Services,CIVIC HALL - CITY SERVICES DEPT,1100L-C,Card,0.0
2008-11-01,City Services,CROSS GREEN CENTRE - YS230,1100L-W,Gen Waste,0.221
2008-11-01,City Services,CROSSGATES CENTRE - YS231,1100L-C,Card,0.097
2008-11-01,City Services,CROSSGATES CENTRE - YS231,1100L-W,Gen Waste,0.148
2008-11-01,City Services,DEWSBURY ROAD OSC 03083,1100L-C,Card,0.077
2008-11-01,City Services,DEWSBURY ROAD OSC 03083,1100L-W,Gen Waste,0.405
2008-11-01,City Services,EBOR GARDENS COMM CENT- YS233,1100L-C,Card,0.069
2008-11-01,City Services,EBOR GARDENS COMM CENT- YS233,1100L-W,Gen Waste,0.218
2008-11-01,City Services,EVOLUTION HOUSE,1100L-C,Card,0.093
2008-11-01,City Services,EVOLUTION HOUSE,1100L-W,Gen Waste,0.421
2008-11-01,City Services,FIELDHEAD CARR CENTRE - YS234,660L-W,Gen Waste,0.133
2008-11-01,City Services,FIR TREE SCHOOL,1100L-W,Gen Waste,0.0
2008-11-01,City Services,GARFORTH OSC - MAIN STREET 03051,1100L-C,Card,0.075
2008-11-01,City Services,GARFORTH OSC - MAIN STREET 03051,1100L-W,Gen Waste,0.209
2008-11-01,City Services,GILDERSOME YOUTH CENTRE,1100L-W,Gen Waste,0.205
2008-11-01,City Services,HAREHILLS PLACE COMMUNITY CENTRE,1100L-W,Gen Waste,0.191
2008-11-01,City Services,HEADINGLEY COMMUNITY CENTRE,1100L-W,Gen Waste,0.194
2008-11-01,City Services,HEADINGLEY COMMUNITY CENTRE,660L-C,Card,0.067
2008-11-01,City Services,HENRY BARRAN CENTRE - YS240,1100L-C,Card,0.098
2008-11-01,City Services,HENRY BARRAN CENTRE - YS240,1100L-W,Gen Waste,0.401
2008-11-01,City Services,HOLBECK YOUTH CENTRE,1100L-W,Gen Waste,0.0
2008-11-01,City Services,HOLBECK YOUTH CENTRE,660L-W,Gen Waste,0.139
2008-11-01,City Services,HOUGH TOP COURT 03027,1100L-C,Card,0.166
2008-11-01,City Services,HOUGH TOP COURT 03027,1100L-W,Gen Waste,0.838
2008-11-01,City Services,KENTMERE CENTRE - YS244,1100L-C,Card,0.083
2008-11-01,City Services,KENTMERE CENTRE - YS244,1100L-W,Gen Waste,0.201
2008-11-01,City Services,KIPPAX YOUTH CENTRE,660L-W,Gen Waste,0.14
2008-11-01,City Services,KNOWSTHORPE GATE SUPPORT SER 43390,1100L-C,Card,0.158
2008-11-01,City Services,LANDMARK COURT,1100L-C,Card,0.097
2008-11-01,City Services,LANDMARK COURT,1100L-W,Gen Waste,0.207
2008-11-01,City Services,LINCOLN GREEN YOUTH CENTRE,1100L-W,Gen Waste,0.208
2008-11-01,City Services,LITTLE LONDON COMMUNITY CENTRE,1100L-W,Gen Waste,0.211
2008-11-01,City Services,LITTLE LONDON COMMUNITY CENTRE,1100L-C,Card,0.103
2008-11-01,City Services,MANDELA CENTRE,1100L-C,Card,0.12
2008-11-01,City Services,MANDELA CENTRE,1100L-W,Gen Waste,0.424
2008-11-01,City Services,MEANWOOD COMMUNITY CENTRE,1100L-W,Gen Waste,0.219
2008-11-01,City Services,MEANWOOD COMMUNITY CENTRE,1100L-C,Card,0.089
2008-11-01,City Services,MERRION HOUSE,1100L-C,Card,0.39
2008-11-01,City Services,MERRION HOUSE,1100L-W,Gen Waste,4.129
2008-11-01,City Services,MERRION HOUSE,360L-C,Card,0.159
2008-11-01,City Services,MERRION HOUSE,660L-C,Card,0.349
2008-11-01,City Services,METHLEY CENTRE,1100L-W,Gen Waste,0.203
2008-11-01,City Services,MICKLEFIELD YOUTH CENTRE,1100L-W,Gen Waste,0.208
2008-11-01,City Services,MICKLEFIELD YOUTH CENTRE,660L-C,Card,0.043
2008-11-01,City Services,MIDDLETON PARK HIGHWAYS 03034,1100L-C,Card,0.447
2008-11-01,City Services,MIDDLETON PARK HIGHWAYS 03034,1100L-W,Gen Waste,0.858
2008-11-01,City Services,MIDDLETON SKILLS CENTRE - YS253,1100L-C,Card,0.11
2008-11-01,City Services,MIDDLETON SKILLS CENTRE - YS253,1100L-W,Gen Waste,0.207
2008-11-01,City Services,MORLEY TOWN HALL 03060,1100L-C,Card,0.186
2008-11-01,City Services,MORLEY TOWN HALL 03060,1100L-W,Gen Waste,0.34
2008-11-01,City Services,NOWELL MOUNT CENTRE - YS254,1100L-W,Gen Waste,0.151
2008-11-01,City Services,OLD COCKBURN SPORTS HALL,1100L-W,Gen Waste,0.199
2008-11-01,City Services,OSMONDTHORPE OSC 03085,1100L-C,Card,0.086
2008-11-01,City Services,OSMONDTHORPE OSC 03085,1100L-W,Gen Waste,0.431
2008-11-01,City Services,OTLEY A O 03066,1100L-W,Gen Waste,0.202
2008-11-01,City Services,PAKISTANI CENTRE - YS256,1100L-C,Card,0.0
2008-11-01,City Services,PALACE PROJECT - YS257,1100L-W,Gen Waste,0.0
2008-11-01,City Services,PALACE PROJECT - YS257,660L-W,Gen Waste,0.113
2008-11-01,City Services,PRINCE PHILLIP CENTRE - YS258,1100L-C,Card,0.107
2008-11-01,City Services,PRINCE PHILLIP CENTRE - YS258,1100L-W,Gen Waste,0.305
2008-11-01,City Services,PUDSEY TOWN HALL 03071,1100L-W,Gen Waste,0.501
2008-11-01,City Services,PUDSEY TOWN HALL 03071,660L-C,Card,0.115
2008-11-01,City Services,RICHMOND HILL CENTRE - YS259,1100L-W,Gen Waste,0.207
2008-11-01,City Services,RICHMOND HILL CENTRE - YS259,660L-W,Gen Waste,0.0
2008-11-01,City Services,RICHMOND HILL CENTRE - YS259,660L-C,Card,0.058
2008-11-01,City Services,ROSE LUND CENTRE - YS260,660L-W,Gen Waste,0.148
2008-11-01,City Services,ROTHWELL A O - 03074,1100L-C,Card,0.102
2008-11-01,City Services,ROTHWELL A O - 03074,1100L-W,Gen Waste,0.199
2008-11-01,City Services,SOUTH GIPTON CENTRE - YS263,1100L-W,Gen Waste,0.159
2008-11-01,City Services,SOUTH LEEDS FLC,1100L-C,Card,0.073
2008-11-01,City Services,SOUTH LEEDS FLC,1100L-W,Gen Waste,1.267
2008-11-01,City Services,SOUTH SEACROFT OSC,1100L-C,Card,0.104
2008-11-01,City Services,SOUTH SEACROFT OSC,660L-C,Card,0.12
2008-11-01,City Services,SOUTH SEACROFT OSC,660L-W,Gen Waste,0.425
2008-11-01,City Services,ST GABRIELS CENTRE - YS264,660L-W,Gen Waste,0.156
2008-11-01,City Services,ST GEORGES CENTRE 03036,1100L-C,Card,0.193
2008-11-01,City Services,ST GEORGES CENTRE 03036,1100L-W,Gen Waste,0.432
2008-11-01,City Services,ST GREGORYS Y & A CENTRE,1100L-C,Card,0.096
2008-11-01,City Services,ST GREGORYS Y & A CENTRE,1100L-W,Gen Waste,0.198
2008-11-01,City Services,ST MATTHEWS CENTRE - YS266,1100L-W,Gen Waste,0.22
2008-11-01,City Services,ST MATTHEWS CENTRE - YS266,1100L-C,Card,0.083
2008-11-01,City Services,STANHOPE DRIVE YOUTH CENTRE,660L-W,Gen Waste,0.138
2008-11-01,City Services,STRAWBERRY LANE CENTRE - YS268,1100L-C,Card,0.078
2008-11-01,City Services,STRAWBERRY LANE CENTRE - YS268,1100L-W,Gen Waste,0.219
2008-11-01,City Services,THE LEONARDO BUILDING 03020,1100L-C,Card,1.635
2008-11-01,City Services,THE LEONARDO BUILDING 03020,1100L-W,Gen Waste,1.011
2008-11-01,City Services,THORESBY HOUSE 03017,1100L-C,Card,3.137
2008-11-01,City Services,THORESBY HOUSE 03017,1100L-W,Gen Waste,2.086
2008-11-01,City Services,TINGLEY YOUTH & COMMUNITY CENTRE,660L-W,Gen Waste,0.147
2008-11-01,City Services,WELFARE RIGHTS UNIT,1100L-W,Gen Waste,0.19
2008-11-01,City Services,WELFARE RIGHTS UNIT,660L-C,Card,0.062
2008-11-01,City Services,WESTON LANE CENTRE - YS272,1100L-W,Gen Waste,0.201
2008-11-01,City Services,WETHERBY A O 03078,1100L-W,Gen Waste,0.191
2008-11-01,City Services,WINDMILL YOUTH CENTRE,1100L-W,Gen Waste,0.189
2008-11-01,City Services,WINDMILL YOUTH CENTRE,1100L-C,Card,0.081
2008-11-01,City Services,WOODHOUSE COMMUNITY CENTRE,1100L-W,Gen Waste,0.197
2008-11-01,City Services,WOODHOUSE COMMUNITY CENTRE,1100L-C,Card,0.079
2008-11-01,City Services,WOODSLEY ROAD CENTRE - YS275,1100L-W,Gen Waste,0.425
2008-11-01,City Services,YEADON TOWN HALL - AET149,1100L-C,Card,0.086
2008-11-01,City Services,YEADON TOWN HALL - AET149,1100L-W,Gen Waste,0.417
2008-11-01,E ALMO,BUILDING SERVICES,1100L-C,Card,0.074
2008-11-01,E ALMO,BUILDING SERVICES,1100L-W,Gen Waste,0.205
2008-11-01,E ALMO,BURMANTOFTS NH,1100L-W,Gen Waste,0.202
2008-11-01,E ALMO,BURMANTOFTS NH,1100L-C,Card,0.055
2008-11-01,E ALMO,BUTTON HILL COMMUNITY CENTRE,1100L-W,Gen Waste,0.189
2008-11-01,E ALMO,GIPTON NHO,660L-W,Gen Waste,0.141
2008-11-01,E ALMO,GIPTON NHO,660L-C,Card,0.041
2008-11-01,E ALMO,HAREHILLS & CHAPEL TOWN NHO,1100L-W,Gen Waste,0.222
2008-11-01,E ALMO,HAREHILLS & CHAPEL TOWN NHO,1100L-C,Card,0.092
2008-11-01,E ALMO,MEANWOOD NHO,1100L-W,Gen Waste,0.232
2008-11-01,E ALMO,MOORTOWN NHO,1100L-W,Gen Waste,0.22
2008-11-01,E ALMO,MOORTOWN NHO,1100L-C,Card,0.097
2008-11-01,E ALMO,RICHOMOND HILL NHO,660L-W,Gen Waste,0.143
2008-11-01,E ALMO,SEACROFT NORTH 0SS - S066640,1100L-C,Card,0.114
2008-11-01,E ALMO,SEACROFT NORTH 0SS - S066640,1100L-W,Gen Waste,0.216
2008-11-01,E ALMO,TRIBECA HOUSE,1100L-C,Card,0.0
2008-11-01,E ALMO,TRIBECA HOUSE,1100L-W,Gen Waste,0.0
2008-11-01,E ALMO,TRIBECA HOUSE,660L-C,Card,0.114
2008-11-01,E ALMO,TRIBECA HOUSE,660L-W,Gen Waste,0.316
2008-11-01,Education Leeds/Schools,ARTEMIS,1100L-W,Gen Waste,0.206
2008-11-01,Education Leeds/Schools,BLENHEIM CENTRE,1100L-W,Gen Waste,0.167
2008-11-01,Education Leeds/Schools,BLENHEIM CENTRE,1100L-W,Gen Waste,0.299
2008-11-01,Education Leeds/Schools,BLENHEIM CENTRE,1100L-W,Gen Waste,0.141
2008-11-01,Education Leeds/Schools,BRUDENELL PRIMARY SCHOOL,1100L-W,Gen Waste,0.469
2008-11-01,Education Leeds/Schools,ELMETE CENTRE,1100L-C,Card,0.082
2008-11-01,Education Leeds/Schools,ELMETE CENTRE,1100L-C,Card,0.105
2008-11-01,Education Leeds/Schools,ELMETE CENTRE,1100L-W,Gen Waste,0.438
2008-11-01,Education Leeds/Schools,ELMETE CENTRE,1100L-W,Gen Waste,0.434
2008-11-01,Education Leeds/Schools,ELMETE CENTRE,1100L-W,Gen Waste,0.415
2008-11-01,Education Leeds/Schools,GRAFTON SITE,1100L-C,Card,0.1
2008-11-01,Education Leeds/Schools,GRAFTON SITE,1100L-W,Gen Waste,0.214
2008-11-01,Education Leeds/Schools,HORSFORTH SCHOOL,1100L-C,Card,0.335
2008-11-01,Education Leeds/Schools,HORSFORTH SCHOOL,1100L-W,Gen Waste,2.479
2008-11-01,Education Leeds/Schools,SOUTH PUDSEY COMMUNITY CENTRE,1100L-W,Gen Waste,0.213
2008-11-01,Education Leeds/Schools,SOUTH PUDSEY COMMUNITY CENTRE,1100L-C,Card,0.088
2008-11-01,Education Leeds/Schools,SOUTH PUDSEY COMMUNITY CENTRE,1100L-W,Gen Waste,0.0
2008-11-01,Education Leeds/Schools,THE BEST HOUSE,360L-W,Gen Waste,0.106
2008-11-01,Education Leeds/Schools,WEST END PRIMARY SCHOOL,1100L-C,Card,0.104
2008-11-01,Education Leeds/Schools,WEST END PRIMARY SCHOOL,1100L-W,Gen Waste,0.65
2008-11-01,Education Leeds/Schools,WEST PARK CENTRE,1100L-C,Card,0.097
2008-11-01,Education Leeds/Schools,WEST PARK CENTRE,1100L-C,Card,0.09
2008-11-01,Education Leeds/Schools,WEST PARK CENTRE,1100L-W,Gen Waste,0.202
2008-11-01,Education Leeds/Schools,WEST PARK CENTRE,1100L-W,Gen Waste,0.208
2008-11-01,Education Leeds/Schools,WEST PARK CENTRE,1100L-W,Gen Waste,0.212
2008-11-01,Education Leeds/Schools,WEST PARK CENTRE,1100L-W,Gen Waste,0.219
2008-11-01,Environment & Neighbourhoods,AIRE VALLEY TEAM - BELLE ISLE FOUND,660L-C,Card,0.062
2008-11-01,Environment & Neighbourhoods,AIRE VALLEY TEAM - BELLE ISLE FOUND,660L-W,Gen Waste,0.0
2008-11-01,Environment & Neighbourhoods,EAST KESWICK HALL (LCC),1100L-W,Gen Waste,0.0
2008-11-01,Environment & Neighbourhoods,EAST LEEDS AREA MANAGEMENT TEAM,1100L-C,Card,0.076
2008-11-01,Environment & Neighbourhoods,EAST LEEDS AREA MANAGEMENT TEAM,1100L-W,Gen Waste,0.224
2008-11-01,Environment & Neighbourhoods,ENVIROMENTAL HEALTH NEW ADD,660L-C,Card,0.0
2008-11-01,Environment & Neighbourhoods,ENVIROMENTAL HEALTH NEW ADD,660L-W,Gen Waste,0.144
2008-11-01,Environment & Neighbourhoods,HILLSIDE HOSTEL,1100L-C,Card,0.073
2008-11-01,Environment & Neighbourhoods,HILLSIDE HOSTEL,1100L-W,Gen Waste,0.642
2008-11-01,Environment & Neighbourhoods,KIRKGATE CHAMBERS,1100L-C,Card,0.0
2008-11-01,Environment & Neighbourhoods,KIRKGATE CHAMBERS,240L-C,Card,0.0
2008-11-01,Environment & Neighbourhoods,KIRKGATE CHAMBERS,360L-C,Card,0.02
2008-11-01,Environment & Neighbourhoods,KIRKGATE CHAMBERS,360L-C,Card,0.0
2008-11-01,Environment & Neighbourhoods,LEEDS COMMUNITY SAFETY,660L-C,Card,0.075
2008-11-01,Environment & Neighbourhoods,LEEDS COMMUNITY SAFETY,660L-W,Gen Waste,0.0
2008-11-01,Environment & Neighbourhoods,LEEDS COMMUNITY SAFETY,660L-C,Card,0.016
2008-11-01,Environment & Neighbourhoods,MILLSHAW ENVIRONMENTAL HEALTH OFFICE,1100L-C,Card,0.082
2008-11-01,Environment & Neighbourhoods,MILLSHAW ENVIRONMENTAL HEALTH OFFICE,1100L-W,Gen Waste,0.205
2008-11-01,Environment & Neighbourhoods,PENNINGTON PLACE,1100L-W,Gen Waste,0.617
2008-11-01,Environment & Neighbourhoods,RESETTLEMENT SERVICES,1100L-W,Gen Waste,0.2
2008-11-01,Environment & Neighbourhoods,RESETTLEMENT SERVICES,1100L-C,Card,0.087
2008-11-01,Environment & Neighbourhoods,RICHMOND COURT,1100L-W,Gen Waste,0.837
2008-11-01,Environment & Neighbourhoods,THE HOLLIES,1100L-W,Gen Waste,0.629
2008-11-01,Environment & Neighbourhoods,WOODHOUSE LANE CAR PARK,1100L-W,Gen Waste,0.0
2008-11-01,Highways,POTTERY FIELDS DEPOT,1100L-C,Card,0.076
2008-11-01,Highways,POTTERY FIELDS DEPOT,1100L-W,Gen Waste,0.231
2008-11-01,Learning & Leisure,ARDSLEY/TINGLEY LIBRARY,1100L-W,Gen Waste,0.0
2008-11-01,Learning & Leisure,ARDSLEY/TINGLEY LIBRARY,660L-W,Gen Waste,0.142
2008-11-01,Learning & Leisure,ARMLEY EYC - OUTREACH CENTRE,1100L-W,Gen Waste,0.186
2008-11-01,Learning & Leisure,ARMLEY LASER CENTRE - YS222,1100L-C,Card,0.092
2008-11-01,Learning & Leisure,ARMLEY LASER CENTRE - YS222,1100L-W,Gen Waste,0.228
2008-11-01,Learning & Leisure,ARMLEY LASER CENTRE - YS222,660L-W,Gen Waste,0.0
2008-11-01,Learning & Leisure,ARMLEY MILLS -  MUS174,1100L-W,Gen Waste,0.19
2008-11-01,Learning & Leisure,ARMLEY MILLS -  MUS174,660L-C,Card,0.061
2008-11-01,Learning & Leisure,ARMLEY SPORTS CENTRE - SPO164,1100L-C,Card,0.104
2008-11-01,Learning & Leisure,ARMLEY SPORTS CENTRE - SPO164,1100L-W,Gen Waste,0.859
2008-11-01,Learning & Leisure,BEESTON LIBRARY,660L-C,Card,0.061
2008-11-01,Learning & Leisure,BEESTON LIBRARY,660L-W,Gen Waste,0.146
2008-11-01,Learning & Leisure,BELLE ISLE CENTRE - YS226,1100L-C,Card,0.091
2008-11-01,Learning & Leisure,BELLE ISLE CENTRE - YS226,1100L-W,Gen Waste,0.199
2008-11-01,Learning & Leisure,BOWLS & ATHLETICS SPO16,1100L-C,Card,0.08
2008-11-01,Learning & Leisure,BOWLS & ATHLETICS SPO16,1100L-W,Gen Waste,0.424
2008-11-01,Learning & Leisure,BRAMLEY BATHS - SPO160,1100L-C,Card,0.103
2008-11-01,Learning & Leisure,BRAMLEY BATHS - SPO160,1100L-W,Gen Waste,0.207
2008-11-01,Learning & Leisure,BRAMLEY CENTRE - YS227,1100L-C,Card,0.098
2008-11-01,Learning & Leisure,BRAMLEY CENTRE - YS227,1100L-W,Gen Waste,0.207
2008-11-01,Learning & Leisure,BRAMLEY CHILDRENS CENTRE - EDEYC206,1100L-C,Card,0.084
2008-11-01,Learning & Leisure,BRAMLEY CHILDRENS CENTRE - EDEYC206,1100L-W,Gen Waste,0.209
2008-11-01,Learning & Leisure,BROAD LANE LIBRARY - LIB120,1100L-W,Gen Waste,0.0
2008-11-01,Learning & Leisure,BURLEY LIBRARY - LIB133,360L-W,Gen Waste,0.03
2008-11-01,Learning & Leisure,BURLEY PARK EYC - U8EYC183,1100L-C,Card,0.107
2008-11-01,Learning & Leisure,BURLEY PARK EYC - U8EYC183,1100L-W,Gen Waste,0.394
2008-11-01,Learning & Leisure,CALVERLEY LIBRARY - S067160,660L-W,Gen Waste,0.0
2008-11-01,Learning & Leisure,CATERING - CANAL GARDEN,1100L-C,Card,0.197
2008-11-01,Learning & Leisure,CATERING - CANAL GARDEN,1100L-W,Gen Waste,0.856
2008-11-01,Learning & Leisure,CATERING - GOLDEN ACRE PARK,1100L-C,Card,0.093
2008-11-01,Learning & Leisure,CATERING - GOLDEN ACRE PARK,1100L-W,Gen Waste,0.427
2008-11-01,Learning & Leisure,CATERING - TEMPLE NEWSAM PARK,1100L-C,Card,0.089
2008-11-01,Learning & Leisure,CATERING - TEMPLE NEWSAM PARK,1100L-W,Gen Waste,0.617
2008-11-01,Learning & Leisure,CENTRAL LIBRARY - LIB114,1100L-C,Card,0.091
2008-11-01,Learning & Leisure,CENTRAL LIBRARY - LIB114,1100L-W,Gen Waste,1.049
2008-11-01,Learning & Leisure,CHAPEL ALLERTON BR LIBRARY - LIB113,240L-W,Gen Waste,0.043
2008-11-01,Learning & Leisure,CHAPEL ALLERTON CHILDRENS CENTRE,1100L-C,Card,0.086
2008-11-01,Learning & Leisure,CHAPEL ALLERTON CHILDRENS CENTRE,1100L-W,Gen Waste,0.219
2008-11-01,Learning & Leisure,CHAPELTOWN CHILDRENS CENTRE,1100L-C,Card,0.086
2008-11-01,Learning & Leisure,CHAPELTOWN CHILDRENS CENTRE,1100L-W,Gen Waste,0.406
2008-11-01,Learning & Leisure,CITY MUSEUM,1100L-C,Card,0.074
2008-11-01,Learning & Leisure,CITY MUSEUM,1100L-W,Gen Waste,0.428
2008-11-01,Learning & Leisure,COMPTON ROAD LIBRARY - LIB140,1100L-C,Card,0.0
2008-11-01,Learning & Leisure,COMPTON ROAD LIBRARY - LIB140,660L-W,Gen Waste,0.0
2008-11-01,Learning & Leisure,COMPTON ROAD LIBRARY - LIB140,660L-C,Card,0.0
2008-11-01,Learning & Leisure,CONSTRUCTION SKILLS TRAINING CENTRE,1100L-C,Card,0.08
2008-11-01,Learning & Leisure,CONSTRUCTION SKILLS TRAINING CENTRE,1100L-W,Gen Waste,0.207
2008-11-01,Learning & Leisure,CROSSGATES LIBRARY - LIB119,1100L-W,Gen Waste,0.206
2008-11-01,Learning & Leisure,DENIS HEALEY CENTRE - YS232,1100L-W,Gen Waste,0.141
2008-11-01,Learning & Leisure,DOREEN HAMILTON DC - 506 Q884679,1100L-C,Card,0.094
2008-11-01,Learning & Leisure,DOREEN HAMILTON DC - 506 Q884679,1100L-W,Gen Waste,0.411
2008-11-01,Learning & Leisure,DOREEN HAMILTON EYC - SSEYC200,1100L-C,Card,0.094
2008-11-01,Learning & Leisure,DOREEN HAMILTON EYC - SSEYC200,1100L-W,Gen Waste,0.221
2008-11-01,Learning & Leisure,DRIGHLINGTON MEETING HALL - AET144,1100L-W,Gen Waste,0.221
2008-11-01,Learning & Leisure,EAST LEEDS FLC - TRGEYC214,1100L-C,Card,0.198
2008-11-01,Learning & Leisure,EAST LEEDS FLC - TRGEYC214,1100L-W,Gen Waste,1.691
2008-11-01,Learning & Leisure,EAST LEEDS LEISURE CENTRE - SPO158,1100L-C,Card,0.0
2008-11-01,Learning & Leisure,EAST LEEDS LEISURE CENTRE - SPO158,1100L-W,Gen Waste,0.0
2008-11-01,Learning & Leisure,EAST LEEDS LEISURE CENTRE - SPO158,660L-C,Card,0.058
2008-11-01,Learning & Leisure,EAST LEEDS LEISURE CENTRE - SPO158,660L-W,Gen Waste,0.637
2008-11-01,Learning & Leisure,FARSLEY BRANCH LIBRARY - LIB103,1100L-W,Gen Waste,0.0
2008-11-01,Learning & Leisure,FEARNVILLE SPORTS CENTRE - SPO153,1100L-C,Card,0.077
2008-11-01,Learning & Leisure,FEARNVILLE SPORTS CENTRE - SPO153,1100L-W,Gen Waste,0.43
2008-11-01,Learning & Leisure,FIRTHFIELD EYC - (ANNE FLEGG),1100L-W,Gen Waste,0.209
2008-11-01,Learning & Leisure,GARFORTH LEISURE CENTRE - SPO281,1100L-C,Card,0.085
2008-11-01,Learning & Leisure,GARFORTH LEISURE CENTRE - SPO281,1100L-W,Gen Waste,0.0
2008-11-01,Learning & Leisure,GARFORTH LIBRARY (REAR) - LIB110,360L-W,Gen Waste,0.123
2008-11-01,Learning & Leisure,GARFORTH LIBRARY (REAR) - LIB110,360L-C,Card,0.026
2008-11-01,Learning & Leisure,GILDERSOME MEETING HALL DMS - AET14,1100L-W,Gen Waste,0.191
2008-11-01,Learning & Leisure,GOTTS PARK MUNICIPAL GOLF CL - PK16,1100L-W,Gen Waste,0.212
2008-11-01,Learning & Leisure,GUISELEY LIBRARY - LIB106,660L-W,Gen Waste,0.143
2008-11-01,Learning & Leisure,GUISELEY LIBRARY - LIB106,660L-C,Card,0.069
2008-11-01,Learning & Leisure,HALTON LIBRARY - LIB139,1100L-W,Gen Waste,0.0
2008-11-01,Learning & Leisure,HALTON LIBRARY - LIB139,660L-C,Card,0.061
2008-11-01,Learning & Leisure,HALTON LIBRARY - LIB139,660L-W,Gen Waste,0.133
2008-11-01,Learning & Leisure,HAREHILLS CHILDRENS CENTRE,1100L-C,Card,0.1
2008-11-01,Learning & Leisure,HAREHILLS CHILDRENS CENTRE,1100L-W,Gen Waste,0.201
2008-11-01,Learning & Leisure,HAREHILLS JOB SHOP,660L-W,Gen Waste,0.144
2008-11-01,Learning & Leisure,HAWKSWORTH WOOD EYC - TRGEYC217,1100L-C,Card,0.095
2008-11-01,Learning & Leisure,HAWKSWORTH WOOD EYC - TRGEYC217,1100L-W,Gen Waste,0.224
2008-11-01,Learning & Leisure,HEADINGLEY ANN CENTRE - YS238,360L-W,Gen Waste,0.114
2008-11-01,Learning & Leisure,HEADINGLEY ANN CENTRE - YS238,360L-C,Card,0.023
2008-11-01,Learning & Leisure,"HERD FARM, ECCUP RESEVIOR - YS241",1100L-C,Card,0.169
2008-11-01,Learning & Leisure,"HERD FARM, ECCUP RESEVIOR - YS241",1100L-W,Gen Waste,0.403
2008-11-01,Learning & Leisure,HOLBECK LIBRARY - LIB137,240L-W,Gen Waste,0.058
2008-11-01,Learning & Leisure,HOLT PARK LEISURE CENTRE - SPO157,1100L-W,Gen Waste,0.63
2008-11-01,Learning & Leisure,HORSFORTH LIBRARY - LIB118,1100L-W,Gen Waste,0.204
2008-11-01,Learning & Leisure,HOVINGHAM PRIMARY SCHOOL - PORTACABIN,360L-W,Gen Waste,0.091
2008-11-01,Learning & Leisure,HUNSLET CHILDRENS CENTRE,1100L-C,Card,0.094
2008-11-01,Learning & Leisure,HUNSLET CHILDRENS CENTRE,1100L-W,Gen Waste,0.191
2008-11-01,Learning & Leisure,HUNSLET HALL EYC - U8EYC186,1100L-C,Card,0.095
2008-11-01,Learning & Leisure,HUNSLET HALL EYC - U8EYC186,1100L-W,Gen Waste,0.394
2008-11-01,Learning & Leisure,HUNSLET LAKE - YS243,1100L-W,Gen Waste,0.0
2008-11-01,Learning & Leisure,HUNSLET LIBRARY (REAR) - LIB117,1100L-W,Gen Waste,0.0
2008-11-01,Learning & Leisure,HUNSLET LIBRARY (REAR) - LIB117,660L-W,Gen Waste,0.139
2008-11-01,Learning & Leisure,HUNSLET LIBRARY (REAR) - LIB117,660L-C,Card,0.0
2008-11-01,Learning & Leisure,IRELAND WOOD PUBLIC LIBRARY - LIB11,240L-W,Gen Waste,0.019
2008-11-01,Learning & Leisure,IYSS YOUTH HUB,1100L-W,Gen Waste,0.0
2008-11-01,Learning & Leisure,JOHN SMEATON LEISURE CENTRE,1100L-C,Card,0.057
2008-11-01,Learning & Leisure,JOHN SMEATON LEISURE CENTRE,1100L-W,Gen Waste,1.214
2008-11-01,Learning & Leisure,KENTMERE EYC - U8EYC187,1100L-C,Card,0.058
2008-11-01,Learning & Leisure,KENTMERE EYC - U8EYC187,1100L-W,Gen Waste,0.455
2008-11-01,Learning & Leisure,KIPPAX LIBRARY - LIB111,240L-W,Gen Waste,0.071
2008-11-01,Learning & Leisure,KIPPAX SPORTS CENTRE - SPO163,1100L-C,Card,0.095
2008-11-01,Learning & Leisure,KIPPAX SPORTS CENTRE - SPO163,1100L-W,Gen Waste,0.382
2008-11-01,Learning & Leisure,KIPPAX SPORTS CENTRE - SPO163,1100L-W,Gen Waste,0.0
2008-11-01,Learning & Leisure,KIRKSTALL ABBEY HOUSE MUSEUM - MUS1,1100L-C,Card,0.086
2008-11-01,Learning & Leisure,KIRKSTALL ABBEY HOUSE MUSEUM - MUS1,1100L-W,Gen Waste,0.411
2008-11-01,Learning & Leisure,KIRKSTALL LEISURE CENTRE,1100L-C,Card,0.091
2008-11-01,Learning & Leisure,KIRKSTALL LEISURE CENTRE,1100L-W,Gen Waste,0.401
2008-11-01,Learning & Leisure,LANGBAR EYC - U8EYC189,1100L-C,Card,0.104
2008-11-01,Learning & Leisure,LANGBAR EYC - U8EYC189,1100L-W,Gen Waste,0.212
2008-11-01,Learning & Leisure,LAUREL BANK EYC - SSEYC202,1100L-W,Gen Waste,0.209
2008-11-01,Learning & Leisure,LEEDS MUSEUM DISCOVERY CENTRE,1100L-C,Card,0.081
2008-11-01,Learning & Leisure,LEEDS MUSEUM DISCOVERY CENTRE,660L-W,Gen Waste,0.136
2008-11-01,Learning & Leisure,LEEDS TOWN HALL,1100L-C,Card,3.285
2008-11-01,Learning & Leisure,LEEDS TOWN HALL,1100L-W,Gen Waste,2.084
2008-11-01,Learning & Leisure,LIBRARY HQ - LIB127,1100L-C,Card,0.0
2008-11-01,Learning & Leisure,LIBRARY HQ - NEW - LIB127,1100L-C,Card,0.098
2008-11-01,Learning & Leisure,LIBRARY HQ - NEW - LIB127,1100L-W,Gen Waste,0.611
2008-11-01,Learning & Leisure,LOTHERTON BIRD GARDEN,1100L-W,Gen Waste,0.44
2008-11-01,Learning & Leisure,LOTHERTON HALL - MUS176,660L-W,Gen Waste,0.143
2008-11-01,Learning & Leisure,LOTHERTON HALL - MUS176,660L-C,Card,0.063
2008-11-01,Learning & Leisure,MIDDLETON LEISURE CENTRE - SPO159,1100L-C,Card,0.09
2008-11-01,Learning & Leisure,MIDDLETON LEISURE CENTRE - SPO159,1100L-W,Gen Waste,0.407
2008-11-01,Learning & Leisure,MOOR ALLERTON LIBRARY - LIB116,360L-W,Gen Waste,0.114
2008-11-01,Learning & Leisure,MOOR ALLERTON LIBRARY - LIB116,360L-C,Card,0.024
2008-11-01,Learning & Leisure,MORLEY EARLEY YEARS - TRGEYC218,1100L-C,Card,0.086
2008-11-01,Learning & Leisure,MORLEY EARLEY YEARS - TRGEYC218,1100L-W,Gen Waste,0.0
2008-11-01,Learning & Leisure,MORLEY EARLEY YEARS - TRGEYC218,660L-W,Gen Waste,0.289
2008-11-01,Learning & Leisure,MORLEY LEISURE CENTRE,1100L-C,Card,0.0
2008-11-01,Learning & Leisure,MORLEY PUBLIC LIBRARY (REAR) - LIB1,1100L-C,Card,0.094
2008-11-01,Learning & Leisure,MORLEY PUBLIC LIBRARY (REAR) - LIB1,360L-W,Gen Waste,0.109
2008-11-01,Learning & Leisure,NEIGHBOURHOOD JOB SHOP,240L-W,Gen Waste,0.061
2008-11-01,Learning & Leisure,NEIGHBOURHOOD JOB SHOP,240L-C,Card,0.0
2008-11-01,Learning & Leisure,NESFIELD OUTREACH - U8EYC191,1100L-W,Gen Waste,0.208
2008-11-01,Learning & Leisure,NEW AQUATICS CENTRE,1100L-C,Card,0.157
2008-11-01,Learning & Leisure,NEW AQUATICS CENTRE,1100L-W,Gen Waste,1.69
2008-11-01,Learning & Leisure,NORTH AREA OFFICE - YS277,1100L-C,Card,0.116
2008-11-01,Learning & Leisure,NORTH AREA OFFICE - YS277,1100L-W,Gen Waste,0.141
2008-11-01,Learning & Leisure,OAKDALE EYC - U8EYC192,1100L-C,Card,0.088
2008-11-01,Learning & Leisure,OAKDALE EYC - U8EYC192,1100L-W,Gen Waste,0.226
2008-11-01,Learning & Leisure,OAKWOOD LIBRARY - LIB125,360L-W,Gen Waste,0.12
2008-11-01,Learning & Leisure,OTLEY LIBRARY - LIB135,360L-W,Gen Waste,0.115
2008-11-01,Learning & Leisure,PARKS & COUNTRYSIDES,1100L-C,Card,0.111
2008-11-01,Learning & Leisure,PARKS & COUNTRYSIDES,1100L-W,Gen Waste,0.428
2008-11-01,Learning & Leisure,PUDSEY CIVIC HALL,1100L-W,Gen Waste,0.166
2008-11-01,Learning & Leisure,PUDSEY CIVIC HALL - CATERING,1100L-C,Card,0.166
2008-11-01,Learning & Leisure,PUDSEY LEISURE CENTRE - SPO161,1100L-C,Card,0.078
2008-11-01,Learning & Leisure,PUDSEY LEISURE CENTRE - SPO161,1100L-W,Gen Waste,0.636
2008-11-01,Learning & Leisure,PUDSEY LIBRARY (REAR) - LIB109,1100L-W,Gen Waste,0.204
2008-11-01,Learning & Leisure,PUDSEY LIBRARY (REAR) - LIB109,1100L-C,Card,0.091
2008-11-01,Learning & Leisure,QUARRY MOUNT CHILDRENS CENTRE,1100L-W,Gen Waste,0.208
2008-11-01,Learning & Leisure,QUARRY MOUNT CHILDRENS CENTRE,1100L-C,Card,0.084
2008-11-01,Learning & Leisure,RED HALL,1100L-C,Card,0.169
2008-11-01,Learning & Leisure,RICHMOND HILL EYC - U8EYC193,1100L-W,Gen Waste,0.399
2008-11-01,Learning & Leisure,RICHMOND HILL EYC - U8EYC193,1100L-C,Card,0.1
2008-11-01,Learning & Leisure,RICHMOND HILL SPORTS HALL - SPO155,1100L-W,Gen Waste,0.097
2008-11-01,Learning & Leisure,ROSEVILLE CENTRE - TRGEYC284,1100L-W,Gen Waste,0.0
2008-11-01,Learning & Leisure,ROTHWELL LC - SPO279,1100L-C,Card,0.091
2008-11-01,Learning & Leisure,ROTHWELL LIBRARY - LIB104,360L-W,Gen Waste,0.118
2008-11-01,Learning & Leisure,ROTHWELL LIBRARY - LIB104,360L-C,Card,0.029
2008-11-01,Learning & Leisure,ROUNDHAY MANSION,1100L-C,Card,0.102
2008-11-01,Learning & Leisure,ROUNDHAY MANSION,660L-W,Gen Waste,0.142
2008-11-01,Learning & Leisure,SAILING CENTRE - SPO282,660L-W,Gen Waste,0.15
2008-11-01,Learning & Leisure,SCHOOLS LIBRARY SERVICE,1100L-W,Gen Waste,0.189
2008-11-01,Learning & Leisure,SCOTHALL SPORTS CENTRE - SPO152,1100L-C,Card,0.0
2008-11-01,Learning & Leisure,SCOTHALL SPORTS CENTRE - SPO152,1100L-W,Gen Waste,0.842
2008-11-01,Learning & Leisure,SCOTT HALL EYC - U8EYC195,1100L-C,Card,0.104
2008-11-01,Learning & Leisure,SCOTT HALL EYC - U8EYC195,1100L-W,Gen Waste,0.196
2008-11-01,Learning & Leisure,SEACROFT CC - U8EYC196,1100L-C,Card,0.1
2008-11-01,Learning & Leisure,SEACROFT CC - U8EYC196,1100L-W,Gen Waste,0.194
2008-11-01,Learning & Leisure,SEACROFT LIBRARY (SIDE) - LIB107,1100L-W,Gen Waste,0.213
2008-11-01,Learning & Leisure,SEACROFT LIBRARY (SIDE) - LIB107,1100L-C,Card,0.116
2008-11-01,Learning & Leisure,SHEPHERD LANE EYC - U8EYC197,1100L-C,Card,0.0
2008-11-01,Learning & Leisure,SHEPHERD LANE EYC - U8EYC197,1100L-W,Gen Waste,0.209
2008-11-01,Learning & Leisure,SOUTH LEEDS STADIUM,1100L-C,Card,0.19
2008-11-01,Learning & Leisure,SOUTH LEEDS STADIUM,1100L-W,Gen Waste,2.455
2008-11-01,Learning & Leisure,SPRINGFIELD EYC,1100L-W,Gen Waste,0.221
2008-11-01,Learning & Leisure,ST LAWRENCE HOUSE EYC - U8EYC198,1100L-C,Card,0.07
2008-11-01,Learning & Leisure,ST LAWRENCE HOUSE EYC - U8EYC198,1100L-W,Gen Waste,0.208
2008-11-01,Learning & Leisure,SWINNOW LIBRARY - LIB136,1100L-W,Gen Waste,0.0
2008-11-01,Learning & Leisure,TECHNORTH EYC - TRGEYC212,1100L-C,Card,0.218
2008-11-01,Learning & Leisure,TECHNORTH EYC - TRGEYC212,1100L-W,Gen Waste,0.799
2008-11-01,Learning & Leisure,TEMPLE NEWSAM HOUSE - MUS175,1100L-C,Card,0.107
2008-11-01,Learning & Leisure,TEMPLE NEWSAM HOUSE - MUS175,1100L-W,Gen Waste,0.216
2008-11-01,Learning & Leisure,THWAITE MILLS - MUS173,1100L-C,Card,0.081
2008-11-01,Learning & Leisure,THWAITE MILLS - MUS173,1100L-W,Gen Waste,0.157
2008-11-01,Learning & Leisure,TREETOPS COMMUNITY CENTRE,1100L-W,Gen Waste,0.0
2008-11-01,Learning & Leisure,TREETOPS COMMUNITY CENTRE,360L-W,Gen Waste,0.112
2008-11-01,Learning & Leisure,TUNSTALL ROAD CENTRE - YS270,1100L-C,Card,0.095
2008-11-01,Learning & Leisure,TUNSTALL ROAD CENTRE - YS270,1100L-W,Gen Waste,0.205
2008-11-01,Learning & Leisure,TWO WILLOWS EYC - U8EYC199,1100L-C,Card,0.085
2008-11-01,Learning & Leisure,TWO WILLOWS EYC - U8EYC199,1100L-W,Gen Waste,0.356
2008-11-01,Learning & Leisure,WEST ARDSLEY CENTRE - YS271,1100L-W,Gen Waste,0.0
2008-11-01,Learning & Leisure,WEST LEEDS FLC - TRGEYC211,1100L-C,Card,0.083
2008-11-01,Learning & Leisure,WEST LEEDS FLC - TRGEYC211,1100L-W,Gen Waste,0.407
2008-11-01,Learning & Leisure,WEST YORKSHIRE ARCHIVES DEPT - LIB1,240L-C,Card,0.0
2008-11-01,Learning & Leisure,WETHERBY LEISURE CENTRE - SPO156,1100L-W,Gen Waste,0.404
2008-11-01,Learning & Leisure,WETHERBY LIBRARY - LIB108,360L-W,Gen Waste,0.115
2008-11-01,Learning & Leisure,WHINMOOR LIBRARY - LIB126,1100L-W,Gen Waste,0.0
2008-11-01,Learning & Leisure,WINDMILL CHILDRENS CENTRE - U8EYC28,1100L-C,Card,0.094
2008-11-01,Learning & Leisure,WINDMILL CHILDRENS CENTRE - U8EYC28,1100L-W,Gen Waste,0.428
2008-11-01,Learning & Leisure,YEADON LIBRARY - LIB219,360L-W,Gen Waste,0.119
2008-11-01,Learning & Leisure,YEADON LIBRARY - LIB219,360L-C,Card,0.022
2008-11-01,Resources,CITY SERVICES - PROPERTY MAINTENANC,1100L-C,Card,0.17
2008-11-01,Resources,CITY SERVICES - PROPERTY MAINTENANC,1100L-W,Gen Waste,0.424
2008-11-01,Resources,CLEANING & SERVICES(CITY PRINT),1100L-W,Gen Waste,0.598
2008-11-01,Resources,SECURITY SERVICES,1100L-W,Gen Waste,0.197
2008-11-01,Resources,SECURITY SERVICES,1100L-C,Card,0.071
2008-11-01,Resources,TRANSPORT AGENCY 36370,1100L-C,Card,0.073
2008-11-01,Resources,TRANSPORT AGENCY 36370,1100L-W,Gen Waste,0.442
2008-11-01,Resources,WESTLAND ROAD DEPOT 77400,1100L-C,Card,0.103
2008-11-01,Resources,WESTLAND ROAD DEPOT 77400,1100L-W,Gen Waste,0.207
2008-11-01,Social Care,15 LAVENDER WALK,660L-C,Card,0.053
2008-11-01,Social Care,15 LAVENDER WALK,660L-W,Gen Waste,0.139
2008-11-01,Social Care,ACORN LODGE - Q890207,1100L-W,Gen Waste,0.203
2008-11-01,Social Care,AMBERTON COURT - S065890,1100L-C,Card,0.085
2008-11-01,Social Care,AMBERTON COURT - S065890,1100L-W,Gen Waste,0.643
2008-11-01,Social Care,APNA DAY CENTRE - S064100,1100L-W,Gen Waste,0.215
2008-11-01,Social Care,BAILEYS HOUSE - 238 - Q888998,1100L-C,Card,0.085
2008-11-01,Social Care,BAILEYS HOUSE - 238 - Q888998,1100L-W,Gen Waste,0.605
2008-11-01,Social Care,BELLE ISLE NEIGHBOURHOOD CENTRE - 9,660L-W,Gen Waste,0.141
2008-11-01,Social Care,BEWERLEY CROFT - 255 - S064200,1100L-C,Card,0.108
2008-11-01,Social Care,BEWERLEY CROFT - 255 - S064200,1100L-W,Gen Waste,0.421
2008-11-01,Social Care,BODMIN ROAD 2 - 81,660L-W,Gen Waste,0.14
2008-11-01,Social Care,BODMIN ROAD 2 - 81,660L-C,Card,0.054
2008-11-01,Social Care,BODMIN ROAD 4 - 70,660L-W,Gen Waste,0.134
2008-11-01,Social Care,BRAMLEY LAWN DC - S063921,1100L-W,Gen Waste,0.217
2008-11-01,Social Care,BRAMLEY LAWN DC - S063921,1100L-C,Card,0.091
2008-11-01,Social Care,BRAMLEY TC - 362 - S066251,1100L-C,Card,0.097
2008-11-01,Social Care,BRAMLEY TC - 362 - S066251,1100L-W,Gen Waste,0.395
2008-11-01,Social Care,BROOKSBANK - 141 Q893778,1100L-C,Card,0.056
2008-11-01,Social Care,BROOKSBANK - 141 Q893778,1100L-W,Gen Waste,0.42
2008-11-01,Social Care,BROOM COURT - 242 S066401,1100L-C,Card,0.083
2008-11-01,Social Care,BROOM COURT - 242 S066401,1100L-W,Gen Waste,0.648
2008-11-01,Social Care,BURLEY WILLOWS - 170 - S064513,1100L-C,Card,0.084
2008-11-01,Social Care,BURLEY WILLOWS - 170 - S064513,1100L-W,Gen Waste,0.425
2008-11-01,Social Care,BURLEY WILLOWS DC - 523,1100L-W,Gen Waste,0.209
2008-11-01,Social Care,CALVERLANDS DC - 516,1100L-C,Card,0.092
2008-11-01,Social Care,CALVERLANDS DC - 516,1100L-W,Gen Waste,0.225
2008-11-01,Social Care,CLIFFORD BROOKE CTR 327 - Q897660,1100L-C,Card,0.0
2008-11-01,Social Care,CLIFFORD BROOKE CTR 327 - Q897660,1100L-W,Gen Waste,0.0
2008-11-01,Social Care,COTTINGLEY COURT - 253,1100L-W,Gen Waste,0.627
2008-11-01,Social Care,COTTINGLEY COURT - 253,1100L-C,Card,0.089
2008-11-01,Social Care,CRISIS CENTRE - 353 - Q900405,1100L-C,Card,0.091
2008-11-01,Social Care,CRISIS CENTRE - 353 - Q900405,1100L-W,Gen Waste,0.212
2008-11-01,Social Care,CROSSGATES LIBRARY,1100L-C,Card,0.108
2008-11-01,Social Care,DELPH MANOR - 230 - Q829527,1100L-W,Gen Waste,0.779
2008-11-01,Social Care,DOLPHIN MANOR - S065663,1100L-C,Card,0.093
2008-11-01,Social Care,DOLPHIN MANOR - S065663,1100L-W,Gen Waste,0.619
2008-11-01,Social Care,EASDALE CLOSE,360L-W,Gen Waste,0.222
2008-11-01,Social Care,EAST LEEDS FAMILY RC  Q874041,1100L-W,Gen Waste,0.207
2008-11-01,Social Care,EASTMOOR CSU - 126 - S066405,1100L-C,Card,0.191
2008-11-01,Social Care,EASTMOOR CSU - 126 - S066405,1100L-W,Gen Waste,1.672
2008-11-01,Social Care,FAIRVIEW - S066039,1100L-C,Card,0.11
2008-11-01,Social Care,FAIRVIEW - S066039,1100L-W,Gen Waste,0.401
2008-11-01,Social Care,FARFIELD DC - S063922,660L-W,Gen Waste,0.076
2008-11-01,Social Care,FIRTHFIELDS DC - S065781,1100L-C,Card,0.09
2008-11-01,Social Care,FIRTHFIELDS DC - S065781,1100L-W,Gen Waste,0.212
2008-11-01,Social Care,FIRTHFIELDS DC - S065781,1100L-C,Card,0.0
2008-11-01,Social Care,FREDERICK HURDLE DC - 509 Q894243,1100L-C,Card,0.064
2008-11-01,Social Care,FREDERICK HURDLE DC - 509 Q894243,1100L-W,Gen Waste,0.225
2008-11-01,Social Care,GANNERS GREEN - 66 - Q874398,360L-W,Gen Waste,0.253
2008-11-01,Social Care,GRANGE COURT - S063964,1100L-C,Card,0.099
2008-11-01,Social Care,GRANGE COURT - S063964,1100L-W,Gen Waste,0.421
2008-11-01,Social Care,GREEN THE - 176 - S066593,1100L-W,Gen Waste,0.427
2008-11-01,Social Care,GREEN THE DC - S066593,1100L-C,Card,0.083
2008-11-01,Social Care,GREEN THE DC - S066593,1100L-W,Gen Waste,0.196
2008-11-01,Social Care,HARRY BOOTH HOUSE - S063957,1100L-C,Card,0.095
2008-11-01,Social Care,HARRY BOOTH HOUSE - S063957,1100L-W,Gen Waste,0.664
2008-11-01,Social Care,HEALEY CROFT - 229,1100L-W,Gen Waste,0.424
2008-11-01,Social Care,HOLBECK DC - S063712,1100L-C,Card,0.095
2008-11-01,Social Care,HOLBECK DC - S063712,1100L-W,Gen Waste,0.199
2008-11-01,Social Care,HOME LEA HOUSE - S064059,1100L-C,Card,0.1
2008-11-01,Social Care,HOME LEA HOUSE - S064059,1100L-W,Gen Waste,0.593
2008-11-01,Social Care,HORSFORTH - 359 - Q895809,1100L-C,Card,0.09
2008-11-01,Social Care,HORSFORTH - 359 - Q895809,1100L-W,Gen Waste,0.493
2008-11-01,Social Care,HOUGH LANE CENTRE,1100L-C,Card,0.1
2008-11-01,Social Care,HOUGH LANE CENTRE,1100L-W,Gen Waste,0.438
2008-11-01,Social Care,HUNSLET HALL - 6,1100L-W,Gen Waste,0.386
2008-11-01,Social Care,HUNSLET HALL - 6,660L-C,Card,0.064
2008-11-01,Social Care,HUNSLET HALL ANNEX,360L-C,Card,0.029
2008-11-01,Social Care,INGLEWOOD - 46 - S066331,1100L-W,Gen Waste,0.416
2008-11-01,Social Care,IVESON APPROACH - 68 - Q882007,1100L-W,Gen Waste,0.221
2008-11-01,Social Care,JOSEPH STREET - 239 - S066530,1100L-W,Gen Waste,0.2
2008-11-01,Social Care,JOSEPH STREET - 239 - S066530,1100L-C,Card,0.0
2008-11-01,Social Care,KIRKLAND HOUSE - 164 - S064209,1100L-C,Card,0.087
2008-11-01,Social Care,KIRKLAND HOUSE - 164 - S064209,1100L-W,Gen Waste,0.411
2008-11-01,Social Care,KNOWLE MANOR - S064208,1100L-W,Gen Waste,0.602
2008-11-01,Social Care,LAUREL BANK DC - S066161,1100L-C,Card,0.069
2008-11-01,Social Care,LAUREL BANK DC - S066161,1100L-W,Gen Waste,0.203
2008-11-01,Social Care,LEE GRANGE - 251,1100L-W,Gen Waste,0.615
2008-11-01,Social Care,LEE GRANGE - 251,240L-W,Gen Waste,0.0
2008-11-01,Social Care,LEEDS CTR INTERGR LIV - 340 Q892988,1100L-C,Card,0.085
2008-11-01,Social Care,LEEDS CTR INTERGR LIV - 340 Q892988,1100L-W,Gen Waste,0.381
2008-11-01,Social Care,LINCOLNFIELDS DC - 501 - S063821,1100L-C,Card,0.09
2008-11-01,Social Care,LINCOLNFIELDS DC - 501 - S063821,1100L-W,Gen Waste,0.217
2008-11-01,Social Care,LUTTRELL CRESCENT - 72,660L-W,Gen Waste,0.14
2008-11-01,Social Care,MANORFIELD HOUSE - 161 - Q897775,1100L-C,Card,0.095
2008-11-01,Social Care,MANORFIELD HOUSE - 161 - Q897775,1100L-W,Gen Waste,0.425
2008-11-01,Social Care,MARINERS DC - 332 - S066141,1100L-C,Card,0.08
2008-11-01,Social Care,MARINERS DC - 332 - S066141,1100L-W,Gen Waste,0.434
2008-11-01,Social Care,MAWCROFT GRANGE - 234,1100L-W,Gen Waste,0.437
2008-11-01,Social Care,MIDDLECROSS - HOP,1100L-W,Gen Waste,0.411
2008-11-01,Social Care,MIDDLECROSS DC - 512 - S065939,1100L-C,Card,0.092
2008-11-01,Social Care,MIDDLECROSS DC - 512 - S065939,1100L-W,Gen Waste,0.202
2008-11-01,Social Care,MIDDLETON ADVICE CENTRE - 594,1100L-C,Card,0.0
2008-11-01,Social Care,MIDDLETON ADVICE CENTRE - 594,1100L-W,Gen Waste,0.201
2008-11-01,Social Care,MOOR END TC - 358 - Q896765,1100L-C,Card,0.097
2008-11-01,Social Care,MOOR END TC - 358 - Q896765,1100L-W,Gen Waste,0.41
2008-11-01,Social Care,MUSGRAVE COURT - 168 - S066540,1100L-W,Gen Waste,0.409
2008-11-01,Social Care,NABURN COURT DC - 316 - S066370,1100L-C,Card,0.101
2008-11-01,Social Care,NABURN COURT DC - 316 - S066370,1100L-W,Gen Waste,0.201
2008-11-01,Social Care,NORTHWEST LEEDS FAMILY RC - 69,240L-W,Gen Waste,0.135
2008-11-01,Social Care,OLD MIDDLETON OFFICE,1100L-W,Gen Waste,0.0
2008-11-01,Social Care,OLD MIDDLETON OFFICE,660L-C,Card,0.07
2008-11-01,Social Care,OLD MIDDLETON OFFICE,660L-W,Gen Waste,0.148
2008-11-01,Social Care,OSMONDTHORPE RES CTR - 331 Q892091,1100L-C,Card,0.085
2008-11-01,Social Care,OSMONDTHORPE RES CTR - 331 Q892091,1100L-W,Gen Waste,0.412
2008-11-01,Social Care,PARKLEES HOP -,1100L-C,Card,0.08
2008-11-01,Social Care,PARKLEES HOP -,1100L-W,Gen Waste,0.324
2008-11-01,Social Care,PINFOLDS - 243,1100L-C,Card,0.091
2008-11-01,Social Care,PINFOLDS - 243,1100L-W,Gen Waste,0.4
2008-11-01,Social Care,POTTERNEWTON - 367 - S063891,1100L-W,Gen Waste,0.561
2008-11-01,Social Care,POTTERNEWTON - 367 - S063891,660L-C,Card,0.0
2008-11-01,Social Care,PRIMROSE HILL - 171 S065699,1100L-W,Gen Waste,0.42
2008-11-01,Social Care,QUEENSWOOD DRIVE DC - S065697,1100L-C,Card,0.077
2008-11-01,Social Care,QUEENSWOOD DRIVE DC - S065697,1100L-W,Gen Waste,0.0
2008-11-01,Social Care,QUEENSWOOD DRIVE DC - S065697,660L-W,Gen Waste,0.141
2008-11-01,Social Care,RADCLIFFE LANE DC -  S066696,1100L-C,Card,0.07
2008-11-01,Social Care,RADCLIFFE LANE DC -  S066696,1100L-W,Gen Waste,0.225
2008-11-01,Social Care,RAMSHEAD WOOD - 363,1100L-C,Card,0.097
2008-11-01,Social Care,RAMSHEAD WOOD - 363,1100L-W,Gen Waste,0.427
2008-11-01,Social Care,RAYNELL DRIVE - 444 Q862300,1100L-W,Gen Waste,0.202
2008-11-01,Social Care,RAYNELL DRIVE - 444 Q862300,660L-W,Gen Waste,0.0
2008-11-01,Social Care,RICHMOND HILL DC - 322 S063822,1100L-W,Gen Waste,0.199
2008-11-01,Social Care,RICHMOND HOUSE - S065911,1100L-W,Gen Waste,0.407
2008-11-01,Social Care,RICHMOND HOUSE - S065911,1100L-C,Card,0.093
2008-11-01,Social Care,RIDGESIDE,1100L-W,Gen Waste,0.622
2008-11-01,Social Care,RIDGESIDE,240L-W,Gen Waste,0.138
2008-11-01,Social Care,RIDGESIDE - BETHANY,240L-W,Gen Waste,0.061
2008-11-01,Social Care,RIDGESIDE - HALFWAY HOUSE,240L-W,Gen Waste,0.057
2008-11-01,Social Care,ROOS COURT - 235 - Q859440,1100L-W,Gen Waste,0.424
2008-11-01,Social Care,ROSE FARM DC - 314 - Q880559,1100L-C,Card,0.037
2008-11-01,Social Care,ROSE FARM DC - 314 - Q880559,1100L-W,Gen Waste,0.406
2008-11-01,Social Care,ROSEVILLE ENTERPRISE PARK,660L-C,Card,0.06
2008-11-01,Social Care,ROSSEDENE - 231 - Q849090,1100L-W,Gen Waste,0.61
2008-11-01,Social Care,ROTHWELL- A T C - S064341,1100L-C,Card,0.09
2008-11-01,Social Care,ROTHWELL- A T C - S064341,1100L-C,Card,0.106
2008-11-01,Social Care,ROTHWELL- A T C - S064341,1100L-W,Gen Waste,0.413
2008-11-01,Social Care,SIEGEN DC 325 - S064988,1100L-W,Gen Waste,0.2
2008-11-01,Social Care,SIEGEN MANOR HOP AND CENTRE - 169,1100L-C,Card,0.097
2008-11-01,Social Care,SIEGEN MANOR HOP AND CENTRE - 169,1100L-W,Gen Waste,0.421
2008-11-01,Social Care,SPEN CROFT HOSTEL - Q884463,1100L-C,Card,0.087
2008-11-01,Social Care,SPEN CROFT HOSTEL - Q884463,1100L-W,Gen Waste,0.214
2008-11-01,Social Care,SPEN CROFT HOSTEL - Q884463,1100L-W,Gen Waste,0.213
2008-11-01,Social Care,SPRING GARDENS - 162 Q895017,1100L-W,Gen Waste,0.402
2008-11-01,Social Care,SPRING GARDENS ANNEXE - S063961,1100L-W,Gen Waste,0.198
2008-11-01,Social Care,SPRINGFIELD DC - 519 - S066010,1100L-C,Card,0.091
2008-11-01,Social Care,SPRINGFIELD DC - 519 - S066010,1100L-W,Gen Waste,0.212
2008-11-01,Social Care,SQUIRREL WAY - 82 Q892331,1100L-C,Card,0.094
2008-11-01,Social Care,SQUIRREL WAY - 82 Q892331,1100L-W,Gen Waste,0.834
2008-11-01,Social Care,ST CATHERINES DRIVE - 77,1100L-W,Gen Waste,0.227
2008-11-01,Social Care,STOCKS HILL DC - 345 Q878493,1100L-C,Card,0.099
2008-11-01,Social Care,STOCKS HILL DC - 345 Q878493,1100L-W,Gen Waste,0.208
2008-11-01,Social Care,SUFFOLK COURT - 137 - Q894346,1100L-C,Card,0.109
2008-11-01,Social Care,SUFFOLK COURT - 137 - Q894346,1100L-W,Gen Waste,0.406
2008-11-01,Social Care,TEMPLARS CROFT - 233 - S065942,1100L-W,Gen Waste,0.435
2008-11-01,Social Care,THE VALE DC - 347 - S064298,1100L-C,Card,0.103
2008-11-01,Social Care,THE VALE DC - 347 - S064298,1100L-W,Gen Waste,0.184
2008-11-01,Social Care,WEST ARDSLEY  ATC- S065913,1100L-C,Card,0.069
2008-11-01,Social Care,WEST ARDSLEY  ATC- S065913,1100L-W,Gen Waste,0.826
2008-11-01,Social Care,WETHERBY DAY SERVICES - S065123,1100L-W,Gen Waste,0.422
2008-11-01,Social Care,WHITE ROSE HOUSE - 2,1100L-C,Card,0.087
2008-11-01,Social Care,WHITE ROSE HOUSE - 2,1100L-W,Gen Waste,0.411
2008-11-01,Social Care,WINDLESFORD GREEN - 232,1100L-W,Gen Waste,0.425
2008-11-01,Social Care,WOOD LANE,1100L-W,Gen Waste,0.196
2008-11-01,Social Care,WOOD LANE,1100L-W,Gen Waste,0.2
2008-11-01,Social Care,WOODHOUSE DC - S063840,1100L-C,Card,0.104
2008-11-01,Social Care,WOODHOUSE DC - S063840,1100L-W,Gen Waste,0.223
2008-11-01,Social Care,WYKEBECK VALLEY DC - 317,1100L-C,Card,0.081
2008-11-01,Social Care,WYKEBECK VALLEY DC - 317,1100L-W,Gen Waste,0.193
2008-11-01,Social Care,YOUTH JUSTICE SERVICE,1100L-W,Gen Waste,0.208
2008-11-01,Social Care,YOUTH OFFENDING TEAM,1100L-C,Card,0.099
2008-11-01,Social Care,YOUTH OFFENDING TEAM,1100L-W,Gen Waste,0.217
2008-11-01,TBC,CITY ART GALLERY - MUS285,1100L-W,Gen Waste,0.612
2008-11-01,TBC,LEDSTON LUCK ENTERPRISE PARK,1100L-W,Gen Waste,0.0
2008-11-01,TBC,LEEDS C C - EVENTS TEAM,1100L-W,Gen Waste,11.162
2008-11-01,TBC,LEEDS C C - EVENTS TEAM,240L-W,Gen Waste,0.038
2008-11-01,TBC,LEEDS C C - EVENTS TEAM,360L-W,Gen Waste,2.245
2008-11-01,TBC,WESTHOLME - 183 - S066464,1100L-C,Card,0.1
2008-11-01,TBC,WESTHOLME - 183 - S066464,1100L-W,Gen Waste,0.458
2008-11-01,W ALMO,BRAMLEY NHO,1100L-W,Gen Waste,0.203
2008-11-01,W ALMO,BRAMLEY NHO,1100L-C,Card,0.092
2008-11-01,W ALMO,HORSFORTH NHO,660L-W,Gen Waste,0.157
2008-11-01,W ALMO,HORSFORTH NHO,660L-C,Card,0.06
2008-11-01,W ALMO,HOUSING REGISTER,360L-W,Gen Waste,0.091
2008-11-01,W ALMO,KIRKSTALL NHO,1100L-W,Gen Waste,0.21
2008-11-01,W ALMO,KIRKSTALL NHO,1100L-C,Card,0.09
2008-11-01,W ALMO,PROGRESS HOUSE,1100L-W,Gen Waste,0.209
2008-11-01,W ALMO,PROGRESS HOUSE,1100L-C,Card,0.099
2008-11-01,W ALMO,SILVER ROYD HILL,1100L-W,Gen Waste,0.202
2008-11-01,W ALMO,SILVER ROYD HILL,1100L-C,Card,0.116
2008-11-01,W ALMO,WEETWOOD NHO,360L-W,Gen Waste,0.119
2008-11-01,W ALMO,WEETWOOD NHO,360L-C,Card,0.023
2008-11-01,W ALMO,WESTFIELD CHAMBERS,1100L-W,Gen Waste,0.214
2008-11-01,W ALMO,WESTFIELD CHAMBERS,1100L-C,Card,0.08
2008-11-01,W ALMO,WESTFIELD HOUSE,1100L-W,Gen Waste,0.221
2008-11-01,W ALMO,WORTLEY NHO,1100L-W,Gen Waste,0.0
2008-12-01,AIRE ALMO,"NAVAGATION HOUSE, LEEDS SOUTH HOMES",1100L-C,Card,0.06
2008-12-01,AIRE ALMO,"NAVAGATION HOUSE, LEEDS SOUTH HOMES",1100L-W,Gen Waste,0.551
2008-12-01,AIRE ALMO,SWARCLIFFE NHO,1100L-C,Card,0.0
2008-12-01,AIRE ALMO,SWARCLIFFE NHO,1100L-W,Gen Waste,0.264
2008-12-01,AIRE ALMO,SWARCLIFFE NHO,660L-C,Card,0.072
2008-12-01,City Development,ARKITECTURAL DESIGN,1100L-C,Card,0.096
2008-12-01,City Development,ARKITECTURAL DESIGN,1100L-W,Gen Waste,0.546
2008-12-01,City Development,PUDSEY MARKETS,1100L-C,Card,2.935
2008-12-01,City Development,PUDSEY MARKETS,1100L-W,Gen Waste,1.425
2008-12-01,City Development,TAXI LICENSING,1100L-C,Card,0.068
2008-12-01,City Development,TAXI LICENSING,1100L-W,Gen Waste,0.268
2008-12-01,City Services,AIREBOROUGH NEW ROADSIDE 03044,1100L-C,Card,0.0
2008-12-01,City Services,AIREBOROUGH NEW ROADSIDE 03044,1100L-W,Gen Waste,0.0
2008-12-01,City Services,ALLERTON BYWATER CENTRE - YS220,360L-W,Gen Waste,0.093
2008-12-01,City Services,ALLERTON BYWATER CENTRE - YS220,360L-C,Card,0.028
2008-12-01,City Services,ALSTON LANE CENTRE - YS221,660L-W,Gen Waste,0.178
2008-12-01,City Services,APEX HOUSE,1100L-C,Card,0.166
2008-12-01,City Services,APEX HOUSE,1100L-W,Gen Waste,0.836
2008-12-01,City Services,APEX HOUSE,660L-C,Card,0.058
2008-12-01,City Services,ARMLEY OSC 03082,1100L-C,Card,0.1
2008-12-01,City Services,ARMLEY OSC 03082,1100L-W,Gen Waste,0.267
2008-12-01,City Services,BANGLADESHI CENTRE - YS223,1100L-C,Card,0.095
2008-12-01,City Services,BANGLADESHI CENTRE - YS223,1100L-W,Gen Waste,0.521
2008-12-01,City Services,BARLEYFIELDS CENTRE - YS224,660L-W,Gen Waste,0.199
2008-12-01,City Services,BELGRAVE HOUSE,1100L-C,Card,0.159
2008-12-01,City Services,BELGRAVE HOUSE,1100L-W,Gen Waste,0.533
2008-12-01,City Services,BLACKBURN HALL - AET143,1100L-W,Gen Waste,0.433
2008-12-01,City Services,BOSTON SPA CENTRE - YS226,660L-W,Gen Waste,0.167
2008-12-01,City Services,CANON HOUSE 03025,1100L-C,Card,0.103
2008-12-01,City Services,CANON HOUSE 03026,1100L-W,Gen Waste,0.417
2008-12-01,City Services,CANON HOUSE 03027,1100L-W,Gen Waste,0.42
2008-12-01,City Services,CATERING - BEESTON PRIMARY,1100L-W,Gen Waste,0.165
2008-12-01,City Services,CIVIC HALL - CITY SERVICES DEPT,660L-C,Card,4.379
2008-12-01,City Services,CIVIC HALL - CITY SERVICES DEPT,660L-W,Gen Waste,3.206
2008-12-01,City Services,CIVIC HALL - CITY SERVICES DEPT,1100L-C,Card,0.0
2008-12-01,City Services,CROSS GREEN CENTRE - YS230,1100L-W,Gen Waste,0.252
2008-12-01,City Services,CROSSGATES CENTRE - YS231,1100L-C,Card,0.056
2008-12-01,City Services,CROSSGATES CENTRE - YS231,1100L-W,Gen Waste,0.242
2008-12-01,City Services,DEWSBURY ROAD OSC 03083,1100L-C,Card,0.072
2008-12-01,City Services,DEWSBURY ROAD OSC 03083,1100L-W,Gen Waste,0.427
2008-12-01,City Services,EBOR GARDENS COMM CENT- YS233,1100L-C,Card,0.079
2008-12-01,City Services,EBOR GARDENS COMM CENT- YS233,1100L-W,Gen Waste,0.251
2008-12-01,City Services,EVOLUTION HOUSE,1100L-C,Card,0.081
2008-12-01,City Services,EVOLUTION HOUSE,1100L-W,Gen Waste,0.546
2008-12-01,City Services,FIELDHEAD CARR CENTRE - YS234,660L-W,Gen Waste,0.177
2008-12-01,City Services,FIR TREE SCHOOL,1100L-W,Gen Waste,0.0
2008-12-01,City Services,GARFORTH OSC - MAIN STREET 03051,1100L-C,Card,0.083
2008-12-01,City Services,GARFORTH OSC - MAIN STREET 03051,1100L-W,Gen Waste,0.153
2008-12-01,City Services,GILDERSOME YOUTH CENTRE,1100L-W,Gen Waste,0.265
2008-12-01,City Services,HAREHILLS PLACE COMMUNITY CENTRE,1100L-W,Gen Waste,0.263
2008-12-01,City Services,HEADINGLEY COMMUNITY CENTRE,1100L-W,Gen Waste,0.267
2008-12-01,City Services,HEADINGLEY COMMUNITY CENTRE,660L-C,Card,0.065
2008-12-01,City Services,HENRY BARRAN CENTRE - YS240,1100L-C,Card,0.088
2008-12-01,City Services,HENRY BARRAN CENTRE - YS240,1100L-W,Gen Waste,0.518
2008-12-01,City Services,HOLBECK YOUTH CENTRE,1100L-W,Gen Waste,0.0
2008-12-01,City Services,HOLBECK YOUTH CENTRE,660L-W,Gen Waste,0.172
2008-12-01,City Services,HOUGH TOP COURT 03027,1100L-C,Card,0.203
2008-12-01,City Services,HOUGH TOP COURT 03027,1100L-W,Gen Waste,0.949
2008-12-01,City Services,KENTMERE CENTRE - YS244,1100L-C,Card,0.08
2008-12-01,City Services,KENTMERE CENTRE - YS244,1100L-W,Gen Waste,0.256
2008-12-01,City Services,KIPPAX YOUTH CENTRE,660L-W,Gen Waste,0.105
2008-12-01,City Services,KNOWSTHORPE GATE SUPPORT SER 43390,1100L-C,Card,0.145
2008-12-01,City Services,LANDMARK COURT,1100L-C,Card,0.09
2008-12-01,City Services,LANDMARK COURT,1100L-W,Gen Waste,0.234
2008-12-01,City Services,LINCOLN GREEN YOUTH CENTRE,1100L-W,Gen Waste,0.262
2008-12-01,City Services,LITTLE LONDON COMMUNITY CENTRE,1100L-W,Gen Waste,0.28
2008-12-01,City Services,LITTLE LONDON COMMUNITY CENTRE,1100L-C,Card,0.083
2008-12-01,City Services,MANDELA CENTRE,1100L-C,Card,0.114
2008-12-01,City Services,MANDELA CENTRE,1100L-W,Gen Waste,0.544
2008-12-01,City Services,MEANWOOD COMMUNITY CENTRE,1100L-W,Gen Waste,0.249
2008-12-01,City Services,MEANWOOD COMMUNITY CENTRE,1100L-C,Card,0.084
2008-12-01,City Services,MERRION HOUSE,1100L-C,Card,0.691
2008-12-01,City Services,MERRION HOUSE,1100L-W,Gen Waste,4.333
2008-12-01,City Services,MERRION HOUSE,360L-C,Card,0.133
2008-12-01,City Services,MERRION HOUSE,660L-C,Card,0.279
2008-12-01,City Services,METHLEY CENTRE,1100L-W,Gen Waste,0.173
2008-12-01,City Services,MICKLEFIELD YOUTH CENTRE,1100L-W,Gen Waste,0.161
2008-12-01,City Services,MICKLEFIELD YOUTH CENTRE,660L-C,Card,0.0
2008-12-01,City Services,MIDDLETON PARK HIGHWAYS 03034,1100L-C,Card,0.329
2008-12-01,City Services,MIDDLETON PARK HIGHWAYS 03034,1100L-W,Gen Waste,1.058
2008-12-01,City Services,MIDDLETON SKILLS CENTRE - YS253,1100L-C,Card,0.067
2008-12-01,City Services,MIDDLETON SKILLS CENTRE - YS253,1100L-W,Gen Waste,0.249
2008-12-01,City Services,MORLEY TOWN HALL 03060,1100L-C,Card,0.132
2008-12-01,City Services,MORLEY TOWN HALL 03060,1100L-W,Gen Waste,0.334
2008-12-01,City Services,NOWELL MOUNT CENTRE - YS254,1100L-W,Gen Waste,0.197
2008-12-01,City Services,OLD COCKBURN SPORTS HALL,1100L-W,Gen Waste,0.145
2008-12-01,City Services,OSMONDTHORPE OSC 03085,1100L-C,Card,0.054
2008-12-01,City Services,OSMONDTHORPE OSC 03085,1100L-W,Gen Waste,0.529
2008-12-01,City Services,OTLEY A O 03066,1100L-W,Gen Waste,0.243
2008-12-01,City Services,PAKISTANI CENTRE - YS256,1100L-C,Card,0.0
2008-12-01,City Services,PALACE PROJECT - YS257,1100L-W,Gen Waste,0.0
2008-12-01,City Services,PALACE PROJECT - YS257,660L-W,Gen Waste,0.187
2008-12-01,City Services,PRINCE PHILLIP CENTRE - YS258,1100L-C,Card,0.096
2008-12-01,City Services,PRINCE PHILLIP CENTRE - YS258,1100L-W,Gen Waste,0.479
2008-12-01,City Services,PUDSEY TOWN HALL 03071,1100L-W,Gen Waste,0.421
2008-12-01,City Services,PUDSEY TOWN HALL 03071,660L-C,Card,0.124
2008-12-01,City Services,RICHMOND HILL CENTRE - YS259,1100L-W,Gen Waste,0.271
2008-12-01,City Services,RICHMOND HILL CENTRE - YS259,660L-W,Gen Waste,0.0
2008-12-01,City Services,RICHMOND HILL CENTRE - YS259,660L-C,Card,0.059
2008-12-01,City Services,ROSE LUND CENTRE - YS260,660L-W,Gen Waste,0.133
2008-12-01,City Services,ROTHWELL A O - 03074,1100L-C,Card,0.045
2008-12-01,City Services,ROTHWELL A O - 03074,1100L-W,Gen Waste,0.148
2008-12-01,City Services,SOUTH GIPTON CENTRE - YS263,1100L-W,Gen Waste,0.186
2008-12-01,City Services,SOUTH LEEDS FLC,1100L-C,Card,0.08
2008-12-01,City Services,SOUTH LEEDS FLC,1100L-W,Gen Waste,1.203
2008-12-01,City Services,SOUTH SEACROFT OSC,1100L-C,Card,0.068
2008-12-01,City Services,SOUTH SEACROFT OSC,660L-C,Card,0.092
2008-12-01,City Services,SOUTH SEACROFT OSC,660L-W,Gen Waste,0.536
2008-12-01,City Services,ST GABRIELS CENTRE - YS264,660L-W,Gen Waste,0.142
2008-12-01,City Services,ST GEORGES CENTRE 03036,1100L-C,Card,0.187
2008-12-01,City Services,ST GEORGES CENTRE 03036,1100L-W,Gen Waste,0.416
2008-12-01,City Services,ST GREGORYS Y & A CENTRE,1100L-C,Card,0.059
2008-12-01,City Services,ST GREGORYS Y & A CENTRE,1100L-W,Gen Waste,0.28
2008-12-01,City Services,ST MATTHEWS CENTRE - YS266,1100L-W,Gen Waste,0.267
2008-12-01,City Services,ST MATTHEWS CENTRE - YS266,1100L-C,Card,0.112
2008-12-01,City Services,STANHOPE DRIVE YOUTH CENTRE,660L-W,Gen Waste,0.189
2008-12-01,City Services,STRAWBERRY LANE CENTRE - YS268,1100L-C,Card,0.106
2008-12-01,City Services,STRAWBERRY LANE CENTRE - YS268,1100L-W,Gen Waste,0.266
2008-12-01,City Services,THE LEONARDO BUILDING 03020,1100L-C,Card,2.042
2008-12-01,City Services,THE LEONARDO BUILDING 03020,1100L-W,Gen Waste,1.162
2008-12-01,City Services,THORESBY HOUSE 03017,1100L-C,Card,4.055
2008-12-01,City Services,THORESBY HOUSE 03017,1100L-W,Gen Waste,2.317
2008-12-01,City Services,TINGLEY YOUTH & COMMUNITY CENTRE,660L-W,Gen Waste,0.112
2008-12-01,City Services,WELFARE RIGHTS UNIT,1100L-W,Gen Waste,0.254
2008-12-01,City Services,WELFARE RIGHTS UNIT,660L-C,Card,0.048
2008-12-01,City Services,WESTON LANE CENTRE - YS272,1100L-W,Gen Waste,0.269
2008-12-01,City Services,WETHERBY A O 03078,1100L-W,Gen Waste,0.266
2008-12-01,City Services,WINDMILL YOUTH CENTRE,1100L-W,Gen Waste,0.146
2008-12-01,City Services,WINDMILL YOUTH CENTRE,1100L-C,Card,0.083
2008-12-01,City Services,WOODHOUSE COMMUNITY CENTRE,1100L-W,Gen Waste,0.276
2008-12-01,City Services,WOODHOUSE COMMUNITY CENTRE,1100L-C,Card,0.101
2008-12-01,City Services,WOODSLEY ROAD CENTRE - YS275,1100L-W,Gen Waste,0.43
2008-12-01,City Services,YEADON TOWN HALL - AET149,1100L-C,Card,0.085
2008-12-01,City Services,YEADON TOWN HALL - AET149,1100L-W,Gen Waste,0.472
2008-12-01,E ALMO,BUILDING SERVICES,1100L-C,Card,0.031
2008-12-01,E ALMO,BUILDING SERVICES,1100L-W,Gen Waste,0.26
2008-12-01,E ALMO,BURMANTOFTS NH,1100L-W,Gen Waste,0.145
2008-12-01,E ALMO,BURMANTOFTS NH,1100L-C,Card,0.077
2008-12-01,E ALMO,BUTTON HILL COMMUNITY CENTRE,1100L-W,Gen Waste,0.265
2008-12-01,E ALMO,GIPTON NHO,660L-W,Gen Waste,0.174
2008-12-01,E ALMO,GIPTON NHO,660L-C,Card,0.049
2008-12-01,E ALMO,HAREHILLS & CHAPEL TOWN NHO,1100L-W,Gen Waste,0.257
2008-12-01,E ALMO,HAREHILLS & CHAPEL TOWN NHO,1100L-C,Card,0.093
2008-12-01,E ALMO,MEANWOOD NHO,1100L-W,Gen Waste,0.277
2008-12-01,E ALMO,MOORTOWN NHO,1100L-W,Gen Waste,0.164
2008-12-01,E ALMO,MOORTOWN NHO,1100L-C,Card,0.108
2008-12-01,E ALMO,RICHOMOND HILL NHO,660L-W,Gen Waste,0.17
2008-12-01,E ALMO,SEACROFT NORTH 0SS - S066640,1100L-C,Card,0.017
2008-12-01,E ALMO,SEACROFT NORTH 0SS - S066640,1100L-W,Gen Waste,0.271
2008-12-01,E ALMO,TRIBECA HOUSE,1100L-C,Card,0.0
2008-12-01,E ALMO,TRIBECA HOUSE,1100L-W,Gen Waste,0.0
2008-12-01,E ALMO,TRIBECA HOUSE,660L-C,Card,0.125
2008-12-01,E ALMO,TRIBECA HOUSE,660L-W,Gen Waste,0.553
2008-12-01,Education Leeds/Schools,ARTEMIS,1100L-W,Gen Waste,0.277
2008-12-01,Education Leeds/Schools,BLENHEIM CENTRE,1100L-W,Gen Waste,0.277
2008-12-01,Education Leeds/Schools,BLENHEIM CENTRE,1100L-W,Gen Waste,0.255
2008-12-01,Education Leeds/Schools,BLENHEIM CENTRE,1100L-W,Gen Waste,0.262
2008-12-01,Education Leeds/Schools,BRUDENELL PRIMARY SCHOOL,1100L-W,Gen Waste,0.531
2008-12-01,Education Leeds/Schools,ELMETE CENTRE,1100L-C,Card,0.087
2008-12-01,Education Leeds/Schools,ELMETE CENTRE,1100L-C,Card,0.102
2008-12-01,Education Leeds/Schools,ELMETE CENTRE,1100L-W,Gen Waste,0.383
2008-12-01,Education Leeds/Schools,ELMETE CENTRE,1100L-W,Gen Waste,0.439
2008-12-01,Education Leeds/Schools,ELMETE CENTRE,1100L-W,Gen Waste,0.425
2008-12-01,Education Leeds/Schools,GRAFTON SITE,1100L-C,Card,0.107
2008-12-01,Education Leeds/Schools,GRAFTON SITE,1100L-W,Gen Waste,0.24
2008-12-01,Education Leeds/Schools,HORSFORTH SCHOOL,1100L-C,Card,0.407
2008-12-01,Education Leeds/Schools,HORSFORTH SCHOOL,1100L-W,Gen Waste,2.487
2008-12-01,Education Leeds/Schools,SOUTH PUDSEY COMMUNITY CENTRE,1100L-W,Gen Waste,0.178
2008-12-01,Education Leeds/Schools,SOUTH PUDSEY COMMUNITY CENTRE,1100L-C,Card,0.085
2008-12-01,Education Leeds/Schools,SOUTH PUDSEY COMMUNITY CENTRE,1100L-W,Gen Waste,0.0
2008-12-01,Education Leeds/Schools,THE BEST HOUSE,360L-W,Gen Waste,0.121
2008-12-01,Education Leeds/Schools,WEST END PRIMARY SCHOOL,1100L-C,Card,0.089
2008-12-01,Education Leeds/Schools,WEST END PRIMARY SCHOOL,1100L-W,Gen Waste,0.77
2008-12-01,Education Leeds/Schools,WEST PARK CENTRE,1100L-C,Card,0.1
2008-12-01,Education Leeds/Schools,WEST PARK CENTRE,1100L-C,Card,0.083
2008-12-01,Education Leeds/Schools,WEST PARK CENTRE,1100L-W,Gen Waste,0.271
2008-12-01,Education Leeds/Schools,WEST PARK CENTRE,1100L-W,Gen Waste,0.256
2008-12-01,Education Leeds/Schools,WEST PARK CENTRE,1100L-W,Gen Waste,0.263
2008-12-01,Education Leeds/Schools,WEST PARK CENTRE,1100L-W,Gen Waste,0.256
2008-12-01,Environment & Neighbourhoods,AIRE VALLEY TEAM - BELLE ISLE FOUND,660L-C,Card,0.042
2008-12-01,Environment & Neighbourhoods,AIRE VALLEY TEAM - BELLE ISLE FOUND,660L-W,Gen Waste,0.074
2008-12-01,Environment & Neighbourhoods,EAST KESWICK HALL (LCC),1100L-W,Gen Waste,0.0
2008-12-01,Environment & Neighbourhoods,EAST LEEDS AREA MANAGEMENT TEAM,1100L-C,Card,0.077
2008-12-01,Environment & Neighbourhoods,EAST LEEDS AREA MANAGEMENT TEAM,1100L-W,Gen Waste,0.255
2008-12-01,Environment & Neighbourhoods,ENVIROMENTAL HEALTH NEW ADD,660L-C,Card,0.0
2008-12-01,Environment & Neighbourhoods,ENVIROMENTAL HEALTH NEW ADD,660L-W,Gen Waste,0.18
2008-12-01,Environment & Neighbourhoods,HILLSIDE HOSTEL,1100L-C,Card,0.106
2008-12-01,Environment & Neighbourhoods,HILLSIDE HOSTEL,1100L-W,Gen Waste,0.6
2008-12-01,Environment & Neighbourhoods,KIRKGATE CHAMBERS,1100L-C,Card,0.0
2008-12-01,Environment & Neighbourhoods,KIRKGATE CHAMBERS,240L-C,Card,0.0
2008-12-01,Environment & Neighbourhoods,KIRKGATE CHAMBERS,360L-C,Card,0.011
2008-12-01,Environment & Neighbourhoods,KIRKGATE CHAMBERS,360L-C,Card,0.0
2008-12-01,Environment & Neighbourhoods,LEEDS COMMUNITY SAFETY,660L-C,Card,0.062
2008-12-01,Environment & Neighbourhoods,LEEDS COMMUNITY SAFETY,660L-W,Gen Waste,0.0
2008-12-01,Environment & Neighbourhoods,LEEDS COMMUNITY SAFETY,660L-C,Card,0.0
2008-12-01,Environment & Neighbourhoods,MILLSHAW ENVIRONMENTAL HEALTH OFFICE,1100L-C,Card,0.056
2008-12-01,Environment & Neighbourhoods,MILLSHAW ENVIRONMENTAL HEALTH OFFICE,1100L-W,Gen Waste,0.278
2008-12-01,Environment & Neighbourhoods,PENNINGTON PLACE,1100L-W,Gen Waste,0.617
2008-12-01,Environment & Neighbourhoods,RESETTLEMENT SERVICES,1100L-W,Gen Waste,0.281
2008-12-01,Environment & Neighbourhoods,RESETTLEMENT SERVICES,1100L-C,Card,0.095
2008-12-01,Environment & Neighbourhoods,RICHMOND COURT,1100L-W,Gen Waste,1.049
2008-12-01,Environment & Neighbourhoods,THE HOLLIES,1100L-W,Gen Waste,0.778
2008-12-01,Environment & Neighbourhoods,WOODHOUSE LANE CAR PARK,1100L-W,Gen Waste,0.327
2008-12-01,Highways,POTTERY FIELDS DEPOT,1100L-C,Card,0.098
2008-12-01,Highways,POTTERY FIELDS DEPOT,1100L-W,Gen Waste,0.271
2008-12-01,Learning & Leisure,ARDSLEY/TINGLEY LIBRARY,1100L-W,Gen Waste,0.0
2008-12-01,Learning & Leisure,ARDSLEY/TINGLEY LIBRARY,660L-W,Gen Waste,0.106
2008-12-01,Learning & Leisure,ARMLEY EYC - OUTREACH CENTRE,1100L-W,Gen Waste,0.238
2008-12-01,Learning & Leisure,ARMLEY LASER CENTRE - YS222,1100L-C,Card,0.093
2008-12-01,Learning & Leisure,ARMLEY LASER CENTRE - YS222,1100L-W,Gen Waste,0.14
2008-12-01,Learning & Leisure,ARMLEY LASER CENTRE - YS222,660L-W,Gen Waste,0.0
2008-12-01,Learning & Leisure,ARMLEY MILLS -  MUS174,1100L-W,Gen Waste,0.256
2008-12-01,Learning & Leisure,ARMLEY MILLS -  MUS174,660L-C,Card,0.063
2008-12-01,Learning & Leisure,ARMLEY SPORTS CENTRE - SPO164,1100L-C,Card,0.116
2008-12-01,Learning & Leisure,ARMLEY SPORTS CENTRE - SPO164,1100L-W,Gen Waste,0.834
2008-12-01,Learning & Leisure,BEESTON LIBRARY,660L-C,Card,0.046
2008-12-01,Learning & Leisure,BEESTON LIBRARY,660L-W,Gen Waste,0.11
2008-12-01,Learning & Leisure,BELLE ISLE CENTRE - YS226,1100L-C,Card,0.056
2008-12-01,Learning & Leisure,BELLE ISLE CENTRE - YS226,1100L-W,Gen Waste,0.278
2008-12-01,Learning & Leisure,BOWLS & ATHLETICS SPO16,1100L-C,Card,0.082
2008-12-01,Learning & Leisure,BOWLS & ATHLETICS SPO16,1100L-W,Gen Waste,0.518
2008-12-01,Learning & Leisure,BRAMLEY BATHS - SPO160,1100L-C,Card,0.082
2008-12-01,Learning & Leisure,BRAMLEY BATHS - SPO160,1100L-W,Gen Waste,0.164
2008-12-01,Learning & Leisure,BRAMLEY CENTRE - YS227,1100L-C,Card,0.078
2008-12-01,Learning & Leisure,BRAMLEY CENTRE - YS227,1100L-W,Gen Waste,0.157
2008-12-01,Learning & Leisure,BRAMLEY CHILDRENS CENTRE - EDEYC206,1100L-C,Card,0.106
2008-12-01,Learning & Leisure,BRAMLEY CHILDRENS CENTRE - EDEYC206,1100L-W,Gen Waste,0.156
2008-12-01,Learning & Leisure,BROAD LANE LIBRARY - LIB120,1100L-W,Gen Waste,0.0
2008-12-01,Learning & Leisure,BURLEY LIBRARY - LIB133,360L-W,Gen Waste,0.12
2008-12-01,Learning & Leisure,BURLEY PARK EYC - U8EYC183,1100L-C,Card,0.095
2008-12-01,Learning & Leisure,BURLEY PARK EYC - U8EYC183,1100L-W,Gen Waste,0.505
2008-12-01,Learning & Leisure,CALVERLEY LIBRARY - S067160,660L-W,Gen Waste,0.0
2008-12-01,Learning & Leisure,CATERING - CANAL GARDEN,1100L-C,Card,0.193
2008-12-01,Learning & Leisure,CATERING - CANAL GARDEN,1100L-W,Gen Waste,1.009
2008-12-01,Learning & Leisure,CATERING - GOLDEN ACRE PARK,1100L-C,Card,0.074
2008-12-01,Learning & Leisure,CATERING - GOLDEN ACRE PARK,1100L-W,Gen Waste,0.508
2008-12-01,Learning & Leisure,CATERING - TEMPLE NEWSAM PARK,1100L-C,Card,0.055
2008-12-01,Learning & Leisure,CATERING - TEMPLE NEWSAM PARK,1100L-W,Gen Waste,0.775
2008-12-01,Learning & Leisure,CENTRAL LIBRARY - LIB114,1100L-C,Card,0.085
2008-12-01,Learning & Leisure,CENTRAL LIBRARY - LIB114,1100L-W,Gen Waste,1.077
2008-12-01,Learning & Leisure,CHAPEL ALLERTON BR LIBRARY - LIB113,240L-W,Gen Waste,0.079
2008-12-01,Learning & Leisure,CHAPEL ALLERTON CHILDRENS CENTRE,1100L-C,Card,0.085
2008-12-01,Learning & Leisure,CHAPEL ALLERTON CHILDRENS CENTRE,1100L-W,Gen Waste,0.258
2008-12-01,Learning & Leisure,CHAPELTOWN CHILDRENS CENTRE,1100L-C,Card,0.088
2008-12-01,Learning & Leisure,CHAPELTOWN CHILDRENS CENTRE,1100L-W,Gen Waste,0.519
2008-12-01,Learning & Leisure,CITY MUSEUM,1100L-C,Card,0.046
2008-12-01,Learning & Leisure,CITY MUSEUM,1100L-W,Gen Waste,0.393
2008-12-01,Learning & Leisure,COMPTON ROAD LIBRARY - LIB140,1100L-C,Card,0.0
2008-12-01,Learning & Leisure,COMPTON ROAD LIBRARY - LIB140,660L-W,Gen Waste,0.0
2008-12-01,Learning & Leisure,COMPTON ROAD LIBRARY - LIB140,660L-C,Card,0.0
2008-12-01,Learning & Leisure,CONSTRUCTION SKILLS TRAINING CENTRE,1100L-C,Card,0.06
2008-12-01,Learning & Leisure,CONSTRUCTION SKILLS TRAINING CENTRE,1100L-W,Gen Waste,0.15
2008-12-01,Learning & Leisure,CROSSGATES LIBRARY - LIB119,1100L-W,Gen Waste,0.255
2008-12-01,Learning & Leisure,DENIS HEALEY CENTRE - YS232,1100L-W,Gen Waste,0.269
2008-12-01,Learning & Leisure,DOREEN HAMILTON DC - 506 Q884679,1100L-C,Card,0.056
2008-12-01,Learning & Leisure,DOREEN HAMILTON DC - 506 Q884679,1100L-W,Gen Waste,0.505
2008-12-01,Learning & Leisure,DOREEN HAMILTON EYC - SSEYC200,1100L-C,Card,0.069
2008-12-01,Learning & Leisure,DOREEN HAMILTON EYC - SSEYC200,1100L-W,Gen Waste,0.256
2008-12-01,Learning & Leisure,DRIGHLINGTON MEETING HALL - AET144,1100L-W,Gen Waste,0.271
2008-12-01,Learning & Leisure,EAST LEEDS FLC - TRGEYC214,1100L-C,Card,0.128
2008-12-01,Learning & Leisure,EAST LEEDS FLC - TRGEYC214,1100L-W,Gen Waste,1.606
2008-12-01,Learning & Leisure,EAST LEEDS LEISURE CENTRE - SPO158,1100L-C,Card,0.0
2008-12-01,Learning & Leisure,EAST LEEDS LEISURE CENTRE - SPO158,1100L-W,Gen Waste,0.0
2008-12-01,Learning & Leisure,EAST LEEDS LEISURE CENTRE - SPO158,660L-C,Card,0.064
2008-12-01,Learning & Leisure,EAST LEEDS LEISURE CENTRE - SPO158,660L-W,Gen Waste,0.998
2008-12-01,Learning & Leisure,FARSLEY BRANCH LIBRARY - LIB103,1100L-W,Gen Waste,0.0
2008-12-01,Learning & Leisure,FEARNVILLE SPORTS CENTRE - SPO153,1100L-C,Card,0.097
2008-12-01,Learning & Leisure,FEARNVILLE SPORTS CENTRE - SPO153,1100L-W,Gen Waste,0.541
2008-12-01,Learning & Leisure,FIRTHFIELD EYC - (ANNE FLEGG),1100L-W,Gen Waste,0.151
2008-12-01,Learning & Leisure,GARFORTH LEISURE CENTRE - SPO281,1100L-C,Card,0.085
2008-12-01,Learning & Leisure,GARFORTH LEISURE CENTRE - SPO281,1100L-W,Gen Waste,0.0
2008-12-01,Learning & Leisure,GARFORTH LIBRARY (REAR) - LIB110,360L-W,Gen Waste,0.086
2008-12-01,Learning & Leisure,GARFORTH LIBRARY (REAR) - LIB110,360L-C,Card,0.014
2008-12-01,Learning & Leisure,GILDERSOME MEETING HALL DMS - AET14,1100L-W,Gen Waste,0.247
2008-12-01,Learning & Leisure,GOTTS PARK MUNICIPAL GOLF CL - PK16,1100L-W,Gen Waste,0.217
2008-12-01,Learning & Leisure,GUISELEY LIBRARY - LIB106,660L-W,Gen Waste,0.174
2008-12-01,Learning & Leisure,GUISELEY LIBRARY - LIB106,660L-C,Card,0.064
2008-12-01,Learning & Leisure,HALTON LIBRARY - LIB139,1100L-W,Gen Waste,0.0
2008-12-01,Learning & Leisure,HALTON LIBRARY - LIB139,660L-C,Card,0.052
2008-12-01,Learning & Leisure,HALTON LIBRARY - LIB139,660L-W,Gen Waste,0.179
2008-12-01,Learning & Leisure,HAREHILLS CHILDRENS CENTRE,1100L-C,Card,0.105
2008-12-01,Learning & Leisure,HAREHILLS CHILDRENS CENTRE,1100L-W,Gen Waste,0.265
2008-12-01,Learning & Leisure,HAREHILLS JOB SHOP,660L-W,Gen Waste,0.185
2008-12-01,Learning & Leisure,HAWKSWORTH WOOD EYC - TRGEYC217,1100L-C,Card,0.087
2008-12-01,Learning & Leisure,HAWKSWORTH WOOD EYC - TRGEYC217,1100L-W,Gen Waste,0.264
2008-12-01,Learning & Leisure,HEADINGLEY ANN CENTRE - YS238,360L-W,Gen Waste,0.159
2008-12-01,Learning & Leisure,HEADINGLEY ANN CENTRE - YS238,360L-C,Card,0.019
2008-12-01,Learning & Leisure,"HERD FARM, ECCUP RESEVIOR - YS241",1100L-C,Card,0.181
2008-12-01,Learning & Leisure,"HERD FARM, ECCUP RESEVIOR - YS241",1100L-W,Gen Waste,0.334
2008-12-01,Learning & Leisure,HOLBECK LIBRARY - LIB137,240L-W,Gen Waste,0.079
2008-12-01,Learning & Leisure,HOLT PARK LEISURE CENTRE - SPO157,1100L-W,Gen Waste,0.594
2008-12-01,Learning & Leisure,HORSFORTH LIBRARY - LIB118,1100L-W,Gen Waste,0.242
2008-12-01,Learning & Leisure,HOVINGHAM PRIMARY SCHOOL - PORTACABIN,360L-W,Gen Waste,0.155
2008-12-01,Learning & Leisure,HUNSLET CHILDRENS CENTRE,1100L-C,Card,0.069
2008-12-01,Learning & Leisure,HUNSLET CHILDRENS CENTRE,1100L-W,Gen Waste,0.257
2008-12-01,Learning & Leisure,HUNSLET HALL EYC - U8EYC186,1100L-C,Card,0.062
2008-12-01,Learning & Leisure,HUNSLET HALL EYC - U8EYC186,1100L-W,Gen Waste,0.324
2008-12-01,Learning & Leisure,HUNSLET LAKE - YS243,1100L-W,Gen Waste,0.0
2008-12-01,Learning & Leisure,HUNSLET LIBRARY (REAR) - LIB117,1100L-W,Gen Waste,0.0
2008-12-01,Learning & Leisure,HUNSLET LIBRARY (REAR) - LIB117,660L-W,Gen Waste,0.177
2008-12-01,Learning & Leisure,HUNSLET LIBRARY (REAR) - LIB117,660L-C,Card,0.0
2008-12-01,Learning & Leisure,IRELAND WOOD PUBLIC LIBRARY - LIB11,240L-W,Gen Waste,0.051
2008-12-01,Learning & Leisure,IYSS YOUTH HUB,1100L-W,Gen Waste,0.191
2008-12-01,Learning & Leisure,JOHN SMEATON LEISURE CENTRE,1100L-C,Card,0.015
2008-12-01,Learning & Leisure,JOHN SMEATON LEISURE CENTRE,1100L-W,Gen Waste,1.377
2008-12-01,Learning & Leisure,KENTMERE EYC - U8EYC187,1100L-C,Card,0.048
2008-12-01,Learning & Leisure,KENTMERE EYC - U8EYC187,1100L-W,Gen Waste,0.517
2008-12-01,Learning & Leisure,KIPPAX LIBRARY - LIB111,240L-W,Gen Waste,0.058
2008-12-01,Learning & Leisure,KIPPAX SPORTS CENTRE - SPO163,1100L-C,Card,0.076
2008-12-01,Learning & Leisure,KIPPAX SPORTS CENTRE - SPO163,1100L-W,Gen Waste,0.397
2008-12-01,Learning & Leisure,KIPPAX SPORTS CENTRE - SPO163,1100L-W,Gen Waste,0.0
2008-12-01,Learning & Leisure,KIRKSTALL ABBEY HOUSE MUSEUM - MUS1,1100L-C,Card,0.069
2008-12-01,Learning & Leisure,KIRKSTALL ABBEY HOUSE MUSEUM - MUS1,1100L-W,Gen Waste,0.505
2008-12-01,Learning & Leisure,KIRKSTALL LEISURE CENTRE,1100L-C,Card,0.091
2008-12-01,Learning & Leisure,KIRKSTALL LEISURE CENTRE,1100L-W,Gen Waste,0.631
2008-12-01,Learning & Leisure,LANGBAR EYC - U8EYC189,1100L-C,Card,0.081
2008-12-01,Learning & Leisure,LANGBAR EYC - U8EYC189,1100L-W,Gen Waste,0.254
2008-12-01,Learning & Leisure,LAUREL BANK EYC - SSEYC202,1100L-W,Gen Waste,0.267
2008-12-01,Learning & Leisure,LEEDS MUSEUM DISCOVERY CENTRE,1100L-C,Card,0.043
2008-12-01,Learning & Leisure,LEEDS MUSEUM DISCOVERY CENTRE,660L-W,Gen Waste,0.104
2008-12-01,Learning & Leisure,LEEDS TOWN HALL,1100L-C,Card,0.344
2008-12-01,Learning & Leisure,LEEDS TOWN HALL,1100L-W,Gen Waste,2.351
2008-12-01,Learning & Leisure,LIBRARY HQ - LIB127,1100L-C,Card,0.0
2008-12-01,Learning & Leisure,LIBRARY HQ - NEW - LIB127,1100L-C,Card,0.058
2008-12-01,Learning & Leisure,LIBRARY HQ - NEW - LIB127,1100L-W,Gen Waste,0.773
2008-12-01,Learning & Leisure,LOTHERTON BIRD GARDEN,1100L-W,Gen Waste,0.416
2008-12-01,Learning & Leisure,LOTHERTON HALL - MUS176,660L-W,Gen Waste,0.141
2008-12-01,Learning & Leisure,LOTHERTON HALL - MUS176,660L-C,Card,0.064
2008-12-01,Learning & Leisure,MIDDLETON LEISURE CENTRE - SPO159,1100L-C,Card,0.097
2008-12-01,Learning & Leisure,MIDDLETON LEISURE CENTRE - SPO159,1100L-W,Gen Waste,0.466
2008-12-01,Learning & Leisure,MOOR ALLERTON LIBRARY - LIB116,360L-W,Gen Waste,0.088
2008-12-01,Learning & Leisure,MOOR ALLERTON LIBRARY - LIB116,360L-C,Card,0.021
2008-12-01,Learning & Leisure,MORLEY EARLEY YEARS - TRGEYC218,1100L-C,Card,0.059
2008-12-01,Learning & Leisure,MORLEY EARLEY YEARS - TRGEYC218,1100L-W,Gen Waste,0.0
2008-12-01,Learning & Leisure,MORLEY EARLEY YEARS - TRGEYC218,660L-W,Gen Waste,0.222
2008-12-01,Learning & Leisure,MORLEY LEISURE CENTRE,1100L-C,Card,0.0
2008-12-01,Learning & Leisure,MORLEY PUBLIC LIBRARY (REAR) - LIB1,1100L-C,Card,0.067
2008-12-01,Learning & Leisure,MORLEY PUBLIC LIBRARY (REAR) - LIB1,360L-W,Gen Waste,0.078
2008-12-01,Learning & Leisure,NEIGHBOURHOOD JOB SHOP,240L-W,Gen Waste,0.07
2008-12-01,Learning & Leisure,NEIGHBOURHOOD JOB SHOP,240L-C,Card,0.0
2008-12-01,Learning & Leisure,NESFIELD OUTREACH - U8EYC191,1100L-W,Gen Waste,0.245
2008-12-01,Learning & Leisure,NEW AQUATICS CENTRE,1100L-C,Card,0.199
2008-12-01,Learning & Leisure,NEW AQUATICS CENTRE,1100L-W,Gen Waste,1.883
2008-12-01,Learning & Leisure,NORTH AREA OFFICE - YS277,1100L-C,Card,0.088
2008-12-01,Learning & Leisure,NORTH AREA OFFICE - YS277,1100L-W,Gen Waste,0.272
2008-12-01,Learning & Leisure,OAKDALE EYC - U8EYC192,1100L-C,Card,0.066
2008-12-01,Learning & Leisure,OAKDALE EYC - U8EYC192,1100L-W,Gen Waste,0.267
2008-12-01,Learning & Leisure,OAKWOOD LIBRARY - LIB125,360L-W,Gen Waste,0.14
2008-12-01,Learning & Leisure,OTLEY LIBRARY - LIB135,360L-W,Gen Waste,0.151
2008-12-01,Learning & Leisure,PARKS & COUNTRYSIDES,1100L-C,Card,0.1
2008-12-01,Learning & Leisure,PARKS & COUNTRYSIDES,1100L-W,Gen Waste,0.521
2008-12-01,Learning & Leisure,PUDSEY CIVIC HALL,1100L-W,Gen Waste,0.0
2008-12-01,Learning & Leisure,PUDSEY CIVIC HALL - CATERING,1100L-C,Card,0.173
2008-12-01,Learning & Leisure,PUDSEY LEISURE CENTRE - SPO161,1100L-C,Card,0.081
2008-12-01,Learning & Leisure,PUDSEY LEISURE CENTRE - SPO161,1100L-W,Gen Waste,0.629
2008-12-01,Learning & Leisure,PUDSEY LIBRARY (REAR) - LIB109,1100L-W,Gen Waste,0.146
2008-12-01,Learning & Leisure,PUDSEY LIBRARY (REAR) - LIB109,1100L-C,Card,0.104
2008-12-01,Learning & Leisure,QUARRY MOUNT CHILDRENS CENTRE,1100L-W,Gen Waste,0.248
2008-12-01,Learning & Leisure,QUARRY MOUNT CHILDRENS CENTRE,1100L-C,Card,0.087
2008-12-01,Learning & Leisure,RED HALL,1100L-C,Card,0.214
2008-12-01,Learning & Leisure,RICHMOND HILL EYC - U8EYC193,1100L-W,Gen Waste,0.464
2008-12-01,Learning & Leisure,RICHMOND HILL EYC - U8EYC193,1100L-C,Card,0.083
2008-12-01,Learning & Leisure,RICHMOND HILL SPORTS HALL - SPO155,1100L-W,Gen Waste,0.049
2008-12-01,Learning & Leisure,ROSEVILLE CENTRE - TRGEYC284,1100L-W,Gen Waste,0.0
2008-12-01,Learning & Leisure,ROTHWELL LC - SPO279,1100L-C,Card,0.077
2008-12-01,Learning & Leisure,ROTHWELL LIBRARY - LIB104,360L-W,Gen Waste,0.088
2008-12-01,Learning & Leisure,ROTHWELL LIBRARY - LIB104,360L-C,Card,0.02
2008-12-01,Learning & Leisure,ROUNDHAY MANSION,1100L-C,Card,0.104
2008-12-01,Learning & Leisure,ROUNDHAY MANSION,660L-W,Gen Waste,0.177
2008-12-01,Learning & Leisure,SAILING CENTRE - SPO282,660L-W,Gen Waste,0.175
2008-12-01,Learning & Leisure,SCHOOLS LIBRARY SERVICE,1100L-W,Gen Waste,0.255
2008-12-01,Learning & Leisure,SCOTHALL SPORTS CENTRE - SPO152,1100L-C,Card,0.0
2008-12-01,Learning & Leisure,SCOTHALL SPORTS CENTRE - SPO152,1100L-W,Gen Waste,1.046
2008-12-01,Learning & Leisure,SCOTT HALL EYC - U8EYC195,1100L-C,Card,0.099
2008-12-01,Learning & Leisure,SCOTT HALL EYC - U8EYC195,1100L-W,Gen Waste,0.2
2008-12-01,Learning & Leisure,SEACROFT CC - U8EYC196,1100L-C,Card,0.017
2008-12-01,Learning & Leisure,SEACROFT CC - U8EYC196,1100L-W,Gen Waste,0.254
2008-12-01,Learning & Leisure,SEACROFT LIBRARY (SIDE) - LIB107,1100L-W,Gen Waste,0.269
2008-12-01,Learning & Leisure,SEACROFT LIBRARY (SIDE) - LIB107,1100L-C,Card,0.071
2008-12-01,Learning & Leisure,SHEPHERD LANE EYC - U8EYC197,1100L-C,Card,0.0
2008-12-01,Learning & Leisure,SHEPHERD LANE EYC - U8EYC197,1100L-W,Gen Waste,0.245
2008-12-01,Learning & Leisure,SOUTH LEEDS STADIUM,1100L-C,Card,0.199
2008-12-01,Learning & Leisure,SOUTH LEEDS STADIUM,1100L-W,Gen Waste,2.842
2008-12-01,Learning & Leisure,SPRINGFIELD EYC,1100L-W,Gen Waste,0.257
2008-12-01,Learning & Leisure,ST LAWRENCE HOUSE EYC - U8EYC198,1100L-C,Card,0.082
2008-12-01,Learning & Leisure,ST LAWRENCE HOUSE EYC - U8EYC198,1100L-W,Gen Waste,0.152
2008-12-01,Learning & Leisure,SWINNOW LIBRARY - LIB136,1100L-W,Gen Waste,0.0
2008-12-01,Learning & Leisure,TECHNORTH EYC - TRGEYC212,1100L-C,Card,0.187
2008-12-01,Learning & Leisure,TECHNORTH EYC - TRGEYC212,1100L-W,Gen Waste,1.055
2008-12-01,Learning & Leisure,TEMPLE NEWSAM HOUSE - MUS175,1100L-C,Card,0.076
2008-12-01,Learning & Leisure,TEMPLE NEWSAM HOUSE - MUS175,1100L-W,Gen Waste,0.284
2008-12-01,Learning & Leisure,THWAITE MILLS - MUS173,1100L-C,Card,0.051
2008-12-01,Learning & Leisure,THWAITE MILLS - MUS173,1100L-W,Gen Waste,0.206
2008-12-01,Learning & Leisure,TREETOPS COMMUNITY CENTRE,1100L-W,Gen Waste,0.0
2008-12-01,Learning & Leisure,TREETOPS COMMUNITY CENTRE,360L-W,Gen Waste,0.091
2008-12-01,Learning & Leisure,TUNSTALL ROAD CENTRE - YS270,1100L-C,Card,0.088
2008-12-01,Learning & Leisure,TUNSTALL ROAD CENTRE - YS270,1100L-W,Gen Waste,0.171
2008-12-01,Learning & Leisure,TWO WILLOWS EYC - U8EYC199,1100L-C,Card,0.079
2008-12-01,Learning & Leisure,TWO WILLOWS EYC - U8EYC199,1100L-W,Gen Waste,0.314
2008-12-01,Learning & Leisure,WEST ARDSLEY CENTRE - YS271,1100L-W,Gen Waste,0.0
2008-12-01,Learning & Leisure,WEST LEEDS FLC - TRGEYC211,1100L-C,Card,0.093
2008-12-01,Learning & Leisure,WEST LEEDS FLC - TRGEYC211,1100L-W,Gen Waste,0.535
2008-12-01,Learning & Leisure,WEST YORKSHIRE ARCHIVES DEPT - LIB1,240L-C,Card,0.0
2008-12-01,Learning & Leisure,WETHERBY LEISURE CENTRE - SPO156,1100L-W,Gen Waste,0.53
2008-12-01,Learning & Leisure,WETHERBY LIBRARY - LIB108,360L-W,Gen Waste,0.156
2008-12-01,Learning & Leisure,WHINMOOR LIBRARY - LIB126,1100L-W,Gen Waste,0.0
2008-12-01,Learning & Leisure,WINDMILL CHILDRENS CENTRE - U8EYC28,1100L-C,Card,0.06
2008-12-01,Learning & Leisure,WINDMILL CHILDRENS CENTRE - U8EYC28,1100L-W,Gen Waste,0.444
2008-12-01,Learning & Leisure,YEADON LIBRARY - LIB219,360L-W,Gen Waste,0.147
2008-12-01,Learning & Leisure,YEADON LIBRARY - LIB219,360L-C,Card,0.03
2008-12-01,Resources,CITY SERVICES - PROPERTY MAINTENANC,1100L-C,Card,0.123
2008-12-01,Resources,CITY SERVICES - PROPERTY MAINTENANC,1100L-W,Gen Waste,0.529
2008-12-01,Resources,CLEANING & SERVICES(CITY PRINT),1100L-W,Gen Waste,0.81
2008-12-01,Resources,SECURITY SERVICES,1100L-W,Gen Waste,0.262
2008-12-01,Resources,SECURITY SERVICES,1100L-C,Card,0.103
2008-12-01,Resources,TRANSPORT AGENCY 36370,1100L-C,Card,0.087
2008-12-01,Resources,TRANSPORT AGENCY 36370,1100L-W,Gen Waste,0.522
2008-12-01,Resources,WESTLAND ROAD DEPOT 77400,1100L-C,Card,0.076
2008-12-01,Resources,WESTLAND ROAD DEPOT 77400,1100L-W,Gen Waste,0.27
2008-12-01,Social Care,15 LAVENDER WALK,660L-C,Card,0.056
2008-12-01,Social Care,15 LAVENDER WALK,660L-W,Gen Waste,0.167
2008-12-01,Social Care,ACORN LODGE - Q890207,1100L-W,Gen Waste,0.207
2008-12-01,Social Care,AMBERTON COURT - S065890,1100L-C,Card,0.098
2008-12-01,Social Care,AMBERTON COURT - S065890,1100L-W,Gen Waste,0.758
2008-12-01,Social Care,APNA DAY CENTRE - S064100,1100L-W,Gen Waste,0.198
2008-12-01,Social Care,BAILEYS HOUSE - 238 - Q888998,1100L-C,Card,0.078
2008-12-01,Social Care,BAILEYS HOUSE - 238 - Q888998,1100L-W,Gen Waste,0.798
2008-12-01,Social Care,BELLE ISLE NEIGHBOURHOOD CENTRE - 9,660L-W,Gen Waste,0.184
2008-12-01,Social Care,BEWERLEY CROFT - 255 - S064200,1100L-C,Card,0.089
2008-12-01,Social Care,BEWERLEY CROFT - 255 - S064200,1100L-W,Gen Waste,0.352
2008-12-01,Social Care,BODMIN ROAD 2 - 81,660L-W,Gen Waste,0.185
2008-12-01,Social Care,BODMIN ROAD 2 - 81,660L-C,Card,0.047
2008-12-01,Social Care,BODMIN ROAD 4 - 70,660L-W,Gen Waste,0.186
2008-12-01,Social Care,BRAMLEY LAWN DC - S063921,1100L-W,Gen Waste,0.143
2008-12-01,Social Care,BRAMLEY LAWN DC - S063921,1100L-C,Card,0.065
2008-12-01,Social Care,BRAMLEY TC - 362 - S066251,1100L-C,Card,0.103
2008-12-01,Social Care,BRAMLEY TC - 362 - S066251,1100L-W,Gen Waste,0.309
2008-12-01,Social Care,BROOKSBANK - 141 Q893778,1100L-C,Card,0.025
2008-12-01,Social Care,BROOKSBANK - 141 Q893778,1100L-W,Gen Waste,0.491
2008-12-01,Social Care,BROOM COURT - 242 S066401,1100L-C,Card,0.075
2008-12-01,Social Care,BROOM COURT - 242 S066401,1100L-W,Gen Waste,0.772
2008-12-01,Social Care,BURLEY WILLOWS - 170 - S064513,1100L-C,Card,0.093
2008-12-01,Social Care,BURLEY WILLOWS - 170 - S064513,1100L-W,Gen Waste,0.503
2008-12-01,Social Care,BURLEY WILLOWS DC - 523,1100L-W,Gen Waste,0.26
2008-12-01,Social Care,CALVERLANDS DC - 516,1100L-C,Card,0.074
2008-12-01,Social Care,CALVERLANDS DC - 516,1100L-W,Gen Waste,0.246
2008-12-01,Social Care,CLIFFORD BROOKE CTR 327 - Q897660,1100L-C,Card,0.0
2008-12-01,Social Care,CLIFFORD BROOKE CTR 327 - Q897660,1100L-W,Gen Waste,0.0
2008-12-01,Social Care,COTTINGLEY COURT - 253,1100L-W,Gen Waste,0.815
2008-12-01,Social Care,COTTINGLEY COURT - 253,1100L-C,Card,0.06
2008-12-01,Social Care,CRISIS CENTRE - 353 - Q900405,1100L-C,Card,0.1
2008-12-01,Social Care,CRISIS CENTRE - 353 - Q900405,1100L-W,Gen Waste,0.268
2008-12-01,Social Care,CROSSGATES LIBRARY,1100L-C,Card,0.067
2008-12-01,Social Care,DELPH MANOR - 230 - Q829527,1100L-W,Gen Waste,1.066
2008-12-01,Social Care,DOLPHIN MANOR - S065663,1100L-C,Card,0.043
2008-12-01,Social Care,DOLPHIN MANOR - S065663,1100L-W,Gen Waste,0.642
2008-12-01,Social Care,EASDALE CLOSE,360L-W,Gen Waste,0.304
2008-12-01,Social Care,EAST LEEDS FAMILY RC  Q874041,1100L-W,Gen Waste,0.264
2008-12-01,Social Care,EASTMOOR CSU - 126 - S066405,1100L-C,Card,0.169
2008-12-01,Social Care,EASTMOOR CSU - 126 - S066405,1100L-W,Gen Waste,2.149
2008-12-01,Social Care,FAIRVIEW - S066039,1100L-C,Card,0.069
2008-12-01,Social Care,FAIRVIEW - S066039,1100L-W,Gen Waste,0.481
2008-12-01,Social Care,FARFIELD DC - S063922,660L-W,Gen Waste,0.0
2008-12-01,Social Care,FIRTHFIELDS DC - S065781,1100L-C,Card,0.055
2008-12-01,Social Care,FIRTHFIELDS DC - S065781,1100L-W,Gen Waste,0.15
2008-12-01,Social Care,FIRTHFIELDS DC - S065781,1100L-C,Card,0.0
2008-12-01,Social Care,FREDERICK HURDLE DC - 509 Q894243,1100L-C,Card,0.089
2008-12-01,Social Care,FREDERICK HURDLE DC - 509 Q894243,1100L-W,Gen Waste,0.254
2008-12-01,Social Care,GANNERS GREEN - 66 - Q874398,360L-W,Gen Waste,0.241
2008-12-01,Social Care,GRANGE COURT - S063964,1100L-C,Card,0.11
2008-12-01,Social Care,GRANGE COURT - S063964,1100L-W,Gen Waste,0.398
2008-12-01,Social Care,GREEN THE - 176 - S066593,1100L-W,Gen Waste,0.516
2008-12-01,Social Care,GREEN THE DC - S066593,1100L-C,Card,0.081
2008-12-01,Social Care,GREEN THE DC - S066593,1100L-W,Gen Waste,0.27
2008-12-01,Social Care,HARRY BOOTH HOUSE - S063957,1100L-C,Card,0.097
2008-12-01,Social Care,HARRY BOOTH HOUSE - S063957,1100L-W,Gen Waste,0.67
2008-12-01,Social Care,HEALEY CROFT - 229,1100L-W,Gen Waste,0.405
2008-12-01,Social Care,HOLBECK DC - S063712,1100L-C,Card,0.066
2008-12-01,Social Care,HOLBECK DC - S063712,1100L-W,Gen Waste,0.275
2008-12-01,Social Care,HOME LEA HOUSE - S064059,1100L-C,Card,0.069
2008-12-01,Social Care,HOME LEA HOUSE - S064059,1100L-W,Gen Waste,0.591
2008-12-01,Social Care,HORSFORTH - 359 - Q895809,1100L-C,Card,0.079
2008-12-01,Social Care,HORSFORTH - 359 - Q895809,1100L-W,Gen Waste,0.505
2008-12-01,Social Care,HOUGH LANE CENTRE,1100L-C,Card,0.087
2008-12-01,Social Care,HOUGH LANE CENTRE,1100L-W,Gen Waste,0.432
2008-12-01,Social Care,HUNSLET HALL - 6,1100L-W,Gen Waste,0.333
2008-12-01,Social Care,HUNSLET HALL - 6,660L-C,Card,0.054
2008-12-01,Social Care,HUNSLET HALL ANNEX,360L-C,Card,0.011
2008-12-01,Social Care,INGLEWOOD - 46 - S066331,1100L-W,Gen Waste,0.504
2008-12-01,Social Care,IVESON APPROACH - 68 - Q882007,1100L-W,Gen Waste,0.052
2008-12-01,Social Care,JOSEPH STREET - 239 - S066530,1100L-W,Gen Waste,0.254
2008-12-01,Social Care,JOSEPH STREET - 239 - S066530,1100L-C,Card,0.0
2008-12-01,Social Care,KIRKLAND HOUSE - 164 - S064209,1100L-C,Card,0.089
2008-12-01,Social Care,KIRKLAND HOUSE - 164 - S064209,1100L-W,Gen Waste,0.539
2008-12-01,Social Care,KNOWLE MANOR - S064208,1100L-W,Gen Waste,0.624
2008-12-01,Social Care,LAUREL BANK DC - S066161,1100L-C,Card,0.063
2008-12-01,Social Care,LAUREL BANK DC - S066161,1100L-W,Gen Waste,0.263
2008-12-01,Social Care,LEE GRANGE - 251,1100L-W,Gen Waste,0.605
2008-12-01,Social Care,LEE GRANGE - 251,240L-W,Gen Waste,0.0
2008-12-01,Social Care,LEEDS CTR INTERGR LIV - 340 Q892988,1100L-C,Card,0.093
2008-12-01,Social Care,LEEDS CTR INTERGR LIV - 340 Q892988,1100L-W,Gen Waste,0.372
2008-12-01,Social Care,LINCOLNFIELDS DC - 501 - S063821,1100L-C,Card,0.06
2008-12-01,Social Care,LINCOLNFIELDS DC - 501 - S063821,1100L-W,Gen Waste,0.246
2008-12-01,Social Care,LUTTRELL CRESCENT - 72,660L-W,Gen Waste,0.194
2008-12-01,Social Care,MANORFIELD HOUSE - 161 - Q897775,1100L-C,Card,0.113
2008-12-01,Social Care,MANORFIELD HOUSE - 161 - Q897775,1100L-W,Gen Waste,0.512
2008-12-01,Social Care,MARINERS DC - 332 - S066141,1100L-C,Card,0.067
2008-12-01,Social Care,MARINERS DC - 332 - S066141,1100L-W,Gen Waste,0.336
2008-12-01,Social Care,MAWCROFT GRANGE - 234,1100L-W,Gen Waste,0.517
2008-12-01,Social Care,MIDDLECROSS - HOP,1100L-W,Gen Waste,0.537
2008-12-01,Social Care,MIDDLECROSS DC - 512 - S065939,1100L-C,Card,0.097
2008-12-01,Social Care,MIDDLECROSS DC - 512 - S065939,1100L-W,Gen Waste,0.252
2008-12-01,Social Care,MIDDLETON ADVICE CENTRE - 594,1100L-C,Card,0.0
2008-12-01,Social Care,MIDDLETON ADVICE CENTRE - 594,1100L-W,Gen Waste,0.253
2008-12-01,Social Care,MOOR END TC - 358 - Q896765,1100L-C,Card,0.078
2008-12-01,Social Care,MOOR END TC - 358 - Q896765,1100L-W,Gen Waste,0.531
2008-12-01,Social Care,MUSGRAVE COURT - 168 - S066540,1100L-W,Gen Waste,0.322
2008-12-01,Social Care,NABURN COURT DC - 316 - S066370,1100L-C,Card,0.084
2008-12-01,Social Care,NABURN COURT DC - 316 - S066370,1100L-W,Gen Waste,0.249
2008-12-01,Social Care,NORTHWEST LEEDS FAMILY RC - 69,240L-W,Gen Waste,0.151
2008-12-01,Social Care,OLD MIDDLETON OFFICE,1100L-W,Gen Waste,0.0
2008-12-01,Social Care,OLD MIDDLETON OFFICE,660L-C,Card,0.046
2008-12-01,Social Care,OLD MIDDLETON OFFICE,660L-W,Gen Waste,0.18
2008-12-01,Social Care,OSMONDTHORPE RES CTR - 331 Q892091,1100L-C,Card,0.06
2008-12-01,Social Care,OSMONDTHORPE RES CTR - 331 Q892091,1100L-W,Gen Waste,0.421
2008-12-01,Social Care,PARKLEES HOP -,1100L-C,Card,0.108
2008-12-01,Social Care,PARKLEES HOP -,1100L-W,Gen Waste,0.439
2008-12-01,Social Care,PINFOLDS - 243,1100L-C,Card,0.082
2008-12-01,Social Care,PINFOLDS - 243,1100L-W,Gen Waste,0.533
2008-12-01,Social Care,POTTERNEWTON - 367 - S063891,1100L-W,Gen Waste,0.771
2008-12-01,Social Care,POTTERNEWTON - 367 - S063891,660L-C,Card,0.0
2008-12-01,Social Care,PRIMROSE HILL - 171 S065699,1100L-W,Gen Waste,0.516
2008-12-01,Social Care,QUEENSWOOD DRIVE DC - S065697,1100L-C,Card,0.08
2008-12-01,Social Care,QUEENSWOOD DRIVE DC - S065697,1100L-W,Gen Waste,0.0
2008-12-01,Social Care,QUEENSWOOD DRIVE DC - S065697,660L-W,Gen Waste,0.18
2008-12-01,Social Care,RADCLIFFE LANE DC -  S066696,1100L-C,Card,0.112
2008-12-01,Social Care,RADCLIFFE LANE DC -  S066696,1100L-W,Gen Waste,0.155
2008-12-01,Social Care,RAMSHEAD WOOD - 363,1100L-C,Card,0.078
2008-12-01,Social Care,RAMSHEAD WOOD - 363,1100L-W,Gen Waste,0.509
2008-12-01,Social Care,RAYNELL DRIVE - 444 Q862300,1100L-W,Gen Waste,0.26
2008-12-01,Social Care,RAYNELL DRIVE - 444 Q862300,660L-W,Gen Waste,0.0
2008-12-01,Social Care,RICHMOND HILL DC - 322 S063822,1100L-W,Gen Waste,0.054
2008-12-01,Social Care,RICHMOND HOUSE - S065911,1100L-W,Gen Waste,0.396
2008-12-01,Social Care,RICHMOND HOUSE - S065911,1100L-C,Card,0.094
2008-12-01,Social Care,RIDGESIDE,1100L-W,Gen Waste,0.531
2008-12-01,Social Care,RIDGESIDE,240L-W,Gen Waste,0.155
2008-12-01,Social Care,RIDGESIDE - BETHANY,240L-W,Gen Waste,0.081
2008-12-01,Social Care,RIDGESIDE - HALFWAY HOUSE,240L-W,Gen Waste,0.069
2008-12-01,Social Care,ROOS COURT - 235 - Q859440,1100L-W,Gen Waste,0.527
2008-12-01,Social Care,ROSE FARM DC - 314 - Q880559,1100L-C,Card,0.0
2008-12-01,Social Care,ROSE FARM DC - 314 - Q880559,1100L-W,Gen Waste,0.316
2008-12-01,Social Care,ROSEVILLE ENTERPRISE PARK,660L-C,Card,0.052
2008-12-01,Social Care,ROSSEDENE - 231 - Q849090,1100L-W,Gen Waste,0.64
2008-12-01,Social Care,ROTHWELL- A T C - S064341,1100L-C,Card,0.055
2008-12-01,Social Care,ROTHWELL- A T C - S064341,1100L-C,Card,0.044
2008-12-01,Social Care,ROTHWELL- A T C - S064341,1100L-W,Gen Waste,0.306
2008-12-01,Social Care,SIEGEN DC 325 - S064988,1100L-W,Gen Waste,0.154
2008-12-01,Social Care,SIEGEN MANOR HOP AND CENTRE - 169,1100L-C,Card,0.09
2008-12-01,Social Care,SIEGEN MANOR HOP AND CENTRE - 169,1100L-W,Gen Waste,0.411
2008-12-01,Social Care,SPEN CROFT HOSTEL - Q884463,1100L-C,Card,0.073
2008-12-01,Social Care,SPEN CROFT HOSTEL - Q884463,1100L-W,Gen Waste,0.26
2008-12-01,Social Care,SPEN CROFT HOSTEL - Q884463,1100L-W,Gen Waste,0.274
2008-12-01,Social Care,SPRING GARDENS - 162 Q895017,1100L-W,Gen Waste,0.519
2008-12-01,Social Care,SPRING GARDENS ANNEXE - S063961,1100L-W,Gen Waste,0.25
2008-12-01,Social Care,SPRINGFIELD DC - 519 - S066010,1100L-C,Card,0.07
2008-12-01,Social Care,SPRINGFIELD DC - 519 - S066010,1100L-W,Gen Waste,0.28
2008-12-01,Social Care,SQUIRREL WAY - 82 Q892331,1100L-C,Card,0.083
2008-12-01,Social Care,SQUIRREL WAY - 82 Q892331,1100L-W,Gen Waste,0.641
2008-12-01,Social Care,ST CATHERINES DRIVE - 77,1100L-W,Gen Waste,0.221
2008-12-01,Social Care,STOCKS HILL DC - 345 Q878493,1100L-C,Card,0.103
2008-12-01,Social Care,STOCKS HILL DC - 345 Q878493,1100L-W,Gen Waste,0.274
2008-12-01,Social Care,SUFFOLK COURT - 137 - Q894346,1100L-C,Card,0.104
2008-12-01,Social Care,SUFFOLK COURT - 137 - Q894346,1100L-W,Gen Waste,0.491
2008-12-01,Social Care,TEMPLARS CROFT - 233 - S065942,1100L-W,Gen Waste,0.543
2008-12-01,Social Care,THE VALE DC - 347 - S064298,1100L-C,Card,0.056
2008-12-01,Social Care,THE VALE DC - 347 - S064298,1100L-W,Gen Waste,0.267
2008-12-01,Social Care,WEST ARDSLEY  ATC- S065913,1100L-C,Card,0.055
2008-12-01,Social Care,WEST ARDSLEY  ATC- S065913,1100L-W,Gen Waste,0.595
2008-12-01,Social Care,WETHERBY DAY SERVICES - S065123,1100L-W,Gen Waste,0.51
2008-12-01,Social Care,WHITE ROSE HOUSE - 2,1100L-C,Card,0.092
2008-12-01,Social Care,WHITE ROSE HOUSE - 2,1100L-W,Gen Waste,0.539
2008-12-01,Social Care,WINDLESFORD GREEN - 232,1100L-W,Gen Waste,0.419
2008-12-01,Social Care,WOOD LANE,1100L-W,Gen Waste,0.288
2008-12-01,Social Care,WOOD LANE,1100L-W,Gen Waste,0.264
2008-12-01,Social Care,WOODHOUSE DC - S063840,1100L-C,Card,0.092
2008-12-01,Social Care,WOODHOUSE DC - S063840,1100L-W,Gen Waste,0.26
2008-12-01,Social Care,WYKEBECK VALLEY DC - 317,1100L-C,Card,0.068
2008-12-01,Social Care,WYKEBECK VALLEY DC - 317,1100L-W,Gen Waste,0.255
2008-12-01,Social Care,YOUTH JUSTICE SERVICE,1100L-W,Gen Waste,0.24
2008-12-01,Social Care,YOUTH OFFENDING TEAM,1100L-C,Card,0.073
2008-12-01,Social Care,YOUTH OFFENDING TEAM,1100L-W,Gen Waste,0.265
2008-12-01,TBC,CITY ART GALLERY - MUS285,1100L-W,Gen Waste,0.689
2008-12-01,TBC,LEDSTON LUCK ENTERPRISE PARK,1100L-W,Gen Waste,0.1
2008-12-01,TBC,LEEDS C C - EVENTS TEAM,1100L-W,Gen Waste,16.847
2008-12-01,TBC,LEEDS C C - EVENTS TEAM,240L-W,Gen Waste,0.0
2008-12-01,TBC,LEEDS C C - EVENTS TEAM,360L-W,Gen Waste,3.275
2008-12-01,TBC,WESTHOLME - 183 - S066464,1100L-C,Card,0.077
2008-12-01,TBC,WESTHOLME - 183 - S066464,1100L-W,Gen Waste,0.496
2008-12-01,W ALMO,BRAMLEY NHO,1100L-W,Gen Waste,0.151
2008-12-01,W ALMO,BRAMLEY NHO,1100L-C,Card,0.078
2008-12-01,W ALMO,HORSFORTH NHO,660L-W,Gen Waste,0.182
2008-12-01,W ALMO,HORSFORTH NHO,660L-C,Card,0.058
2008-12-01,W ALMO,HOUSING REGISTER,360L-W,Gen Waste,0.14
2008-12-01,W ALMO,KIRKSTALL NHO,1100L-W,Gen Waste,0.251
2008-12-01,W ALMO,KIRKSTALL NHO,1100L-C,Card,0.083
2008-12-01,W ALMO,PROGRESS HOUSE,1100L-W,Gen Waste,0.154
2008-12-01,W ALMO,PROGRESS HOUSE,1100L-C,Card,0.091
2008-12-01,W ALMO,SILVER ROYD HILL,1100L-W,Gen Waste,0.261
2008-12-01,W ALMO,SILVER ROYD HILL,1100L-C,Card,0.088
2008-12-01,W ALMO,WEETWOOD NHO,360L-W,Gen Waste,0.15
2008-12-01,W ALMO,WEETWOOD NHO,360L-C,Card,0.03
2008-12-01,W ALMO,WESTFIELD CHAMBERS,1100L-W,Gen Waste,0.275
2008-12-01,W ALMO,WESTFIELD CHAMBERS,1100L-C,Card,0.082
2008-12-01,W ALMO,WESTFIELD HOUSE,1100L-W,Gen Waste,0.248
2008-12-01,W ALMO,WORTLEY NHO,1100L-W,Gen Waste,0.218
2009-01-01,AIRE ALMO,"NAVAGATION HOUSE, LEEDS SOUTH HOMES",1100L-C,Card,0.091
2009-01-01,AIRE ALMO,"NAVAGATION HOUSE, LEEDS SOUTH HOMES",1100L-W,Gen Waste,0.411
2009-01-01,AIRE ALMO,SWARCLIFFE NHO,1100L-C,Card,0.0
2009-01-01,AIRE ALMO,SWARCLIFFE NHO,1100L-W,Gen Waste,0.217
2009-01-01,AIRE ALMO,SWARCLIFFE NHO,660L-C,Card,0.063
2009-01-01,City Development,ARKITECTURAL DESIGN,1100L-C,Card,0.121
2009-01-01,City Development,ARKITECTURAL DESIGN,1100L-W,Gen Waste,0.409
2009-01-01,City Development,PUDSEY MARKETS,1100L-C,Card,1.326
2009-01-01,City Development,PUDSEY MARKETS,1100L-W,Gen Waste,2.737
2009-01-01,City Development,TAXI LICENSING,1100L-C,Card,0.089
2009-01-01,City Development,TAXI LICENSING,1100L-W,Gen Waste,0.211
2009-01-01,City Services,AIREBOROUGH NEW ROADSIDE 03044,1100L-C,Card,0.0
2009-01-01,City Services,AIREBOROUGH NEW ROADSIDE 03044,1100L-W,Gen Waste,0.0
2009-01-01,City Services,ALLERTON BYWATER CENTRE - YS220,360L-W,Gen Waste,0.11
2009-01-01,City Services,ALLERTON BYWATER CENTRE - YS220,360L-C,Card,0.028
2009-01-01,City Services,ALSTON LANE CENTRE - YS221,660L-W,Gen Waste,0.142
2009-01-01,City Services,APEX HOUSE,1100L-C,Card,0.22
2009-01-01,City Services,APEX HOUSE,1100L-W,Gen Waste,0.948
2009-01-01,City Services,APEX HOUSE,660L-C,Card,0.077
2009-01-01,City Services,ARMLEY OSC 03082,1100L-C,Card,0.139
2009-01-01,City Services,ARMLEY OSC 03082,1100L-W,Gen Waste,0.23
2009-01-01,City Services,BANGLADESHI CENTRE - YS223,1100L-C,Card,0.111
2009-01-01,City Services,BANGLADESHI CENTRE - YS223,1100L-W,Gen Waste,0.305
2009-01-01,City Services,BARLEYFIELDS CENTRE - YS224,660L-W,Gen Waste,0.143
2009-01-01,City Services,BELGRAVE HOUSE,1100L-C,Card,0.152
2009-01-01,City Services,BELGRAVE HOUSE,1100L-W,Gen Waste,0.422
2009-01-01,City Services,BLACKBURN HALL - AET143,1100L-W,Gen Waste,0.427
2009-01-01,City Services,BOSTON SPA CENTRE - YS226,660L-W,Gen Waste,0.148
2009-01-01,City Services,CANON HOUSE 03025,1100L-C,Card,0.118
2009-01-01,City Services,CANON HOUSE 03026,1100L-W,Gen Waste,0.468
2009-01-01,City Services,CANON HOUSE 03027,1100L-W,Gen Waste,0.464
2009-01-01,City Services,CATERING - BEESTON PRIMARY,1100L-W,Gen Waste,0.296
2009-01-01,City Services,CIVIC HALL - CITY SERVICES DEPT,660L-C,Card,4.593
2009-01-01,City Services,CIVIC HALL - CITY SERVICES DEPT,660L-W,Gen Waste,3.082
2009-01-01,City Services,CIVIC HALL - CITY SERVICES DEPT,1100L-C,Card,0.0
2009-01-01,City Services,CROSS GREEN CENTRE - YS230,1100L-W,Gen Waste,0.232
2009-01-01,City Services,CROSSGATES CENTRE - YS231,1100L-C,Card,0.074
2009-01-01,City Services,CROSSGATES CENTRE - YS231,1100L-W,Gen Waste,0.105
2009-01-01,City Services,DEWSBURY ROAD OSC 03083,1100L-C,Card,0.081
2009-01-01,City Services,DEWSBURY ROAD OSC 03083,1100L-W,Gen Waste,0.397
2009-01-01,City Services,EBOR GARDENS COMM CENT- YS233,1100L-C,Card,0.103
2009-01-01,City Services,EBOR GARDENS COMM CENT- YS233,1100L-W,Gen Waste,0.211
2009-01-01,City Services,EVOLUTION HOUSE,1100L-C,Card,0.124
2009-01-01,City Services,EVOLUTION HOUSE,1100L-W,Gen Waste,0.413
2009-01-01,City Services,FIELDHEAD CARR CENTRE - YS234,660L-W,Gen Waste,0.112
2009-01-01,City Services,FIR TREE SCHOOL,1100L-W,Gen Waste,0.0
2009-01-01,City Services,GARFORTH OSC - MAIN STREET 03051,1100L-C,Card,0.104
2009-01-01,City Services,GARFORTH OSC - MAIN STREET 03051,1100L-W,Gen Waste,0.212
2009-01-01,City Services,GILDERSOME YOUTH CENTRE,1100L-W,Gen Waste,0.196
2009-01-01,City Services,HAREHILLS PLACE COMMUNITY CENTRE,1100L-W,Gen Waste,0.207
2009-01-01,City Services,HEADINGLEY COMMUNITY CENTRE,1100L-W,Gen Waste,0.212
2009-01-01,City Services,HEADINGLEY COMMUNITY CENTRE,660L-C,Card,0.075
2009-01-01,City Services,HENRY BARRAN CENTRE - YS240,1100L-C,Card,0.104
2009-01-01,City Services,HENRY BARRAN CENTRE - YS240,1100L-W,Gen Waste,0.405
2009-01-01,City Services,HOLBECK YOUTH CENTRE,1100L-W,Gen Waste,0.0
2009-01-01,City Services,HOLBECK YOUTH CENTRE,660L-W,Gen Waste,0.141
2009-01-01,City Services,HOUGH TOP COURT 03027,1100L-C,Card,0.252
2009-01-01,City Services,HOUGH TOP COURT 03027,1100L-W,Gen Waste,0.987
2009-01-01,City Services,KENTMERE CENTRE - YS244,1100L-C,Card,0.106
2009-01-01,City Services,KENTMERE CENTRE - YS244,1100L-W,Gen Waste,0.211
2009-01-01,City Services,KIPPAX YOUTH CENTRE,660L-W,Gen Waste,0.076
2009-01-01,City Services,KNOWSTHORPE GATE SUPPORT SER 43390,1100L-C,Card,0.181
2009-01-01,City Services,LANDMARK COURT,1100L-C,Card,0.102
2009-01-01,City Services,LANDMARK COURT,1100L-W,Gen Waste,0.224
2009-01-01,City Services,LINCOLN GREEN YOUTH CENTRE,1100L-W,Gen Waste,0.197
2009-01-01,City Services,LITTLE LONDON COMMUNITY CENTRE,1100L-W,Gen Waste,0.204
2009-01-01,City Services,LITTLE LONDON COMMUNITY CENTRE,1100L-C,Card,0.114
2009-01-01,City Services,MANDELA CENTRE,1100L-C,Card,0.095
2009-01-01,City Services,MANDELA CENTRE,1100L-W,Gen Waste,0.736
2009-01-01,City Services,MEANWOOD COMMUNITY CENTRE,1100L-W,Gen Waste,0.198
2009-01-01,City Services,MEANWOOD COMMUNITY CENTRE,1100L-C,Card,0.116
2009-01-01,City Services,MERRION HOUSE,1100L-C,Card,0.348
2009-01-01,City Services,MERRION HOUSE,1100L-W,Gen Waste,4.369
2009-01-01,City Services,MERRION HOUSE,360L-C,Card,0.268
2009-01-01,City Services,MERRION HOUSE,660L-C,Card,0.508
2009-01-01,City Services,METHLEY CENTRE,1100L-W,Gen Waste,0.212
2009-01-01,City Services,MICKLEFIELD YOUTH CENTRE,1100L-W,Gen Waste,0.335
2009-01-01,City Services,MICKLEFIELD YOUTH CENTRE,660L-C,Card,0.0
2009-01-01,City Services,MIDDLETON PARK HIGHWAYS 03034,1100L-C,Card,0.446
2009-01-01,City Services,MIDDLETON PARK HIGHWAYS 03034,1100L-W,Gen Waste,0.809
2009-01-01,City Services,MIDDLETON SKILLS CENTRE - YS253,1100L-C,Card,0.109
2009-01-01,City Services,MIDDLETON SKILLS CENTRE - YS253,1100L-W,Gen Waste,0.222
2009-01-01,City Services,MORLEY TOWN HALL 03060,1100L-C,Card,0.171
2009-01-01,City Services,MORLEY TOWN HALL 03060,1100L-W,Gen Waste,0.53
2009-01-01,City Services,NOWELL MOUNT CENTRE - YS254,1100L-W,Gen Waste,0.224
2009-01-01,City Services,OLD COCKBURN SPORTS HALL,1100L-W,Gen Waste,0.256
2009-01-01,City Services,OSMONDTHORPE OSC 03085,1100L-C,Card,0.106
2009-01-01,City Services,OSMONDTHORPE OSC 03085,1100L-W,Gen Waste,0.403
2009-01-01,City Services,OTLEY A O 03066,1100L-W,Gen Waste,0.202
2009-01-01,City Services,PAKISTANI CENTRE - YS256,1100L-C,Card,0.0
2009-01-01,City Services,PALACE PROJECT - YS257,1100L-W,Gen Waste,0.0
2009-01-01,City Services,PALACE PROJECT - YS257,660L-W,Gen Waste,0.136
2009-01-01,City Services,PRINCE PHILLIP CENTRE - YS258,1100L-C,Card,0.143
2009-01-01,City Services,PRINCE PHILLIP CENTRE - YS258,1100L-W,Gen Waste,0.397
2009-01-01,City Services,PUDSEY TOWN HALL 03071,1100L-W,Gen Waste,0.48
2009-01-01,City Services,PUDSEY TOWN HALL 03071,660L-C,Card,0.158
2009-01-01,City Services,RICHMOND HILL CENTRE - YS259,1100L-W,Gen Waste,0.204
2009-01-01,City Services,RICHMOND HILL CENTRE - YS259,660L-W,Gen Waste,0.0
2009-01-01,City Services,RICHMOND HILL CENTRE - YS259,660L-C,Card,0.071
2009-01-01,City Services,ROSE LUND CENTRE - YS260,660L-W,Gen Waste,0.149
2009-01-01,City Services,ROTHWELL A O - 03074,1100L-C,Card,0.099
2009-01-01,City Services,ROTHWELL A O - 03074,1100L-W,Gen Waste,0.209
2009-01-01,City Services,SOUTH GIPTON CENTRE - YS263,1100L-W,Gen Waste,0.227
2009-01-01,City Services,SOUTH LEEDS FLC,1100L-C,Card,0.125
2009-01-01,City Services,SOUTH LEEDS FLC,1100L-W,Gen Waste,1.444
2009-01-01,City Services,SOUTH SEACROFT OSC,1100L-C,Card,0.069
2009-01-01,City Services,SOUTH SEACROFT OSC,660L-C,Card,0.126
2009-01-01,City Services,SOUTH SEACROFT OSC,660L-W,Gen Waste,0.437
2009-01-01,City Services,ST GABRIELS CENTRE - YS264,660L-W,Gen Waste,0.142
2009-01-01,City Services,ST GEORGES CENTRE 03036,1100L-C,Card,0.19
2009-01-01,City Services,ST GEORGES CENTRE 03036,1100L-W,Gen Waste,0.435
2009-01-01,City Services,ST GREGORYS Y & A CENTRE,1100L-C,Card,0.098
2009-01-01,City Services,ST GREGORYS Y & A CENTRE,1100L-W,Gen Waste,0.207
2009-01-01,City Services,ST MATTHEWS CENTRE - YS266,1100L-W,Gen Waste,0.207
2009-01-01,City Services,ST MATTHEWS CENTRE - YS266,1100L-C,Card,0.086
2009-01-01,City Services,STANHOPE DRIVE YOUTH CENTRE,660L-W,Gen Waste,0.11
2009-01-01,City Services,STRAWBERRY LANE CENTRE - YS268,1100L-C,Card,0.096
2009-01-01,City Services,STRAWBERRY LANE CENTRE - YS268,1100L-W,Gen Waste,0.205
2009-01-01,City Services,THE LEONARDO BUILDING 03020,1100L-C,Card,1.753
2009-01-01,City Services,THE LEONARDO BUILDING 03020,1100L-W,Gen Waste,1.1
2009-01-01,City Services,THORESBY HOUSE 03017,1100L-C,Card,4.328
2009-01-01,City Services,THORESBY HOUSE 03017,1100L-W,Gen Waste,2.186
2009-01-01,City Services,TINGLEY YOUTH & COMMUNITY CENTRE,660L-W,Gen Waste,0.142
2009-01-01,City Services,WELFARE RIGHTS UNIT,1100L-W,Gen Waste,0.207
2009-01-01,City Services,WELFARE RIGHTS UNIT,660L-C,Card,0.069
2009-01-01,City Services,WESTON LANE CENTRE - YS272,1100L-W,Gen Waste,0.216
2009-01-01,City Services,WETHERBY A O 03078,1100L-W,Gen Waste,0.216
2009-01-01,City Services,WINDMILL YOUTH CENTRE,1100L-W,Gen Waste,0.212
2009-01-01,City Services,WINDMILL YOUTH CENTRE,1100L-C,Card,0.093
2009-01-01,City Services,WOODHOUSE COMMUNITY CENTRE,1100L-W,Gen Waste,0.206
2009-01-01,City Services,WOODHOUSE COMMUNITY CENTRE,1100L-C,Card,0.119
2009-01-01,City Services,WOODSLEY ROAD CENTRE - YS275,1100L-W,Gen Waste,0.428
2009-01-01,City Services,YEADON TOWN HALL - AET149,1100L-C,Card,0.119
2009-01-01,City Services,YEADON TOWN HALL - AET149,1100L-W,Gen Waste,0.403
2009-01-01,E ALMO,BUILDING SERVICES,1100L-C,Card,0.074
2009-01-01,E ALMO,BUILDING SERVICES,1100L-W,Gen Waste,0.222
2009-01-01,E ALMO,BURMANTOFTS NH,1100L-W,Gen Waste,0.191
2009-01-01,E ALMO,BURMANTOFTS NH,1100L-C,Card,0.072
2009-01-01,E ALMO,BUTTON HILL COMMUNITY CENTRE,1100L-W,Gen Waste,0.377
2009-01-01,E ALMO,GIPTON NHO,660L-W,Gen Waste,0.149
2009-01-01,E ALMO,GIPTON NHO,660L-C,Card,0.058
2009-01-01,E ALMO,HAREHILLS & CHAPEL TOWN NHO,1100L-W,Gen Waste,0.155
2009-01-01,E ALMO,HAREHILLS & CHAPEL TOWN NHO,1100L-C,Card,0.115
2009-01-01,E ALMO,MEANWOOD NHO,1100L-W,Gen Waste,0.221
2009-01-01,E ALMO,MOORTOWN NHO,1100L-W,Gen Waste,0.242
2009-01-01,E ALMO,MOORTOWN NHO,1100L-C,Card,0.11
2009-01-01,E ALMO,RICHOMOND HILL NHO,660L-W,Gen Waste,0.141
2009-01-01,E ALMO,SEACROFT NORTH 0SS - S066640,1100L-C,Card,0.025
2009-01-01,E ALMO,SEACROFT NORTH 0SS - S066640,1100L-W,Gen Waste,0.204
2009-01-01,E ALMO,TRIBECA HOUSE,1100L-C,Card,0.0
2009-01-01,E ALMO,TRIBECA HOUSE,1100L-W,Gen Waste,0.0
2009-01-01,E ALMO,TRIBECA HOUSE,660L-C,Card,0.144
2009-01-01,E ALMO,TRIBECA HOUSE,660L-W,Gen Waste,0.437
2009-01-01,E ALMO,TRIBECA HOUSE,360L-W,Gen Waste,0.057
2009-01-01,Education Leeds/Schools,ARTEMIS,1100L-W,Gen Waste,0.226
2009-01-01,Education Leeds/Schools,BEECHWOOD PRIMARY SCHOOL,1100L-W,Gen Waste,0.0
2009-01-01,Education Leeds/Schools,BLENHEIM CENTRE,1100L-W,Gen Waste,0.226
2009-01-01,Education Leeds/Schools,BLENHEIM CENTRE,1100L-W,Gen Waste,0.199
2009-01-01,Education Leeds/Schools,BLENHEIM CENTRE,1100L-W,Gen Waste,0.213
2009-01-01,Education Leeds/Schools,BLENHEIM CENTRE,1100L-C,Card,0.0
2009-01-01,Education Leeds/Schools,BRUDENELL PRIMARY SCHOOL,1100L-W,Gen Waste,0.608
2009-01-01,Education Leeds/Schools,CALVERLEY C OF E PRIMARY SCHOOL,1100L-C,Card,0.0
2009-01-01,Education Leeds/Schools,CALVERLEY C OF E PRIMARY SCHOOL,1100L-W,Gen Waste,0.0
2009-01-01,Education Leeds/Schools,CHAPEL ALLERTON PRIMARY SCHOOL,1100L-W,Gen Waste,0.0
2009-01-01,Education Leeds/Schools,ELMETE CENTRE,1100L-C,Card,0.131
2009-01-01,Education Leeds/Schools,ELMETE CENTRE,1100L-C,Card,0.107
2009-01-01,Education Leeds/Schools,ELMETE CENTRE,1100L-W,Gen Waste,0.458
2009-01-01,Education Leeds/Schools,ELMETE CENTRE,1100L-W,Gen Waste,0.456
2009-01-01,Education Leeds/Schools,ELMETE CENTRE,1100L-W,Gen Waste,0.487
2009-01-01,Education Leeds/Schools,GRAFTON SITE,1100L-C,Card,0.079
2009-01-01,Education Leeds/Schools,GRAFTON SITE,1100L-W,Gen Waste,0.212
2009-01-01,Education Leeds/Schools,HAREWOOD C OF E PRIMARY SCHOOL,1100L-W,Gen Waste,0.0
2009-01-01,Education Leeds/Schools,HORSFORTH NEWLAITHES SCHOOL,1100L-W,Gen Waste,0.0
2009-01-01,Education Leeds/Schools,HORSFORTH SCHOOL,1100L-C,Card,0.514
2009-01-01,Education Leeds/Schools,HORSFORTH SCHOOL,1100L-W,Gen Waste,2.485
2009-01-01,Education Leeds/Schools,IVESON PRIMARY SCHOOL - CARD,1100L-C,Card,0.0
2009-01-01,Education Leeds/Schools,IVESON PRIMARY SCOOL - GEN,1100L-W,Gen Waste,0.0
2009-01-01,Education Leeds/Schools,ROYDS SCHOOL,1100L-C,Card,0.0
2009-01-01,Education Leeds/Schools,ROYDS SCHOOL SPECIALIST LANGUAGE COLLEGE,1100L-W,Gen Waste,0.0
2009-01-01,Education Leeds/Schools,SOUTH PUDSEY COMMUNITY CENTRE,1100L-W,Gen Waste,0.24
2009-01-01,Education Leeds/Schools,SOUTH PUDSEY COMMUNITY CENTRE,1100L-C,Card,0.123
2009-01-01,Education Leeds/Schools,SOUTH PUDSEY COMMUNITY CENTRE,1100L-W,Gen Waste,0.0
2009-01-01,Education Leeds/Schools,ST ANTHONY'S CATHOLIC PRIMARY SCHOOL,1100L-C,Card,0.0
2009-01-01,Education Leeds/Schools,ST ANTHONY'S CATHOLIC PRIMARY SCHOOL,1100L-W,Gen Waste,0.0
2009-01-01,Education Leeds/Schools,THE BEST HOUSE,360L-W,Gen Waste,0.099
2009-01-01,Education Leeds/Schools,WEST END PRIMARY SCHOOL,1100L-C,Card,0.108
2009-01-01,Education Leeds/Schools,WEST END PRIMARY SCHOOL,1100L-W,Gen Waste,0.627
2009-01-01,Education Leeds/Schools,WEST PARK CENTRE,1100L-C,Card,0.124
2009-01-01,Education Leeds/Schools,WEST PARK CENTRE,1100L-C,Card,0.107
2009-01-01,Education Leeds/Schools,WEST PARK CENTRE,1100L-W,Gen Waste,0.2
2009-01-01,Education Leeds/Schools,WEST PARK CENTRE,1100L-W,Gen Waste,0.208
2009-01-01,Education Leeds/Schools,WEST PARK CENTRE,1100L-W,Gen Waste,0.211
2009-01-01,Education Leeds/Schools,WEST PARK CENTRE,1100L-W,Gen Waste,0.206
2009-01-01,Education Leeds/Schools,WESTERTON PRIMARY SCHOOL,1100L-C,Card,0.0
2009-01-01,Education Leeds/Schools,WESTERTON PRIMARY SCHOOL,1100L-W,Gen Waste,0.0
2009-01-01,Environment & Neighbourhoods,AIRE VALLEY TEAM - BELLE ISLE FOUND,660L-C,Card,0.064
2009-01-01,Environment & Neighbourhoods,AIRE VALLEY TEAM - BELLE ISLE FOUND,660L-W,Gen Waste,0.149
2009-01-01,Environment & Neighbourhoods,EAST KESWICK HALL (LCC),1100L-W,Gen Waste,0.0
2009-01-01,Environment & Neighbourhoods,EAST LEEDS AREA MANAGEMENT TEAM,1100L-C,Card,0.103
2009-01-01,Environment & Neighbourhoods,EAST LEEDS AREA MANAGEMENT TEAM,1100L-W,Gen Waste,0.195
2009-01-01,Environment & Neighbourhoods,ENVIROMENTAL HEALTH NEW ADD,660L-C,Card,0.0
2009-01-01,Environment & Neighbourhoods,ENVIROMENTAL HEALTH NEW ADD,660L-W,Gen Waste,0.137
2009-01-01,Environment & Neighbourhoods,ENVIROMENTAL HEALTH NEW ADD,1100L-C,Card,0.0
2009-01-01,Environment & Neighbourhoods,HILLSIDE HOSTEL,1100L-C,Card,0.142
2009-01-01,Environment & Neighbourhoods,HILLSIDE HOSTEL,1100L-W,Gen Waste,0.807
2009-01-01,Environment & Neighbourhoods,KIRKGATE CHAMBERS,1100L-C,Card,0.0
2009-01-01,Environment & Neighbourhoods,KIRKGATE CHAMBERS,240L-C,Card,0.0
2009-01-01,Environment & Neighbourhoods,KIRKGATE CHAMBERS,360L-C,Card,0.034
2009-01-01,Environment & Neighbourhoods,KIRKGATE CHAMBERS,360L-C,Card,0.0
2009-01-01,Environment & Neighbourhoods,LEEDS COMMUNITY SAFETY,660L-C,Card,0.064
2009-01-01,Environment & Neighbourhoods,LEEDS COMMUNITY SAFETY,660L-W,Gen Waste,0.0
2009-01-01,Environment & Neighbourhoods,LEEDS COMMUNITY SAFETY,660L-C,Card,0.0
2009-01-01,Environment & Neighbourhoods,MILLSHAW ENVIRONMENTAL HEALTH OFFICE,1100L-C,Card,0.098
2009-01-01,Environment & Neighbourhoods,MILLSHAW ENVIRONMENTAL HEALTH OFFICE,1100L-W,Gen Waste,0.197
2009-01-01,Environment & Neighbourhoods,PENNINGTON PLACE,1100L-W,Gen Waste,0.644
2009-01-01,Environment & Neighbourhoods,RESETTLEMENT SERVICES,1100L-W,Gen Waste,0.0
2009-01-01,Environment & Neighbourhoods,RESETTLEMENT SERVICES,1100L-C,Card,0.019
2009-01-01,Environment & Neighbourhoods,RICHMOND COURT,1100L-W,Gen Waste,0.838
2009-01-01,Environment & Neighbourhoods,SUE RYDER CARE (LCC),1100L-W,Gen Waste,0.502
2009-01-01,Environment & Neighbourhoods,SUE RYDER CARE (LCC),1100L-W,Gen Waste,0.419
2009-01-01,Environment & Neighbourhoods,SUE RYDER CARE (LCC),1100L-W,Gen Waste,0.0
2009-01-01,Environment & Neighbourhoods,THE HOLLIES,1100L-W,Gen Waste,0.62
2009-01-01,Environment & Neighbourhoods,WOODHOUSE LANE CAR PARK,1100L-W,Gen Waste,0.219
2009-01-01,Highways,POTTERY FIELDS DEPOT,1100L-C,Card,0.113
2009-01-01,Highways,POTTERY FIELDS DEPOT,1100L-W,Gen Waste,0.21
2009-01-01,Learning & Leisure,ARDSLEY/TINGLEY LIBRARY,1100L-W,Gen Waste,0.0
2009-01-01,Learning & Leisure,ARDSLEY/TINGLEY LIBRARY,660L-W,Gen Waste,0.14
2009-01-01,Learning & Leisure,ARMLEY EYC - OUTREACH CENTRE,1100L-W,Gen Waste,0.15
2009-01-01,Learning & Leisure,ARMLEY LASER CENTRE - YS222,1100L-C,Card,0.095
2009-01-01,Learning & Leisure,ARMLEY LASER CENTRE - YS222,1100L-W,Gen Waste,0.207
2009-01-01,Learning & Leisure,ARMLEY LASER CENTRE - YS222,660L-W,Gen Waste,0.0
2009-01-01,Learning & Leisure,ARMLEY MILLS -  MUS174,1100L-W,Gen Waste,0.198
2009-01-01,Learning & Leisure,ARMLEY MILLS -  MUS174,660L-C,Card,0.072
2009-01-01,Learning & Leisure,ARMLEY SPORTS CENTRE - SPO164,1100L-C,Card,0.102
2009-01-01,Learning & Leisure,ARMLEY SPORTS CENTRE - SPO164,1100L-W,Gen Waste,0.911
2009-01-01,Learning & Leisure,BEESTON LIBRARY,660L-C,Card,0.066
2009-01-01,Learning & Leisure,BEESTON LIBRARY,660L-W,Gen Waste,0.154
2009-01-01,Learning & Leisure,BELLE ISLE CENTRE - YS226,1100L-C,Card,0.091
2009-01-01,Learning & Leisure,BELLE ISLE CENTRE - YS226,1100L-W,Gen Waste,0.221
2009-01-01,Learning & Leisure,BOWLS & ATHLETICS SPO16,1100L-C,Card,0.077
2009-01-01,Learning & Leisure,BOWLS & ATHLETICS SPO16,1100L-W,Gen Waste,0.4
2009-01-01,Learning & Leisure,BRAMLEY BATHS - SPO160,1100L-C,Card,0.118
2009-01-01,Learning & Leisure,BRAMLEY BATHS - SPO160,1100L-W,Gen Waste,0.257
2009-01-01,Learning & Leisure,BRAMLEY CENTRE - YS227,1100L-C,Card,0.112
2009-01-01,Learning & Leisure,BRAMLEY CENTRE - YS227,1100L-W,Gen Waste,0.282
2009-01-01,Learning & Leisure,BRAMLEY CHILDRENS CENTRE - EDEYC206,1100L-C,Card,0.104
2009-01-01,Learning & Leisure,BRAMLEY CHILDRENS CENTRE - EDEYC206,1100L-W,Gen Waste,0.26
2009-01-01,Learning & Leisure,BROAD LANE LIBRARY - LIB120,1100L-W,Gen Waste,0.0
2009-01-01,Learning & Leisure,BURLEY LIBRARY - LIB133,360L-W,Gen Waste,0.032
2009-01-01,Learning & Leisure,BURLEY PARK EYC - U8EYC183,1100L-C,Card,0.117
2009-01-01,Learning & Leisure,BURLEY PARK EYC - U8EYC183,1100L-W,Gen Waste,0.314
2009-01-01,Learning & Leisure,CALVERLEY LIBRARY - S067160,660L-W,Gen Waste,0.0
2009-01-01,Learning & Leisure,CATERING - CANAL GARDEN,1100L-C,Card,0.255
2009-01-01,Learning & Leisure,CATERING - CANAL GARDEN,1100L-W,Gen Waste,0.843
2009-01-01,Learning & Leisure,CATERING - GOLDEN ACRE PARK,1100L-C,Card,0.11
2009-01-01,Learning & Leisure,CATERING - GOLDEN ACRE PARK,1100L-W,Gen Waste,0.399
2009-01-01,Learning & Leisure,CATERING - TEMPLE NEWSAM PARK,1100L-C,Card,0.074
2009-01-01,Learning & Leisure,CATERING - TEMPLE NEWSAM PARK,1100L-W,Gen Waste,0.637
2009-01-01,Learning & Leisure,CENTRAL LIBRARY - LIB114,1100L-C,Card,0.11
2009-01-01,Learning & Leisure,CENTRAL LIBRARY - LIB114,1100L-W,Gen Waste,1.084
2009-01-01,Learning & Leisure,CHAPEL ALLERTON BR LIBRARY - LIB113,240L-W,Gen Waste,0.058
2009-01-01,Learning & Leisure,CHAPEL ALLERTON CHILDRENS CENTRE,1100L-C,Card,0.122
2009-01-01,Learning & Leisure,CHAPEL ALLERTON CHILDRENS CENTRE,1100L-W,Gen Waste,0.312
2009-01-01,Learning & Leisure,CHAPELTOWN CHILDRENS CENTRE,1100L-C,Card,0.112
2009-01-01,Learning & Leisure,CHAPELTOWN CHILDRENS CENTRE,1100L-W,Gen Waste,0.425
2009-01-01,Learning & Leisure,CITY MUSEUM,1100L-C,Card,0.088
2009-01-01,Learning & Leisure,CITY MUSEUM,1100L-W,Gen Waste,0.473
2009-01-01,Learning & Leisure,COMPTON ROAD LIBRARY - LIB140,1100L-C,Card,0.0
2009-01-01,Learning & Leisure,COMPTON ROAD LIBRARY - LIB140,660L-W,Gen Waste,0.0
2009-01-01,Learning & Leisure,COMPTON ROAD LIBRARY - LIB140,660L-C,Card,0.0
2009-01-01,Learning & Leisure,CONSTRUCTION SKILLS TRAINING CENTRE,1100L-C,Card,0.0
2009-01-01,Learning & Leisure,CONSTRUCTION SKILLS TRAINING CENTRE,1100L-W,Gen Waste,0.0
2009-01-01,Learning & Leisure,CROSSGATES LIBRARY - LIB119,1100L-W,Gen Waste,0.201
2009-01-01,Learning & Leisure,DENIS HEALEY CENTRE - YS232,1100L-W,Gen Waste,0.189
2009-01-01,Learning & Leisure,DOREEN HAMILTON DC - 506 Q884679,1100L-C,Card,0.113
2009-01-01,Learning & Leisure,DOREEN HAMILTON DC - 506 Q884679,1100L-W,Gen Waste,0.423
2009-01-01,Learning & Leisure,DOREEN HAMILTON EYC - SSEYC200,1100L-C,Card,0.09
2009-01-01,Learning & Leisure,DOREEN HAMILTON EYC - SSEYC200,1100L-W,Gen Waste,0.19
2009-01-01,Learning & Leisure,DRIGHLINGTON MEETING HALL - AET144,1100L-W,Gen Waste,0.198
2009-01-01,Learning & Leisure,EAST LEEDS FLC - TRGEYC214,1100L-C,Card,0.194
2009-01-01,Learning & Leisure,EAST LEEDS FLC - TRGEYC214,1100L-W,Gen Waste,1.862
2009-01-01,Learning & Leisure,EAST LEEDS LEISURE CENTRE - SPO158,1100L-C,Card,0.0
2009-01-01,Learning & Leisure,EAST LEEDS LEISURE CENTRE - SPO158,1100L-W,Gen Waste,0.0
2009-01-01,Learning & Leisure,EAST LEEDS LEISURE CENTRE - SPO158,660L-C,Card,0.067
2009-01-01,Learning & Leisure,EAST LEEDS LEISURE CENTRE - SPO158,660L-W,Gen Waste,0.966
2009-01-01,Learning & Leisure,FARSLEY BRANCH LIBRARY - LIB103,1100L-W,Gen Waste,0.0
2009-01-01,Learning & Leisure,FEARNVILLE SPORTS CENTRE - SPO153,1100L-C,Card,0.09
2009-01-01,Learning & Leisure,FEARNVILLE SPORTS CENTRE - SPO153,1100L-W,Gen Waste,0.414
2009-01-01,Learning & Leisure,FIRTHFIELD EYC - (ANNE FLEGG),1100L-W,Gen Waste,0.198
2009-01-01,Learning & Leisure,GARFORTH LEISURE CENTRE - SPO281,1100L-C,Card,0.096
2009-01-01,Learning & Leisure,GARFORTH LEISURE CENTRE - SPO281,1100L-W,Gen Waste,0.0
2009-01-01,Learning & Leisure,GARFORTH LIBRARY (REAR) - LIB110,360L-W,Gen Waste,0.033
2009-01-01,Learning & Leisure,GARFORTH LIBRARY (REAR) - LIB110,360L-C,Card,0.009
2009-01-01,Learning & Leisure,GILDERSOME MEETING HALL DMS - AET14,1100L-W,Gen Waste,0.196
2009-01-01,Learning & Leisure,GOTTS PARK MUNICIPAL GOLF CL - PK16,1100L-W,Gen Waste,0.208
2009-01-01,Learning & Leisure,GUISELEY LIBRARY - LIB106,660L-W,Gen Waste,0.146
2009-01-01,Learning & Leisure,GUISELEY LIBRARY - LIB106,660L-C,Card,0.062
2009-01-01,Learning & Leisure,HALTON LIBRARY - LIB139,1100L-W,Gen Waste,0.0
2009-01-01,Learning & Leisure,HALTON LIBRARY - LIB139,660L-C,Card,0.069
2009-01-01,Learning & Leisure,HALTON LIBRARY - LIB139,660L-W,Gen Waste,0.148
2009-01-01,Learning & Leisure,HAREHILLS CHILDRENS CENTRE,1100L-C,Card,0.075
2009-01-01,Learning & Leisure,HAREHILLS CHILDRENS CENTRE,1100L-W,Gen Waste,0.208
2009-01-01,Learning & Leisure,HAREHILLS JOB SHOP,660L-W,Gen Waste,0.112
2009-01-01,Learning & Leisure,HAWKSWORTH WOOD EYC - TRGEYC217,1100L-C,Card,0.09
2009-01-01,Learning & Leisure,HAWKSWORTH WOOD EYC - TRGEYC217,1100L-W,Gen Waste,0.219
2009-01-01,Learning & Leisure,HEADINGLEY ANN CENTRE - YS238,360L-W,Gen Waste,0.117
2009-01-01,Learning & Leisure,HEADINGLEY ANN CENTRE - YS238,360L-C,Card,0.024
2009-01-01,Learning & Leisure,"HERD FARM, ECCUP RESEVIOR - YS241",1100L-C,Card,0.213
2009-01-01,Learning & Leisure,"HERD FARM, ECCUP RESEVIOR - YS241",1100L-W,Gen Waste,0.51
2009-01-01,Learning & Leisure,HOLBECK LIBRARY - LIB137,240L-W,Gen Waste,0.059
2009-01-01,Learning & Leisure,HOLT PARK LEISURE CENTRE - SPO157,1100L-W,Gen Waste,0.314
2009-01-01,Learning & Leisure,HORSFORTH LIBRARY - LIB118,1100L-W,Gen Waste,0.213
2009-01-01,Learning & Leisure,HOVINGHAM PRIMARY SCHOOL - PORTACABIN,360L-W,Gen Waste,0.108
2009-01-01,Learning & Leisure,HUNSLET CHILDRENS CENTRE,1100L-C,Card,0.077
2009-01-01,Learning & Leisure,HUNSLET CHILDRENS CENTRE,1100L-W,Gen Waste,0.217
2009-01-01,Learning & Leisure,HUNSLET HALL EYC - U8EYC186,1100L-C,Card,0.104
2009-01-01,Learning & Leisure,HUNSLET HALL EYC - U8EYC186,1100L-W,Gen Waste,0.515
2009-01-01,Learning & Leisure,HUNSLET LAKE - YS243,1100L-W,Gen Waste,0.0
2009-01-01,Learning & Leisure,HUNSLET LIBRARY (REAR) - LIB117,1100L-W,Gen Waste,0.0
2009-01-01,Learning & Leisure,HUNSLET LIBRARY (REAR) - LIB117,660L-W,Gen Waste,0.144
2009-01-01,Learning & Leisure,HUNSLET LIBRARY (REAR) - LIB117,660L-C,Card,0.0
2009-01-01,Learning & Leisure,IRELAND WOOD PUBLIC LIBRARY - LIB11,240L-W,Gen Waste,0.017
2009-01-01,Learning & Leisure,IYSS YOUTH HUB,1100L-W,Gen Waste,0.046
2009-01-01,Learning & Leisure,JOHN SMEATON LEISURE CENTRE,1100L-C,Card,0.049
2009-01-01,Learning & Leisure,JOHN SMEATON LEISURE CENTRE,1100L-W,Gen Waste,1.373
2009-01-01,Learning & Leisure,KENTMERE EYC - U8EYC187,1100L-C,Card,0.08
2009-01-01,Learning & Leisure,KENTMERE EYC - U8EYC187,1100L-W,Gen Waste,0.41
2009-01-01,Learning & Leisure,KIPPAX LIBRARY - LIB111,240L-W,Gen Waste,0.059
2009-01-01,Learning & Leisure,KIPPAX SPORTS CENTRE - SPO163,1100L-C,Card,0.103
2009-01-01,Learning & Leisure,KIPPAX SPORTS CENTRE - SPO163,1100L-W,Gen Waste,0.412
2009-01-01,Learning & Leisure,KIPPAX SPORTS CENTRE - SPO163,1100L-W,Gen Waste,0.0
2009-01-01,Learning & Leisure,KIRKSTALL ABBEY HOUSE MUSEUM - MUS1,1100L-C,Card,0.117
2009-01-01,Learning & Leisure,KIRKSTALL ABBEY HOUSE MUSEUM - MUS1,1100L-W,Gen Waste,0.401
2009-01-01,Learning & Leisure,KIRKSTALL LEISURE CENTRE,1100L-C,Card,0.132
2009-01-01,Learning & Leisure,KIRKSTALL LEISURE CENTRE,1100L-W,Gen Waste,0.608
2009-01-01,Learning & Leisure,LANGBAR EYC - U8EYC189,1100L-C,Card,0.096
2009-01-01,Learning & Leisure,LANGBAR EYC - U8EYC189,1100L-W,Gen Waste,0.193
2009-01-01,Learning & Leisure,LAUREL BANK EYC - SSEYC202,1100L-W,Gen Waste,0.221
2009-01-01,Learning & Leisure,LEEDS C C - EVENTS TEAM,1100L-W,Gen Waste,0.0
2009-01-01,Learning & Leisure,LEEDS MUSEUM DISCOVERY CENTRE,1100L-C,Card,0.085
2009-01-01,Learning & Leisure,LEEDS MUSEUM DISCOVERY CENTRE,660L-W,Gen Waste,0.147
2009-01-01,Learning & Leisure,LEEDS TOWN HALL,1100L-C,Card,3.661
2009-01-01,Learning & Leisure,LEEDS TOWN HALL,1100L-W,Gen Waste,2.14
2009-01-01,Learning & Leisure,LIBRARY HQ - LIB127,1100L-C,Card,0.0
2009-01-01,Learning & Leisure,LIBRARY HQ - NEW - LIB127,1100L-C,Card,0.093
2009-01-01,Learning & Leisure,LIBRARY HQ - NEW - LIB127,1100L-W,Gen Waste,0.67
2009-01-01,Learning & Leisure,LOTHERTON BIRD GARDEN,1100L-W,Gen Waste,0.531
2009-01-01,Learning & Leisure,LOTHERTON HALL - MUS176,660L-W,Gen Waste,0.195
2009-01-01,Learning & Leisure,LOTHERTON HALL - MUS176,660L-C,Card,0.075
2009-01-01,Learning & Leisure,MIDDLETON LEISURE CENTRE - SPO159,1100L-C,Card,0.071
2009-01-01,Learning & Leisure,MIDDLETON LEISURE CENTRE - SPO159,1100L-W,Gen Waste,0.49
2009-01-01,Learning & Leisure,MOOR ALLERTON LIBRARY - LIB116,360L-W,Gen Waste,0.061
2009-01-01,Learning & Leisure,MOOR ALLERTON LIBRARY - LIB116,360L-C,Card,0.016
2009-01-01,Learning & Leisure,MORLEY EARLEY YEARS - TRGEYC218,1100L-C,Card,1.0
2009-01-01,Learning & Leisure,MORLEY EARLEY YEARS - TRGEYC218,1100L-W,Gen Waste,0.0
2009-01-01,Learning & Leisure,MORLEY EARLEY YEARS - TRGEYC218,660L-W,Gen Waste,1.0
2009-01-01,Learning & Leisure,MORLEY LEISURE CENTRE,1100L-C,Card,0.0
2009-01-01,Learning & Leisure,MORLEY PUBLIC LIBRARY (REAR) - LIB1,1100L-C,Card,0.1
2009-01-01,Learning & Leisure,MORLEY PUBLIC LIBRARY (REAR) - LIB1,360L-W,Gen Waste,0.15
2009-01-01,Learning & Leisure,MORLEY PUBLIC LIBRARY (REAR) - LIB1,1100L-W,Gen Waste,0.0
2009-01-01,Learning & Leisure,NEIGHBOURHOOD JOB SHOP,240L-W,Gen Waste,0.061
2009-01-01,Learning & Leisure,NEIGHBOURHOOD JOB SHOP,240L-C,Card,0.0
2009-01-01,Learning & Leisure,NESFIELD OUTREACH - U8EYC191,1100L-W,Gen Waste,0.207
2009-01-01,Learning & Leisure,NEW AQUATICS CENTRE,1100L-C,Card,0.184
2009-01-01,Learning & Leisure,NEW AQUATICS CENTRE,1100L-W,Gen Waste,1.837
2009-01-01,Learning & Leisure,NORTH AREA OFFICE - YS277,1100L-C,Card,0.103
2009-01-01,Learning & Leisure,NORTH AREA OFFICE - YS277,1100L-W,Gen Waste,0.382
2009-01-01,Learning & Leisure,OAKDALE EYC - U8EYC192,1100L-C,Card,0.088
2009-01-01,Learning & Leisure,OAKDALE EYC - U8EYC192,1100L-W,Gen Waste,0.2
2009-01-01,Learning & Leisure,OAKWOOD LIBRARY - LIB125,360L-W,Gen Waste,0.093
2009-01-01,Learning & Leisure,OTLEY LIBRARY - LIB135,360L-W,Gen Waste,0.118
2009-01-01,Learning & Leisure,PARKS & COUNTRYSIDES,1100L-C,Card,0.106
2009-01-01,Learning & Leisure,PARKS & COUNTRYSIDES,1100L-W,Gen Waste,0.392
2009-01-01,Learning & Leisure,PUDSEY CIVIC HALL,1100L-W,Gen Waste,0.0
2009-01-01,Learning & Leisure,PUDSEY CIVIC HALL - CATERING,1100L-C,Card,0.205
2009-01-01,Learning & Leisure,PUDSEY LEISURE CENTRE - SPO161,1100L-C,Card,0.1
2009-01-01,Learning & Leisure,PUDSEY LEISURE CENTRE - SPO161,1100L-W,Gen Waste,0.748
2009-01-01,Learning & Leisure,PUDSEY LIBRARY (REAR) - LIB109,1100L-W,Gen Waste,0.268
2009-01-01,Learning & Leisure,PUDSEY LIBRARY (REAR) - LIB109,1100L-C,Card,0.122
2009-01-01,Learning & Leisure,QUARRY MOUNT CHILDRENS CENTRE,1100L-W,Gen Waste,0.213
2009-01-01,Learning & Leisure,QUARRY MOUNT CHILDRENS CENTRE,1100L-C,Card,0.085
2009-01-01,Learning & Leisure,RED HALL,1100L-C,Card,0.247
2009-01-01,Learning & Leisure,RICHMOND HILL EYC - U8EYC193,1100L-W,Gen Waste,0.371
2009-01-01,Learning & Leisure,RICHMOND HILL EYC - U8EYC193,1100L-C,Card,0.073
2009-01-01,Learning & Leisure,RICHMOND HILL SPORTS HALL - SPO155,1100L-W,Gen Waste,0.108
2009-01-01,Learning & Leisure,ROSEVILLE CENTRE - TRGEYC284,1100L-W,Gen Waste,0.0
2009-01-01,Learning & Leisure,ROTHWELL LC - SPO279,1100L-C,Card,0.092
2009-01-01,Learning & Leisure,ROTHWELL LIBRARY - LIB104,360L-W,Gen Waste,0.12
2009-01-01,Learning & Leisure,ROTHWELL LIBRARY - LIB104,360L-C,Card,0.023
2009-01-01,Learning & Leisure,ROUNDHAY MANSION,1100L-C,Card,0.105
2009-01-01,Learning & Leisure,ROUNDHAY MANSION,660L-W,Gen Waste,0.146
2009-01-01,Learning & Leisure,SAILING CENTRE - SPO282,660L-W,Gen Waste,0.121
2009-01-01,Learning & Leisure,SCHOOLS LIBRARY SERVICE,1100L-W,Gen Waste,0.204
2009-01-01,Learning & Leisure,SCOTHALL SPORTS CENTRE - SPO152,1100L-C,Card,0.0
2009-01-01,Learning & Leisure,SCOTHALL SPORTS CENTRE - SPO152,1100L-W,Gen Waste,0.843
2009-01-01,Learning & Leisure,SCOTT HALL EYC - U8EYC195,1100L-C,Card,0.129
2009-01-01,Learning & Leisure,SCOTT HALL EYC - U8EYC195,1100L-W,Gen Waste,0.198
2009-01-01,Learning & Leisure,SEACROFT CC - U8EYC196,1100L-C,Card,0.073
2009-01-01,Learning & Leisure,SEACROFT CC - U8EYC196,1100L-W,Gen Waste,0.201
2009-01-01,Learning & Leisure,SEACROFT LIBRARY (SIDE) - LIB107,1100L-W,Gen Waste,0.22
2009-01-01,Learning & Leisure,SEACROFT LIBRARY (SIDE) - LIB107,1100L-C,Card,0.081
2009-01-01,Learning & Leisure,SHEPHERD LANE EYC - U8EYC197,1100L-C,Card,0.0
2009-01-01,Learning & Leisure,SHEPHERD LANE EYC - U8EYC197,1100L-W,Gen Waste,0.168
2009-01-01,Learning & Leisure,SOUTH LEEDS STADIUM,1100L-C,Card,0.207
2009-01-01,Learning & Leisure,SOUTH LEEDS STADIUM,1100L-W,Gen Waste,2.722
2009-01-01,Learning & Leisure,SPRINGFIELD EYC,1100L-W,Gen Waste,0.211
2009-01-01,Learning & Leisure,ST LAWRENCE HOUSE EYC - U8EYC198,1100L-C,Card,0.093
2009-01-01,Learning & Leisure,ST LAWRENCE HOUSE EYC - U8EYC198,1100L-W,Gen Waste,0.257
2009-01-01,Learning & Leisure,SWINNOW LIBRARY - LIB136,1100L-W,Gen Waste,0.0
2009-01-01,Learning & Leisure,TECHNORTH EYC - TRGEYC212,1100L-C,Card,0.25
2009-01-01,Learning & Leisure,TECHNORTH EYC - TRGEYC212,1100L-W,Gen Waste,0.822
2009-01-01,Learning & Leisure,TEMPLE NEWSAM HOUSE - MUS175,1100L-C,Card,0.089
2009-01-01,Learning & Leisure,TEMPLE NEWSAM HOUSE - MUS175,1100L-W,Gen Waste,0.205
2009-01-01,Learning & Leisure,THWAITE MILLS - MUS173,1100L-C,Card,0.093
2009-01-01,Learning & Leisure,THWAITE MILLS - MUS173,1100L-W,Gen Waste,0.201
2009-01-01,Learning & Leisure,TREETOPS COMMUNITY CENTRE,1100L-W,Gen Waste,0.0
2009-01-01,Learning & Leisure,TREETOPS COMMUNITY CENTRE,360L-W,Gen Waste,0.136
2009-01-01,Learning & Leisure,TUNSTALL ROAD CENTRE - YS270,1100L-C,Card,0.065
2009-01-01,Learning & Leisure,TUNSTALL ROAD CENTRE - YS270,1100L-W,Gen Waste,0.252
2009-01-01,Learning & Leisure,TWO WILLOWS EYC - U8EYC199,1100L-C,Card,0.059
2009-01-01,Learning & Leisure,TWO WILLOWS EYC - U8EYC199,1100L-W,Gen Waste,0.518
2009-01-01,Learning & Leisure,WEST ARDSLEY CENTRE - YS271,1100L-W,Gen Waste,0.0
2009-01-01,Learning & Leisure,WEST LEEDS FLC - TRGEYC211,1100L-C,Card,0.099
2009-01-01,Learning & Leisure,WEST LEEDS FLC - TRGEYC211,1100L-W,Gen Waste,0.46
2009-01-01,Learning & Leisure,WEST YORKSHIRE ARCHIVES DEPT - LIB1,240L-C,Card,0.0
2009-01-01,Learning & Leisure,WETHERBY LEISURE CENTRE - SPO156,1100L-W,Gen Waste,0.386
2009-01-01,Learning & Leisure,WETHERBY LIBRARY - LIB108,360L-W,Gen Waste,0.115
2009-01-01,Learning & Leisure,WHINMOOR LIBRARY - LIB126,1100L-W,Gen Waste,0.0
2009-01-01,Learning & Leisure,WINDMILL CHILDRENS CENTRE - U8EYC28,1100L-C,Card,0.111
2009-01-01,Learning & Leisure,WINDMILL CHILDRENS CENTRE - U8EYC28,1100L-W,Gen Waste,0.423
2009-01-01,Learning & Leisure,YEADON LIBRARY - LIB219,360L-W,Gen Waste,0.111
2009-01-01,Learning & Leisure,YEADON LIBRARY - LIB219,360L-C,Card,0.018
2009-01-01,Resources,CITY SERVICES - PROPERTY MAINTENANC,1100L-C,Card,0.142
2009-01-01,Resources,CITY SERVICES - PROPERTY MAINTENANC,1100L-W,Gen Waste,0.43
2009-01-01,Resources,CLEANING & SERVICES(CITY PRINT),1100L-W,Gen Waste,0.6
2009-01-01,Resources,SECURITY SERVICES,1100L-W,Gen Waste,0.196
2009-01-01,Resources,SECURITY SERVICES,1100L-C,Card,0.111
2009-01-01,Resources,TRANSPORT AGENCY 36370,1100L-C,Card,0.097
2009-01-01,Resources,TRANSPORT AGENCY 36370,1100L-W,Gen Waste,0.41
2009-01-01,Resources,WESTLAND ROAD DEPOT 77400,1100L-C,Card,0.087
2009-01-01,Resources,WESTLAND ROAD DEPOT 77400,1100L-W,Gen Waste,0.218
2009-01-01,Social Care,15 LAVENDER WALK,660L-C,Card,0.058
2009-01-01,Social Care,15 LAVENDER WALK,660L-W,Gen Waste,0.148
2009-01-01,Social Care,ACORN LODGE - Q890207,1100L-W,Gen Waste,0.201
2009-01-01,Social Care,AMBERTON COURT - S065890,1100L-C,Card,0.075
2009-01-01,Social Care,AMBERTON COURT - S065890,1100L-W,Gen Waste,0.608
2009-01-01,Social Care,APNA DAY CENTRE - S064100,1100L-W,Gen Waste,0.215
2009-01-01,Social Care,BAILEYS HOUSE - 238 - Q888998,1100L-C,Card,0.079
2009-01-01,Social Care,BAILEYS HOUSE - 238 - Q888998,1100L-W,Gen Waste,0.621
2009-01-01,Social Care,BELLE ISLE NEIGHBOURHOOD CENTRE - 9,660L-W,Gen Waste,0.143
2009-01-01,Social Care,BEWERLEY CROFT - 255 - S064200,1100L-C,Card,0.093
2009-01-01,Social Care,BEWERLEY CROFT - 255 - S064200,1100L-W,Gen Waste,0.515
2009-01-01,Social Care,BODMIN ROAD 2 - 81,660L-W,Gen Waste,0.153
2009-01-01,Social Care,BODMIN ROAD 2 - 81,660L-C,Card,0.06
2009-01-01,Social Care,BODMIN ROAD 4 - 70,660L-W,Gen Waste,0.127
2009-01-01,Social Care,BRAMLEY LAWN DC - S063921,1100L-W,Gen Waste,0.261
2009-01-01,Social Care,BRAMLEY LAWN DC - S063921,1100L-C,Card,0.127
2009-01-01,Social Care,BRAMLEY TC - 362 - S066251,1100L-C,Card,0.112
2009-01-01,Social Care,BRAMLEY TC - 362 - S066251,1100L-W,Gen Waste,0.511
2009-01-01,Social Care,BROOKSBANK - 141 Q893778,1100L-C,Card,0.021
2009-01-01,Social Care,BROOKSBANK - 141 Q893778,1100L-W,Gen Waste,0.313
2009-01-01,Social Care,BROOM COURT - 242 S066401,1100L-C,Card,0.081
2009-01-01,Social Care,BROOM COURT - 242 S066401,1100L-W,Gen Waste,0.618
2009-01-01,Social Care,BURLEY WILLOWS - 170 - S064513,1100L-C,Card,0.146
2009-01-01,Social Care,BURLEY WILLOWS - 170 - S064513,1100L-W,Gen Waste,0.445
2009-01-01,Social Care,BURLEY WILLOWS DC - 523,1100L-W,Gen Waste,0.201
2009-01-01,Social Care,CALVERLANDS DC - 516,1100L-C,Card,0.13
2009-01-01,Social Care,CALVERLANDS DC - 516,1100L-W,Gen Waste,0.189
2009-01-01,Social Care,CLIFFORD BROOKE CTR 327 - Q897660,1100L-C,Card,0.0
2009-01-01,Social Care,CLIFFORD BROOKE CTR 327 - Q897660,1100L-W,Gen Waste,0.0
2009-01-01,Social Care,COTTINGLEY COURT - 253,1100L-W,Gen Waste,0.639
2009-01-01,Social Care,COTTINGLEY COURT - 253,1100L-C,Card,0.08
2009-01-01,Social Care,CRISIS CENTRE - 353 - Q900405,1100L-C,Card,0.113
2009-01-01,Social Care,CRISIS CENTRE - 353 - Q900405,1100L-W,Gen Waste,0.202
2009-01-01,Social Care,CROSSGATES LIBRARY,1100L-C,Card,0.099
2009-01-01,Social Care,DELPH MANOR - 230 - Q829527,1100L-W,Gen Waste,0.886
2009-01-01,Social Care,DOLPHIN MANOR - S065663,1100L-C,Card,0.09
2009-01-01,Social Care,DOLPHIN MANOR - S065663,1100L-W,Gen Waste,0.646
2009-01-01,Social Care,EASDALE CLOSE,360L-W,Gen Waste,0.236
2009-01-01,Social Care,EAST LEEDS FAMILY RC  Q874041,1100L-W,Gen Waste,0.214
2009-01-01,Social Care,EASTMOOR CSU - 126 - S066405,1100L-C,Card,0.207
2009-01-01,Social Care,EASTMOOR CSU - 126 - S066405,1100L-W,Gen Waste,1.685
2009-01-01,Social Care,FAIRVIEW - S066039,1100L-C,Card,0.076
2009-01-01,Social Care,FAIRVIEW - S066039,1100L-W,Gen Waste,0.411
2009-01-01,Social Care,FARFIELD DC - S063922,660L-W,Gen Waste,0.0
2009-01-01,Social Care,FIRTHFIELDS DC - S065781,1100L-C,Card,0.104
2009-01-01,Social Care,FIRTHFIELDS DC - S065781,1100L-W,Gen Waste,0.204
2009-01-01,Social Care,FIRTHFIELDS DC - S065781,1100L-C,Card,0.0
2009-01-01,Social Care,FREDERICK HURDLE DC - 509 Q894243,1100L-C,Card,0.097
2009-01-01,Social Care,FREDERICK HURDLE DC - 509 Q894243,1100L-W,Gen Waste,0.362
2009-01-01,Social Care,GANNERS GREEN - 66 - Q874398,360L-W,Gen Waste,0.301
2009-01-01,Social Care,GRANGE COURT - S063964,1100L-C,Card,0.065
2009-01-01,Social Care,GRANGE COURT - S063964,1100L-W,Gen Waste,0.419
2009-01-01,Social Care,GREEN THE - 176 - S066593,1100L-W,Gen Waste,0.401
2009-01-01,Social Care,GREEN THE DC - S066593,1100L-C,Card,0.087
2009-01-01,Social Care,GREEN THE DC - S066593,1100L-W,Gen Waste,0.211
2009-01-01,Social Care,GREENHILL CENTRE - S069656,1100L-W,Gen Waste,0.134
2009-01-01,Social Care,HARRY BOOTH HOUSE - S063957,1100L-C,Card,0.066
2009-01-01,Social Care,HARRY BOOTH HOUSE - S063957,1100L-W,Gen Waste,0.822
2009-01-01,Social Care,HEALEY CROFT - 229,1100L-W,Gen Waste,0.397
2009-01-01,Social Care,HOLBECK DC - S063712,1100L-C,Card,0.094
2009-01-01,Social Care,HOLBECK DC - S063712,1100L-W,Gen Waste,0.206
2009-01-01,Social Care,HOME LEA HOUSE - S064059,1100L-C,Card,0.095
2009-01-01,Social Care,HOME LEA HOUSE - S064059,1100L-W,Gen Waste,0.639
2009-01-01,Social Care,HORSFORTH - 359 - Q895809,1100L-C,Card,0.126
2009-01-01,Social Care,HORSFORTH - 359 - Q895809,1100L-W,Gen Waste,0.417
2009-01-01,Social Care,HOUGH LANE CENTRE,1100L-C,Card,0.104
2009-01-01,Social Care,HOUGH LANE CENTRE,1100L-W,Gen Waste,0.491
2009-01-01,Social Care,HUNSLET HALL - 6,1100L-W,Gen Waste,0.508
2009-01-01,Social Care,HUNSLET HALL - 6,660L-C,Card,0.067
2009-01-01,Social Care,HUNSLET HALL ANNEX,360L-C,Card,0.022
2009-01-01,Social Care,INGLEWOOD - 46 - S066331,1100L-W,Gen Waste,0.424
2009-01-01,Social Care,IVESON APPROACH - 68 - Q882007,1100L-W,Gen Waste,0.0
2009-01-01,Social Care,JOSEPH STREET - 239 - S066530,1100L-W,Gen Waste,0.195
2009-01-01,Social Care,JOSEPH STREET - 239 - S066530,1100L-C,Card,0.0
2009-01-01,Social Care,KIRKLAND HOUSE - 164 - S064209,1100L-C,Card,0.132
2009-01-01,Social Care,KIRKLAND HOUSE - 164 - S064209,1100L-W,Gen Waste,0.405
2009-01-01,Social Care,KNOWLE MANOR - S064208,1100L-W,Gen Waste,0.777
2009-01-01,Social Care,LAUREL BANK DC - S066161,1100L-C,Card,0.07
2009-01-01,Social Care,LAUREL BANK DC - S066161,1100L-W,Gen Waste,0.228
2009-01-01,Social Care,LEE GRANGE - 251,1100L-W,Gen Waste,0.614
2009-01-01,Social Care,LEE GRANGE - 251,240L-W,Gen Waste,0.0
2009-01-01,Social Care,LEEDS CTR INTERGR LIV - 340 Q892988,1100L-C,Card,0.13
2009-01-01,Social Care,LEEDS CTR INTERGR LIV - 340 Q892988,1100L-W,Gen Waste,0.405
2009-01-01,Social Care,LINCOLNFIELDS DC - 501 - S063821,1100L-C,Card,0.079
2009-01-01,Social Care,LINCOLNFIELDS DC - 501 - S063821,1100L-W,Gen Waste,0.202
2009-01-01,Social Care,LUTTRELL CRESCENT - 72,660L-W,Gen Waste,0.148
2009-01-01,Social Care,MANORFIELD HOUSE - 161 - Q897775,1100L-C,Card,0.072
2009-01-01,Social Care,MANORFIELD HOUSE - 161 - Q897775,1100L-W,Gen Waste,0.419
2009-01-01,Social Care,MARINERS DC - 332 - S066141,1100L-C,Card,0.082
2009-01-01,Social Care,MARINERS DC - 332 - S066141,1100L-W,Gen Waste,0.499
2009-01-01,Social Care,MAWCROFT GRANGE - 234,1100L-W,Gen Waste,0.401
2009-01-01,Social Care,MIDDLECROSS - HOP,1100L-W,Gen Waste,0.412
2009-01-01,Social Care,MIDDLECROSS DC - 512 - S065939,1100L-C,Card,0.108
2009-01-01,Social Care,MIDDLECROSS DC - 512 - S065939,1100L-W,Gen Waste,0.219
2009-01-01,Social Care,MIDDLETON ADVICE CENTRE - 594,1100L-C,Card,0.0
2009-01-01,Social Care,MIDDLETON ADVICE CENTRE - 594,1100L-W,Gen Waste,0.212
2009-01-01,Social Care,MOOR END TC - 358 - Q896765,1100L-C,Card,0.086
2009-01-01,Social Care,MOOR END TC - 358 - Q896765,1100L-W,Gen Waste,0.415
2009-01-01,Social Care,MUSGRAVE COURT - 168 - S066540,1100L-W,Gen Waste,0.522
2009-01-01,Social Care,NABURN COURT DC - 316 - S066370,1100L-C,Card,0.11
2009-01-01,Social Care,NABURN COURT DC - 316 - S066370,1100L-W,Gen Waste,0.19
2009-01-01,Social Care,NORTHWEST LEEDS FAMILY RC - 69,240L-W,Gen Waste,0.125
2009-01-01,Social Care,OLD MIDDLETON OFFICE,1100L-W,Gen Waste,0.0
2009-01-01,Social Care,OLD MIDDLETON OFFICE,660L-C,Card,0.06
2009-01-01,Social Care,OLD MIDDLETON OFFICE,660L-W,Gen Waste,0.14
2009-01-01,Social Care,OSMONDTHORPE RES CTR - 331 Q892091,1100L-C,Card,0.1
2009-01-01,Social Care,OSMONDTHORPE RES CTR - 331 Q892091,1100L-W,Gen Waste,0.429
2009-01-01,Social Care,PARKLEES HOP -,1100L-C,Card,0.103
2009-01-01,Social Care,PARKLEES HOP -,1100L-W,Gen Waste,0.427
2009-01-01,Social Care,PINFOLDS - 243,1100L-C,Card,0.09
2009-01-01,Social Care,PINFOLDS - 243,1100L-W,Gen Waste,0.405
2009-01-01,Social Care,POTTERNEWTON - 367 - S063891,1100L-W,Gen Waste,0.629
2009-01-01,Social Care,POTTERNEWTON - 367 - S063891,660L-C,Card,0.0
2009-01-01,Social Care,PRIMROSE HILL - 171 S065699,1100L-W,Gen Waste,0.424
2009-01-01,Social Care,QUEENSWOOD DRIVE DC - S065697,1100L-C,Card,0.136
2009-01-01,Social Care,QUEENSWOOD DRIVE DC - S065697,1100L-W,Gen Waste,0.0
2009-01-01,Social Care,QUEENSWOOD DRIVE DC - S065697,660L-W,Gen Waste,0.142
2009-01-01,Social Care,RADCLIFFE LANE DC -  S066696,1100L-C,Card,0.096
2009-01-01,Social Care,RADCLIFFE LANE DC -  S066696,1100L-W,Gen Waste,0.234
2009-01-01,Social Care,RAMSHEAD WOOD - 363,1100L-C,Card,0.1
2009-01-01,Social Care,RAMSHEAD WOOD - 363,1100L-W,Gen Waste,0.416
2009-01-01,Social Care,RAYNELL DRIVE - 444 Q862300,1100L-W,Gen Waste,0.226
2009-01-01,Social Care,RAYNELL DRIVE - 444 Q862300,660L-W,Gen Waste,0.0
2009-01-01,Social Care,RICHMOND HILL DC - 322 S063822,1100L-W,Gen Waste,0.0
2009-01-01,Social Care,RICHMOND HOUSE - S065911,1100L-W,Gen Waste,0.538
2009-01-01,Social Care,RICHMOND HOUSE - S065911,1100L-C,Card,0.104
2009-01-01,Social Care,RIDGESIDE,1100L-W,Gen Waste,0.421
2009-01-01,Social Care,RIDGESIDE,240L-W,Gen Waste,0.109
2009-01-01,Social Care,RIDGESIDE - BETHANY,240L-W,Gen Waste,0.064
2009-01-01,Social Care,RIDGESIDE - HALFWAY HOUSE,240L-W,Gen Waste,0.058
2009-01-01,Social Care,ROOS COURT - 235 - Q859440,1100L-W,Gen Waste,0.452
2009-01-01,Social Care,ROSE FARM DC - 314 - Q880559,1100L-C,Card,0.015
2009-01-01,Social Care,ROSE FARM DC - 314 - Q880559,1100L-W,Gen Waste,0.431
2009-01-01,Social Care,ROSEVILLE ENTERPRISE PARK,660L-C,Card,0.071
2009-01-01,Social Care,ROSSEDENE - 231 - Q849090,1100L-W,Gen Waste,0.792
2009-01-01,Social Care,ROTHWELL- A T C - S064341,1100L-C,Card,0.081
2009-01-01,Social Care,ROTHWELL- A T C - S064341,1100L-C,Card,0.112
2009-01-01,Social Care,ROTHWELL- A T C - S064341,1100L-W,Gen Waste,0.411
2009-01-01,Social Care,SIEGEN DC 325 - S064988,1100L-W,Gen Waste,0.259
2009-01-01,Social Care,SIEGEN MANOR HOP AND CENTRE - 169,1100L-C,Card,0.102
2009-01-01,Social Care,SIEGEN MANOR HOP AND CENTRE - 169,1100L-W,Gen Waste,0.566
2009-01-01,Social Care,SPEN CROFT HOSTEL - Q884463,1100L-C,Card,0.118
2009-01-01,Social Care,SPEN CROFT HOSTEL - Q884463,1100L-W,Gen Waste,0.205
2009-01-01,Social Care,SPEN CROFT HOSTEL - Q884463,1100L-W,Gen Waste,0.21
2009-01-01,Social Care,SPRING GARDENS - 162 Q895017,1100L-W,Gen Waste,0.393
2009-01-01,Social Care,SPRING GARDENS ANNEXE - S063961,1100L-W,Gen Waste,0.229
2009-01-01,Social Care,SPRINGFIELD DC - 519 - S066010,1100L-C,Card,0.082
2009-01-01,Social Care,SPRINGFIELD DC - 519 - S066010,1100L-W,Gen Waste,0.208
2009-01-01,Social Care,SQUIRREL WAY - 82 Q892331,1100L-C,Card,0.121
2009-01-01,Social Care,SQUIRREL WAY - 82 Q892331,1100L-W,Gen Waste,1.079
2009-01-01,Social Care,ST CATHERINES DRIVE - 77,1100L-W,Gen Waste,0.272
2009-01-01,Social Care,STOCKS HILL DC - 345 Q878493,1100L-C,Card,0.121
2009-01-01,Social Care,STOCKS HILL DC - 345 Q878493,1100L-W,Gen Waste,0.214
2009-01-01,Social Care,SUFFOLK COURT - 137 - Q894346,1100L-C,Card,0.123
2009-01-01,Social Care,SUFFOLK COURT - 137 - Q894346,1100L-W,Gen Waste,0.416
2009-01-01,Social Care,TEMPLARS CROFT - 233 - S065942,1100L-W,Gen Waste,0.44
2009-01-01,Social Care,THE VALE DC - 347 - S064298,1100L-C,Card,0.079
2009-01-01,Social Care,THE VALE DC - 347 - S064298,1100L-W,Gen Waste,0.201
2009-01-01,Social Care,WEST ARDSLEY  ATC- S065913,1100L-C,Card,0.09
2009-01-01,Social Care,WEST ARDSLEY  ATC- S065913,1100L-W,Gen Waste,0.809
2009-01-01,Social Care,WETHERBY DAY SERVICES - S065123,1100L-W,Gen Waste,0.418
2009-01-01,Social Care,WHITE ROSE HOUSE - 2,1100L-C,Card,0.102
2009-01-01,Social Care,WHITE ROSE HOUSE - 2,1100L-W,Gen Waste,0.416
2009-01-01,Social Care,WINDLESFORD GREEN - 232,1100L-W,Gen Waste,0.412
2009-01-01,Social Care,WOOD LANE,1100L-W,Gen Waste,0.226
2009-01-01,Social Care,WOOD LANE,1100L-W,Gen Waste,0.189
2009-01-01,Social Care,WOODHOUSE DC - S063840,1100L-C,Card,0.124
2009-01-01,Social Care,WOODHOUSE DC - S063840,1100L-W,Gen Waste,0.208
2009-01-01,Social Care,WYKEBECK VALLEY DC - 317,1100L-C,Card,0.114
2009-01-01,Social Care,WYKEBECK VALLEY DC - 317,1100L-W,Gen Waste,0.221
2009-01-01,Social Care,YOUTH JUSTICE SERVICE,1100L-W,Gen Waste,0.222
2009-01-01,Social Care,YOUTH OFFENDING TEAM,1100L-C,Card,0.094
2009-01-01,Social Care,YOUTH OFFENDING TEAM,1100L-W,Gen Waste,0.207
2009-01-01,TBC,CITY ART GALLERY - MUS285,1100L-W,Gen Waste,0.696
2009-01-01,TBC,LEDSTON LUCK ENTERPRISE PARK,1100L-W,Gen Waste,0.217
2009-01-01,TBC,LEEDS C C - EVENTS TEAM,1100L-W,Gen Waste,0.68
2009-01-01,TBC,LEEDS C C - EVENTS TEAM,240L-W,Gen Waste,0.0
2009-01-01,TBC,LEEDS C C - EVENTS TEAM,360L-W,Gen Waste,0.0
2009-01-01,TBC,SANTA'S GROTTO - Z082275,1100L-W,Gen Waste,1.0
2009-01-01,TBC,WESTHOLME - 183 - S066464,1100L-C,Card,0.118
2009-01-01,TBC,WESTHOLME - 183 - S066464,1100L-W,Gen Waste,0.398
2009-01-01,W ALMO,BRAMLEY NHO,1100L-W,Gen Waste,0.267
2009-01-01,W ALMO,BRAMLEY NHO,1100L-C,Card,0.119
2009-01-01,W ALMO,HORSFORTH NHO,660L-W,Gen Waste,0.15
2009-01-01,W ALMO,HORSFORTH NHO,660L-C,Card,0.076
2009-01-01,W ALMO,HOUSING REGISTER,360L-W,Gen Waste,0.13
2009-01-01,W ALMO,KIRKSTALL NHO,1100L-W,Gen Waste,0.212
2009-01-01,W ALMO,KIRKSTALL NHO,1100L-C,Card,0.06
2009-01-01,W ALMO,PROGRESS HOUSE,1100L-W,Gen Waste,0.275
2009-01-01,W ALMO,PROGRESS HOUSE,1100L-C,Card,0.112
2009-01-01,W ALMO,SILVER ROYD HILL,1100L-W,Gen Waste,0.188
2009-01-01,W ALMO,SILVER ROYD HILL,1100L-C,Card,0.127
2009-01-01,W ALMO,WEETWOOD NHO,360L-W,Gen Waste,0.128
2009-01-01,W ALMO,WEETWOOD NHO,360L-C,Card,0.037
2009-01-01,W ALMO,WESTFIELD CHAMBERS,1100L-W,Gen Waste,0.22
2009-01-01,W ALMO,WESTFIELD CHAMBERS,1100L-C,Card,0.125
2009-01-01,W ALMO,WESTFIELD HOUSE,1100L-W,Gen Waste,0.219
2009-01-01,W ALMO,WORTLEY NHO,1100L-W,Gen Waste,0.1
2009-02-01,AIRE ALMO,"NAVAGATION HOUSE, LEEDS SOUTH HOMES",1100L-C,Card,0.094
2009-02-01,AIRE ALMO,"NAVAGATION HOUSE, LEEDS SOUTH HOMES",1100L-W,Gen Waste,0.358
2009-02-01,AIRE ALMO,SWARCLIFFE NHO,1100L-C,Card,0.0
2009-02-01,AIRE ALMO,SWARCLIFFE NHO,1100L-W,Gen Waste,0.0
2009-02-01,AIRE ALMO,SWARCLIFFE NHO,660L-C,Card,0.036
2009-02-01,City Development,ARKITECTURAL DESIGN,1100L-C,Card,0.304
2009-02-01,City Development,ARKITECTURAL DESIGN,1100L-W,Gen Waste,0.381
2009-02-01,City Development,PUDSEY MARKETS,1100L-C,Card,1.085
2009-02-01,City Development,PUDSEY MARKETS,1100L-W,Gen Waste,2.488
2009-02-01,City Development,TAXI LICENSING,1100L-C,Card,0.067
2009-02-01,City Development,TAXI LICENSING,1100L-W,Gen Waste,0.198
2009-02-01,City Services,AIREBOROUGH NEW ROADSIDE 03044,1100L-C,Card,0.0
2009-02-01,City Services,AIREBOROUGH NEW ROADSIDE 03044,1100L-W,Gen Waste,0.0
2009-02-01,City Services,ALLERTON BYWATER CENTRE - YS220,360L-W,Gen Waste,0.113
2009-02-01,City Services,ALLERTON BYWATER CENTRE - YS220,360L-C,Card,0.029
2009-02-01,City Services,ALSTON LANE CENTRE - YS221,660L-W,Gen Waste,0.146
2009-02-01,City Services,APEX HOUSE,1100L-C,Card,0.277
2009-02-01,City Services,APEX HOUSE,1100L-W,Gen Waste,0.748
2009-02-01,City Services,APEX HOUSE,660L-C,Card,0.053
2009-02-01,City Services,ARMLEY OSC 03082,1100L-C,Card,0.211
2009-02-01,City Services,ARMLEY OSC 03082,1100L-W,Gen Waste,0.201
2009-02-01,City Services,BANGLADESHI CENTRE - YS223,1100L-C,Card,0.05
2009-02-01,City Services,BANGLADESHI CENTRE - YS223,1100L-W,Gen Waste,0.331
2009-02-01,City Services,BARLEYFIELDS CENTRE - YS224,660L-W,Gen Waste,0.139
2009-02-01,City Services,BELGRAVE HOUSE,1100L-C,Card,0.235
2009-02-01,City Services,BELGRAVE HOUSE,1100L-W,Gen Waste,0.448
2009-02-01,City Services,BLACKBURN HALL - AET143,1100L-W,Gen Waste,0.466
2009-02-01,City Services,BOSTON SPA CENTRE - YS226,660L-W,Gen Waste,0.148
2009-02-01,City Services,CANON HOUSE 03025,1100L-C,Card,0.138
2009-02-01,City Services,CANON HOUSE 03026,1100L-W,Gen Waste,0.396
2009-02-01,City Services,CANON HOUSE 03027,1100L-W,Gen Waste,0.386
2009-02-01,City Services,CATERING - BEESTON PRIMARY,1100L-W,Gen Waste,0.234
2009-02-01,City Services,CIVIC HALL - CITY SERVICES DEPT,660L-C,Card,4.652
2009-02-01,City Services,CIVIC HALL - CITY SERVICES DEPT,660L-W,Gen Waste,2.823
2009-02-01,City Services,CIVIC HALL - CITY SERVICES DEPT,1100L-C,Card,0.0
2009-02-01,City Services,CROSS GREEN CENTRE - YS230,1100L-W,Gen Waste,0.216
2009-02-01,City Services,CROSSGATES CENTRE - YS231,1100L-C,Card,0.082
2009-02-01,City Services,CROSSGATES CENTRE - YS231,1100L-W,Gen Waste,0.217
2009-02-01,City Services,DEWSBURY ROAD OSC 03083,1100L-C,Card,0.105
2009-02-01,City Services,DEWSBURY ROAD OSC 03083,1100L-W,Gen Waste,0.442
2009-02-01,City Services,EBOR GARDENS COMM CENT- YS233,1100L-C,Card,0.078
2009-02-01,City Services,EBOR GARDENS COMM CENT- YS233,1100L-W,Gen Waste,0.21
2009-02-01,City Services,EVOLUTION HOUSE,1100L-C,Card,0.103
2009-02-01,City Services,EVOLUTION HOUSE,1100L-W,Gen Waste,0.414
2009-02-01,City Services,FIELDHEAD CARR CENTRE - YS234,660L-W,Gen Waste,0.109
2009-02-01,City Services,FIR TREE SCHOOL,1100L-W,Gen Waste,0.0
2009-02-01,City Services,GARFORTH OSC - MAIN STREET 03051,1100L-C,Card,0.087
2009-02-01,City Services,GARFORTH OSC - MAIN STREET 03051,1100L-W,Gen Waste,0.197
2009-02-01,City Services,GILDERSOME YOUTH CENTRE,1100L-W,Gen Waste,0.214
2009-02-01,City Services,HAREHILLS PLACE COMMUNITY CENTRE,1100L-W,Gen Waste,0.167
2009-02-01,City Services,HEADINGLEY COMMUNITY CENTRE,1100L-W,Gen Waste,0.172
2009-02-01,City Services,HEADINGLEY COMMUNITY CENTRE,660L-C,Card,0.05
2009-02-01,City Services,HENRY BARRAN CENTRE - YS240,1100L-C,Card,0.085
2009-02-01,City Services,HENRY BARRAN CENTRE - YS240,1100L-W,Gen Waste,0.46
2009-02-01,City Services,HOLBECK YOUTH CENTRE,1100L-W,Gen Waste,0.0
2009-02-01,City Services,HOLBECK YOUTH CENTRE,660L-W,Gen Waste,0.1
2009-02-01,City Services,HOUGH TOP COURT 03027,1100L-C,Card,0.169
2009-02-01,City Services,HOUGH TOP COURT 03027,1100L-W,Gen Waste,0.928
2009-02-01,City Services,KENTMERE CENTRE - YS244,1100L-C,Card,0.074
2009-02-01,City Services,KENTMERE CENTRE - YS244,1100L-W,Gen Waste,0.214
2009-02-01,City Services,KIPPAX YOUTH CENTRE,660L-W,Gen Waste,0.0
2009-02-01,City Services,KNOWSTHORPE GATE SUPPORT SER 43390,1100L-C,Card,0.212
2009-02-01,City Services,LANDMARK COURT,1100L-C,Card,0.099
2009-02-01,City Services,LANDMARK COURT,1100L-W,Gen Waste,0.207
2009-02-01,City Services,LINCOLN GREEN YOUTH CENTRE,1100L-W,Gen Waste,0.175
2009-02-01,City Services,LITTLE LONDON COMMUNITY CENTRE,1100L-W,Gen Waste,0.166
2009-02-01,City Services,LITTLE LONDON COMMUNITY CENTRE,1100L-C,Card,0.072
2009-02-01,City Services,MANDELA CENTRE,1100L-C,Card,0.088
2009-02-01,City Services,MANDELA CENTRE,1100L-W,Gen Waste,0.412
2009-02-01,City Services,MEANWOOD COMMUNITY CENTRE,1100L-W,Gen Waste,0.165
2009-02-01,City Services,MEANWOOD COMMUNITY CENTRE,1100L-C,Card,0.099
2009-02-01,City Services,MERRION HOUSE,1100L-C,Card,0.39
2009-02-01,City Services,MERRION HOUSE,1100L-W,Gen Waste,4.146
2009-02-01,City Services,MERRION HOUSE,360L-C,Card,0.508
2009-02-01,City Services,MERRION HOUSE,660L-C,Card,0.553
2009-02-01,City Services,METHLEY CENTRE,1100L-W,Gen Waste,0.218
2009-02-01,City Services,MICKLEFIELD YOUTH CENTRE,1100L-W,Gen Waste,0.164
2009-02-01,City Services,MICKLEFIELD YOUTH CENTRE,660L-C,Card,0.0
2009-02-01,City Services,MIDDLETON PARK HIGHWAYS 03034,1100L-C,Card,0.473
2009-02-01,City Services,MIDDLETON PARK HIGHWAYS 03034,1100L-W,Gen Waste,0.746
2009-02-01,City Services,MIDDLETON SKILLS CENTRE - YS253,1100L-C,Card,0.101
2009-02-01,City Services,MIDDLETON SKILLS CENTRE - YS253,1100L-W,Gen Waste,0.223
2009-02-01,City Services,MORLEY TOWN HALL 03060,1100L-C,Card,0.22
2009-02-01,City Services,MORLEY TOWN HALL 03060,1100L-W,Gen Waste,0.402
2009-02-01,City Services,NOWELL MOUNT CENTRE - YS254,1100L-W,Gen Waste,0.205
2009-02-01,City Services,OLD COCKBURN SPORTS HALL,1100L-W,Gen Waste,0.206
2009-02-01,City Services,OSMONDTHORPE OSC 03085,1100L-C,Card,0.086
2009-02-01,City Services,OSMONDTHORPE OSC 03085,1100L-W,Gen Waste,0.393
2009-02-01,City Services,OTLEY A O 03066,1100L-W,Gen Waste,0.196
2009-02-01,City Services,PAKISTANI CENTRE - YS256,1100L-C,Card,0.0
2009-02-01,City Services,PALACE PROJECT - YS257,1100L-W,Gen Waste,0.0
2009-02-01,City Services,PALACE PROJECT - YS257,660L-W,Gen Waste,0.144
2009-02-01,City Services,PRINCE PHILLIP CENTRE - YS258,1100L-C,Card,0.097
2009-02-01,City Services,PRINCE PHILLIP CENTRE - YS258,1100L-W,Gen Waste,0.295
2009-02-01,City Services,PUDSEY TOWN HALL 03071,1100L-W,Gen Waste,0.354
2009-02-01,City Services,PUDSEY TOWN HALL 03071,660L-C,Card,0.117
2009-02-01,City Services,RICHMOND HILL CENTRE - YS259,1100L-W,Gen Waste,0.209
2009-02-01,City Services,RICHMOND HILL CENTRE - YS259,660L-W,Gen Waste,0.0
2009-02-01,City Services,RICHMOND HILL CENTRE - YS259,660L-C,Card,0.055
2009-02-01,City Services,ROSE LUND CENTRE - YS260,660L-W,Gen Waste,0.147
2009-02-01,City Services,ROTHWELL A O - 03074,1100L-C,Card,0.086
2009-02-01,City Services,ROTHWELL A O - 03074,1100L-W,Gen Waste,0.289
2009-02-01,City Services,SOUTH GIPTON CENTRE - YS263,1100L-W,Gen Waste,0.256
2009-02-01,City Services,SOUTH LEEDS FLC,1100L-C,Card,0.081
2009-02-01,City Services,SOUTH LEEDS FLC,1100L-W,Gen Waste,1.271
2009-02-01,City Services,SOUTH SEACROFT OSC,1100L-C,Card,0.084
2009-02-01,City Services,SOUTH SEACROFT OSC,660L-C,Card,0.108
2009-02-01,City Services,SOUTH SEACROFT OSC,660L-W,Gen Waste,0.428
2009-02-01,City Services,ST GABRIELS CENTRE - YS264,660L-W,Gen Waste,0.143
2009-02-01,City Services,ST GEORGES CENTRE 03036,1100L-C,Card,0.199
2009-02-01,City Services,ST GEORGES CENTRE 03036,1100L-W,Gen Waste,0.438
2009-02-01,City Services,ST GREGORYS Y & A CENTRE,1100L-C,Card,0.086
2009-02-01,City Services,ST GREGORYS Y & A CENTRE,1100L-W,Gen Waste,0.198
2009-02-01,City Services,ST MATTHEWS CENTRE - YS266,1100L-W,Gen Waste,0.213
2009-02-01,City Services,ST MATTHEWS CENTRE - YS266,1100L-C,Card,0.09
2009-02-01,City Services,STANHOPE DRIVE YOUTH CENTRE,660L-W,Gen Waste,0.14
2009-02-01,City Services,STRAWBERRY LANE CENTRE - YS268,1100L-C,Card,0.095
2009-02-01,City Services,STRAWBERRY LANE CENTRE - YS268,1100L-W,Gen Waste,0.2
2009-02-01,City Services,THE LEONARDO BUILDING 03020,1100L-C,Card,1.745
2009-02-01,City Services,THE LEONARDO BUILDING 03020,1100L-W,Gen Waste,0.898
2009-02-01,City Services,THORESBY HOUSE 03017,1100L-C,Card,4.189
2009-02-01,City Services,THORESBY HOUSE 03017,1100L-W,Gen Waste,2.03
2009-02-01,City Services,TINGLEY YOUTH & COMMUNITY CENTRE,660L-W,Gen Waste,0.145
2009-02-01,City Services,WELFARE RIGHTS UNIT,1100L-W,Gen Waste,0.188
2009-02-01,City Services,WELFARE RIGHTS UNIT,660L-C,Card,0.049
2009-02-01,City Services,WESTON LANE CENTRE - YS272,1100L-W,Gen Waste,0.224
2009-02-01,City Services,WETHERBY A O 03078,1100L-W,Gen Waste,0.221
2009-02-01,City Services,WINDMILL YOUTH CENTRE,1100L-W,Gen Waste,0.195
2009-02-01,City Services,WINDMILL YOUTH CENTRE,1100L-C,Card,0.096
2009-02-01,City Services,WOODHOUSE COMMUNITY CENTRE,1100L-W,Gen Waste,0.118
2009-02-01,City Services,WOODHOUSE COMMUNITY CENTRE,1100L-C,Card,0.087
2009-02-01,City Services,WOODSLEY ROAD CENTRE - YS275,1100L-W,Gen Waste,0.408
2009-02-01,City Services,YEADON TOWN HALL - AET149,1100L-C,Card,0.046
2009-02-01,City Services,YEADON TOWN HALL - AET149,1100L-W,Gen Waste,0.421
2009-02-01,E ALMO,BUILDING SERVICES,1100L-C,Card,0.065
2009-02-01,E ALMO,BUILDING SERVICES,1100L-W,Gen Waste,0.202
2009-02-01,E ALMO,BURMANTOFTS NH,1100L-W,Gen Waste,0.2
2009-02-01,E ALMO,BURMANTOFTS NH,1100L-C,Card,0.085
2009-02-01,E ALMO,BUTTON HILL COMMUNITY CENTRE,1100L-W,Gen Waste,0.195
2009-02-01,E ALMO,GIPTON NHO,660L-W,Gen Waste,0.132
2009-02-01,E ALMO,GIPTON NHO,660L-C,Card,0.059
2009-02-01,E ALMO,HAREHILLS & CHAPEL TOWN NHO,1100L-W,Gen Waste,0.209
2009-02-01,E ALMO,HAREHILLS & CHAPEL TOWN NHO,1100L-C,Card,0.107
2009-02-01,E ALMO,MEANWOOD NHO,1100L-W,Gen Waste,0.155
2009-02-01,E ALMO,MOORTOWN NHO,1100L-W,Gen Waste,0.205
2009-02-01,E ALMO,MOORTOWN NHO,1100L-C,Card,0.104
2009-02-01,E ALMO,RICHOMOND HILL NHO,660L-W,Gen Waste,0.158
2009-02-01,E ALMO,SEACROFT NORTH 0SS - S066640,1100L-C,Card,0.063
2009-02-01,E ALMO,SEACROFT NORTH 0SS - S066640,1100L-W,Gen Waste,0.168
2009-02-01,E ALMO,TRIBECA HOUSE,1100L-C,Card,0.0
2009-02-01,E ALMO,TRIBECA HOUSE,1100L-W,Gen Waste,0.0
2009-02-01,E ALMO,TRIBECA HOUSE,660L-C,Card,0.126
2009-02-01,E ALMO,TRIBECA HOUSE,660L-W,Gen Waste,0.443
2009-02-01,E ALMO,TRIBECA HOUSE,360L-W,Gen Waste,0.127
2009-02-01,Education Leeds/Schools,ARTEMIS,1100L-W,Gen Waste,0.186
2009-02-01,Education Leeds/Schools,BEECHWOOD PRIMARY SCHOOL,1100L-W,Gen Waste,0.0
2009-02-01,Education Leeds/Schools,BLENHEIM CENTRE,1100L-W,Gen Waste,0.17
2009-02-01,Education Leeds/Schools,BLENHEIM CENTRE,1100L-W,Gen Waste,0.155
2009-02-01,Education Leeds/Schools,BLENHEIM CENTRE,1100L-W,Gen Waste,0.156
2009-02-01,Education Leeds/Schools,BLENHEIM CENTRE,1100L-C,Card,0.0
2009-02-01,Education Leeds/Schools,BRUDENELL PRIMARY SCHOOL,1100L-W,Gen Waste,0.318
2009-02-01,Education Leeds/Schools,CALVERLEY C OF E PRIMARY SCHOOL,1100L-C,Card,0.0
2009-02-01,Education Leeds/Schools,CALVERLEY C OF E PRIMARY SCHOOL,1100L-W,Gen Waste,0.0
2009-02-01,Education Leeds/Schools,CHAPEL ALLERTON PRIMARY SCHOOL,1100L-W,Gen Waste,0.0
2009-02-01,Education Leeds/Schools,ELMETE CENTRE,1100L-C,Card,0.23
2009-02-01,Education Leeds/Schools,ELMETE CENTRE,1100L-C,Card,0.088
2009-02-01,Education Leeds/Schools,ELMETE CENTRE,1100L-W,Gen Waste,0.428
2009-02-01,Education Leeds/Schools,ELMETE CENTRE,1100L-W,Gen Waste,0.404
2009-02-01,Education Leeds/Schools,ELMETE CENTRE,1100L-W,Gen Waste,0.422
2009-02-01,Education Leeds/Schools,GRAFTON SITE,1100L-C,Card,0.093
2009-02-01,Education Leeds/Schools,GRAFTON SITE,1100L-W,Gen Waste,0.211
2009-02-01,Education Leeds/Schools,HAREWOOD C OF E PRIMARY SCHOOL,1100L-W,Gen Waste,0.0
2009-02-01,Education Leeds/Schools,HORSFORTH NEWLAITHES SCHOOL,1100L-W,Gen Waste,0.0
2009-02-01,Education Leeds/Schools,HORSFORTH SCHOOL,1100L-C,Card,0.362
2009-02-01,Education Leeds/Schools,HORSFORTH SCHOOL,1100L-W,Gen Waste,3.239
2009-02-01,Education Leeds/Schools,IVESON PRIMARY SCHOOL - CARD,1100L-C,Card,0.045
2009-02-01,Education Leeds/Schools,IVESON PRIMARY SCOOL - GEN,1100L-W,Gen Waste,0.0
2009-02-01,Education Leeds/Schools,ROYDS SCHOOL,1100L-C,Card,0.0
2009-02-01,Education Leeds/Schools,ROYDS SCHOOL SPECIALIST LANGUAGE COLLEGE,1100L-W,Gen Waste,0.429
2009-02-01,Education Leeds/Schools,SOUTH PUDSEY COMMUNITY CENTRE,1100L-W,Gen Waste,0.216
2009-02-01,Education Leeds/Schools,SOUTH PUDSEY COMMUNITY CENTRE,1100L-C,Card,0.082
2009-02-01,Education Leeds/Schools,SOUTH PUDSEY COMMUNITY CENTRE,1100L-W,Gen Waste,0.0
2009-02-01,Education Leeds/Schools,ST ANTHONY'S CATHOLIC PRIMARY SCHOOL,1100L-C,Card,0.0
2009-02-01,Education Leeds/Schools,ST ANTHONY'S CATHOLIC PRIMARY SCHOOL,1100L-W,Gen Waste,0.115
2009-02-01,Education Leeds/Schools,THE BEST HOUSE,360L-W,Gen Waste,0.118
2009-02-01,Education Leeds/Schools,WEST END PRIMARY SCHOOL,1100L-C,Card,0.1
2009-02-01,Education Leeds/Schools,WEST END PRIMARY SCHOOL,1100L-W,Gen Waste,0.465
2009-02-01,Education Leeds/Schools,WEST PARK CENTRE,1100L-C,Card,0.076
2009-02-01,Education Leeds/Schools,WEST PARK CENTRE,1100L-C,Card,0.082
2009-02-01,Education Leeds/Schools,WEST PARK CENTRE,1100L-W,Gen Waste,0.163
2009-02-01,Education Leeds/Schools,WEST PARK CENTRE,1100L-W,Gen Waste,0.152
2009-02-01,Education Leeds/Schools,WEST PARK CENTRE,1100L-W,Gen Waste,0.156
2009-02-01,Education Leeds/Schools,WEST PARK CENTRE,1100L-W,Gen Waste,0.154
2009-02-01,Education Leeds/Schools,WESTERTON PRIMARY SCHOOL,1100L-C,Card,0.0
2009-02-01,Education Leeds/Schools,WESTERTON PRIMARY SCHOOL,1100L-W,Gen Waste,0.0
2009-02-01,Environment & Neighbourhoods,AIRE VALLEY TEAM - BELLE ISLE FOUND,660L-C,Card,0.068
2009-02-01,Environment & Neighbourhoods,AIRE VALLEY TEAM - BELLE ISLE FOUND,660L-W,Gen Waste,0.142
2009-02-01,Environment & Neighbourhoods,EAST KESWICK HALL (LCC),1100L-W,Gen Waste,0.0
2009-02-01,Environment & Neighbourhoods,EAST LEEDS AREA MANAGEMENT TEAM,1100L-C,Card,0.07
2009-02-01,Environment & Neighbourhoods,EAST LEEDS AREA MANAGEMENT TEAM,1100L-W,Gen Waste,0.21
2009-02-01,Environment & Neighbourhoods,ENVIROMENTAL HEALTH NEW ADD,660L-C,Card,1.0
2009-02-01,Environment & Neighbourhoods,ENVIROMENTAL HEALTH NEW ADD,660L-W,Gen Waste,0.145
2009-02-01,Environment & Neighbourhoods,ENVIROMENTAL HEALTH NEW ADD,1100L-C,Card,0.0
2009-02-01,Environment & Neighbourhoods,HILLSIDE HOSTEL,1100L-C,Card,0.109
2009-02-01,Environment & Neighbourhoods,HILLSIDE HOSTEL,1100L-W,Gen Waste,1.176
2009-02-01,Environment & Neighbourhoods,KIRKGATE CHAMBERS,1100L-C,Card,0.0
2009-02-01,Environment & Neighbourhoods,KIRKGATE CHAMBERS,240L-C,Card,0.0
2009-02-01,Environment & Neighbourhoods,KIRKGATE CHAMBERS,360L-C,Card,0.0
2009-02-01,Environment & Neighbourhoods,KIRKGATE CHAMBERS,360L-C,Card,0.0
2009-02-01,Environment & Neighbourhoods,LEEDS COMMUNITY SAFETY,660L-C,Card,0.113
2009-02-01,Environment & Neighbourhoods,LEEDS COMMUNITY SAFETY,660L-W,Gen Waste,0.0
2009-02-01,Environment & Neighbourhoods,LEEDS COMMUNITY SAFETY,660L-C,Card,0.0
2009-02-01,Environment & Neighbourhoods,MILLSHAW ENVIRONMENTAL HEALTH OFFICE,1100L-C,Card,0.093
2009-02-01,Environment & Neighbourhoods,MILLSHAW ENVIRONMENTAL HEALTH OFFICE,1100L-W,Gen Waste,0.208
2009-02-01,Environment & Neighbourhoods,PENNINGTON PLACE,1100L-W,Gen Waste,0.492
2009-02-01,Environment & Neighbourhoods,RESETTLEMENT SERVICES,1100L-W,Gen Waste,0.0
2009-02-01,Environment & Neighbourhoods,RESETTLEMENT SERVICES,1100L-C,Card,0.0
2009-02-01,Environment & Neighbourhoods,RICHMOND COURT,1100L-W,Gen Waste,0.98
2009-02-01,Environment & Neighbourhoods,SUE RYDER CARE (LCC),1100L-W,Gen Waste,0.406
2009-02-01,Environment & Neighbourhoods,SUE RYDER CARE (LCC),1100L-W,Gen Waste,0.32
2009-02-01,Environment & Neighbourhoods,SUE RYDER CARE (LCC),1100L-W,Gen Waste,0.0
2009-02-01,Environment & Neighbourhoods,THE HOLLIES,1100L-W,Gen Waste,0.518
2009-02-01,Environment & Neighbourhoods,WOODHOUSE LANE CAR PARK,1100L-W,Gen Waste,0.212
2009-02-01,Highways,POTTERY FIELDS DEPOT,1100L-C,Card,0.196
2009-02-01,Highways,POTTERY FIELDS DEPOT,1100L-W,Gen Waste,0.135
2009-02-01,Learning & Leisure,ARDSLEY/TINGLEY LIBRARY,1100L-W,Gen Waste,0.0
2009-02-01,Learning & Leisure,ARDSLEY/TINGLEY LIBRARY,660L-W,Gen Waste,0.134
2009-02-01,Learning & Leisure,ARMLEY EYC - OUTREACH CENTRE,1100L-W,Gen Waste,0.199
2009-02-01,Learning & Leisure,ARMLEY LASER CENTRE - YS222,1100L-C,Card,0.09
2009-02-01,Learning & Leisure,ARMLEY LASER CENTRE - YS222,1100L-W,Gen Waste,0.199
2009-02-01,Learning & Leisure,ARMLEY LASER CENTRE - YS222,660L-W,Gen Waste,0.0
2009-02-01,Learning & Leisure,ARMLEY MILLS -  MUS174,1100L-W,Gen Waste,0.19
2009-02-01,Learning & Leisure,ARMLEY MILLS -  MUS174,660L-C,Card,0.06
2009-02-01,Learning & Leisure,ARMLEY SPORTS CENTRE - SPO164,1100L-C,Card,0.087
2009-02-01,Learning & Leisure,ARMLEY SPORTS CENTRE - SPO164,1100L-W,Gen Waste,0.776
2009-02-01,Learning & Leisure,BEESTON LIBRARY,660L-C,Card,0.044
2009-02-01,Learning & Leisure,BEESTON LIBRARY,660L-W,Gen Waste,0.138
2009-02-01,Learning & Leisure,BELLE ISLE CENTRE - YS226,1100L-C,Card,0.102
2009-02-01,Learning & Leisure,BELLE ISLE CENTRE - YS226,1100L-W,Gen Waste,0.197
2009-02-01,Learning & Leisure,BOWLS & ATHLETICS SPO16,1100L-C,Card,0.082
2009-02-01,Learning & Leisure,BOWLS & ATHLETICS SPO16,1100L-W,Gen Waste,0.309
2009-02-01,Learning & Leisure,BRAMLEY BATHS - SPO160,1100L-C,Card,0.071
2009-02-01,Learning & Leisure,BRAMLEY BATHS - SPO160,1100L-W,Gen Waste,0.219
2009-02-01,Learning & Leisure,BRAMLEY CENTRE - YS227,1100L-C,Card,0.07
2009-02-01,Learning & Leisure,BRAMLEY CENTRE - YS227,1100L-W,Gen Waste,0.211
2009-02-01,Learning & Leisure,BRAMLEY CHILDRENS CENTRE - EDEYC206,1100L-C,Card,0.066
2009-02-01,Learning & Leisure,BRAMLEY CHILDRENS CENTRE - EDEYC206,1100L-W,Gen Waste,0.221
2009-02-01,Learning & Leisure,BROAD LANE LIBRARY - LIB120,1100L-W,Gen Waste,0.0
2009-02-01,Learning & Leisure,BURLEY LIBRARY - LIB133,360L-W,Gen Waste,0.061
2009-02-01,Learning & Leisure,BURLEY PARK EYC - U8EYC183,1100L-C,Card,0.089
2009-02-01,Learning & Leisure,BURLEY PARK EYC - U8EYC183,1100L-W,Gen Waste,0.427
2009-02-01,Learning & Leisure,CALVERLEY LIBRARY - S067160,660L-W,Gen Waste,0.0
2009-02-01,Learning & Leisure,CATERING - CANAL GARDEN,1100L-C,Card,0.163
2009-02-01,Learning & Leisure,CATERING - CANAL GARDEN,1100L-W,Gen Waste,0.829
2009-02-01,Learning & Leisure,CATERING - GOLDEN ACRE PARK,1100L-C,Card,0.086
2009-02-01,Learning & Leisure,CATERING - GOLDEN ACRE PARK,1100L-W,Gen Waste,0.42
2009-02-01,Learning & Leisure,CATERING - TEMPLE NEWSAM PARK,1100L-C,Card,0.073
2009-02-01,Learning & Leisure,CATERING - TEMPLE NEWSAM PARK,1100L-W,Gen Waste,0.627
2009-02-01,Learning & Leisure,CENTRAL LIBRARY - LIB114,1100L-C,Card,0.556
2009-02-01,Learning & Leisure,CENTRAL LIBRARY - LIB114,1100L-W,Gen Waste,1.23
2009-02-01,Learning & Leisure,CHAPEL ALLERTON BR LIBRARY - LIB113,240L-W,Gen Waste,0.043
2009-02-01,Learning & Leisure,CHAPEL ALLERTON CHILDRENS CENTRE,1100L-C,Card,0.151
2009-02-01,Learning & Leisure,CHAPEL ALLERTON CHILDRENS CENTRE,1100L-W,Gen Waste,0.371
2009-02-01,Learning & Leisure,CHAPELTOWN CHILDRENS CENTRE,1100L-C,Card,0.091
2009-02-01,Learning & Leisure,CHAPELTOWN CHILDRENS CENTRE,1100L-W,Gen Waste,0.343
2009-02-01,Learning & Leisure,CITY MUSEUM,1100L-C,Card,0.114
2009-02-01,Learning & Leisure,CITY MUSEUM,1100L-W,Gen Waste,0.394
2009-02-01,Learning & Leisure,COMPTON ROAD LIBRARY - LIB140,1100L-C,Card,0.0
2009-02-01,Learning & Leisure,COMPTON ROAD LIBRARY - LIB140,660L-W,Gen Waste,0.0
2009-02-01,Learning & Leisure,COMPTON ROAD LIBRARY - LIB140,660L-C,Card,0.0
2009-02-01,Learning & Leisure,CONSTRUCTION SKILLS TRAINING CENTRE,1100L-C,Card,0.0
2009-02-01,Learning & Leisure,CONSTRUCTION SKILLS TRAINING CENTRE,1100L-W,Gen Waste,0.0
2009-02-01,Learning & Leisure,CROSSGATES LIBRARY - LIB119,1100L-W,Gen Waste,0.226
2009-02-01,Learning & Leisure,DENIS HEALEY CENTRE - YS232,1100L-W,Gen Waste,0.215
2009-02-01,Learning & Leisure,DOREEN HAMILTON DC - 506 Q884679,1100L-C,Card,0.1
2009-02-01,Learning & Leisure,DOREEN HAMILTON DC - 506 Q884679,1100L-W,Gen Waste,0.376
2009-02-01,Learning & Leisure,DOREEN HAMILTON EYC - SSEYC200,1100L-C,Card,0.084
2009-02-01,Learning & Leisure,DOREEN HAMILTON EYC - SSEYC200,1100L-W,Gen Waste,0.257
2009-02-01,Learning & Leisure,DRIGHLINGTON MEETING HALL - AET144,1100L-W,Gen Waste,0.218
2009-02-01,Learning & Leisure,EAST LEEDS FLC - TRGEYC214,1100L-C,Card,0.14
2009-02-01,Learning & Leisure,EAST LEEDS FLC - TRGEYC214,1100L-W,Gen Waste,1.465
2009-02-01,Learning & Leisure,EAST LEEDS LEISURE CENTRE - SPO158,1100L-C,Card,0.0
2009-02-01,Learning & Leisure,EAST LEEDS LEISURE CENTRE - SPO158,1100L-W,Gen Waste,0.0
2009-02-01,Learning & Leisure,EAST LEEDS LEISURE CENTRE - SPO158,660L-C,Card,0.067
2009-02-01,Learning & Leisure,EAST LEEDS LEISURE CENTRE - SPO158,660L-W,Gen Waste,0.854
2009-02-01,Learning & Leisure,FARSLEY BRANCH LIBRARY - LIB103,1100L-W,Gen Waste,0.0
2009-02-01,Learning & Leisure,FEARNVILLE SPORTS CENTRE - SPO153,1100L-C,Card,0.087
2009-02-01,Learning & Leisure,FEARNVILLE SPORTS CENTRE - SPO153,1100L-W,Gen Waste,0.412
2009-02-01,Learning & Leisure,FIRTHFIELD EYC - (ANNE FLEGG),1100L-W,Gen Waste,0.215
2009-02-01,Learning & Leisure,GARFORTH LEISURE CENTRE - SPO281,1100L-C,Card,0.093
2009-02-01,Learning & Leisure,GARFORTH LEISURE CENTRE - SPO281,1100L-W,Gen Waste,0.0
2009-02-01,Learning & Leisure,GARFORTH LIBRARY (REAR) - LIB110,360L-W,Gen Waste,0.0
2009-02-01,Learning & Leisure,GARFORTH LIBRARY (REAR) - LIB110,360L-C,Card,0.0
2009-02-01,Learning & Leisure,GILDERSOME MEETING HALL DMS - AET14,1100L-W,Gen Waste,0.174
2009-02-01,Learning & Leisure,GOTTS PARK MUNICIPAL GOLF CL - PK16,1100L-W,Gen Waste,0.199
2009-02-01,Learning & Leisure,GUISELEY LIBRARY - LIB106,660L-W,Gen Waste,0.142
2009-02-01,Learning & Leisure,GUISELEY LIBRARY - LIB106,660L-C,Card,0.066
2009-02-01,Learning & Leisure,HALTON LIBRARY - LIB139,1100L-W,Gen Waste,0.0
2009-02-01,Learning & Leisure,HALTON LIBRARY - LIB139,660L-C,Card,0.045
2009-02-01,Learning & Leisure,HALTON LIBRARY - LIB139,660L-W,Gen Waste,0.139
2009-02-01,Learning & Leisure,HAREHILLS CHILDRENS CENTRE,1100L-C,Card,0.067
2009-02-01,Learning & Leisure,HAREHILLS CHILDRENS CENTRE,1100L-W,Gen Waste,0.321
2009-02-01,Learning & Leisure,HAREHILLS JOB SHOP,660L-W,Gen Waste,0.075
2009-02-01,Learning & Leisure,HAWKSWORTH WOOD EYC - TRGEYC217,1100L-C,Card,0.214
2009-02-01,Learning & Leisure,HAWKSWORTH WOOD EYC - TRGEYC217,1100L-W,Gen Waste,0.18
2009-02-01,Learning & Leisure,HEADINGLEY ANN CENTRE - YS238,360L-W,Gen Waste,0.067
2009-02-01,Learning & Leisure,HEADINGLEY ANN CENTRE - YS238,360L-C,Card,0.027
2009-02-01,Learning & Leisure,"HERD FARM, ECCUP RESEVIOR - YS241",1100L-C,Card,0.171
2009-02-01,Learning & Leisure,"HERD FARM, ECCUP RESEVIOR - YS241",1100L-W,Gen Waste,0.389
2009-02-01,Learning & Leisure,HOLBECK LIBRARY - LIB137,240L-W,Gen Waste,0.081
2009-02-01,Learning & Leisure,HOLT PARK LEISURE CENTRE - SPO157,1100L-W,Gen Waste,0.447
2009-02-01,Learning & Leisure,HORSFORTH LIBRARY - LIB118,1100L-W,Gen Waste,0.204
2009-02-01,Learning & Leisure,HOVINGHAM PRIMARY SCHOOL - PORTACABIN,360L-W,Gen Waste,0.053
2009-02-01,Learning & Leisure,HUNSLET CHILDRENS CENTRE,1100L-C,Card,0.089
2009-02-01,Learning & Leisure,HUNSLET CHILDRENS CENTRE,1100L-W,Gen Waste,0.413
2009-02-01,Learning & Leisure,HUNSLET HALL EYC - U8EYC186,1100L-C,Card,0.082
2009-02-01,Learning & Leisure,HUNSLET HALL EYC - U8EYC186,1100L-W,Gen Waste,0.416
2009-02-01,Learning & Leisure,HUNSLET LAKE - YS243,1100L-W,Gen Waste,0.0
2009-02-01,Learning & Leisure,HUNSLET LIBRARY (REAR) - LIB117,1100L-W,Gen Waste,0.0
2009-02-01,Learning & Leisure,HUNSLET LIBRARY (REAR) - LIB117,660L-W,Gen Waste,0.154
2009-02-01,Learning & Leisure,HUNSLET LIBRARY (REAR) - LIB117,660L-C,Card,0.0
2009-02-01,Learning & Leisure,IRELAND WOOD PUBLIC LIBRARY - LIB11,240L-W,Gen Waste,0.032
2009-02-01,Learning & Leisure,IYSS YOUTH HUB,1100L-W,Gen Waste,0.147
2009-02-01,Learning & Leisure,JOHN SMEATON LEISURE CENTRE,1100L-C,Card,0.0
2009-02-01,Learning & Leisure,JOHN SMEATON LEISURE CENTRE,1100L-W,Gen Waste,1.227
2009-02-01,Learning & Leisure,KENTMERE EYC - U8EYC187,1100L-C,Card,0.108
2009-02-01,Learning & Leisure,KENTMERE EYC - U8EYC187,1100L-W,Gen Waste,0.44
2009-02-01,Learning & Leisure,KIPPAX LIBRARY - LIB111,240L-W,Gen Waste,0.062
2009-02-01,Learning & Leisure,KIPPAX SPORTS CENTRE - SPO163,1100L-C,Card,0.119
2009-02-01,Learning & Leisure,KIPPAX SPORTS CENTRE - SPO163,1100L-W,Gen Waste,0.422
2009-02-01,Learning & Leisure,KIPPAX SPORTS CENTRE - SPO163,1100L-W,Gen Waste,0.0
2009-02-01,Learning & Leisure,KIRKSTALL ABBEY HOUSE MUSEUM - MUS1,1100L-C,Card,0.093
2009-02-01,Learning & Leisure,KIRKSTALL ABBEY HOUSE MUSEUM - MUS1,1100L-W,Gen Waste,0.425
2009-02-01,Learning & Leisure,KIRKSTALL LEISURE CENTRE,1100L-C,Card,0.15
2009-02-01,Learning & Leisure,KIRKSTALL LEISURE CENTRE,1100L-W,Gen Waste,0.427
2009-02-01,Learning & Leisure,LANGBAR EYC - U8EYC189,1100L-C,Card,0.093
2009-02-01,Learning & Leisure,LANGBAR EYC - U8EYC189,1100L-W,Gen Waste,0.212
2009-02-01,Learning & Leisure,LAUREL BANK EYC - SSEYC202,1100L-W,Gen Waste,0.208
2009-02-01,Learning & Leisure,LEEDS C C - EVENTS TEAM,1100L-W,Gen Waste,0.0
2009-02-01,Learning & Leisure,LEEDS MUSEUM DISCOVERY CENTRE,1100L-C,Card,0.081
2009-02-01,Learning & Leisure,LEEDS MUSEUM DISCOVERY CENTRE,660L-W,Gen Waste,0.155
2009-02-01,Learning & Leisure,LEEDS TOWN HALL,1100L-C,Card,3.351
2009-02-01,Learning & Leisure,LEEDS TOWN HALL,1100L-W,Gen Waste,2.041
2009-02-01,Learning & Leisure,LIBRARY HQ - LIB127,1100L-C,Card,0.0
2009-02-01,Learning & Leisure,LIBRARY HQ - NEW - LIB127,1100L-C,Card,0.146
2009-02-01,Learning & Leisure,LIBRARY HQ - NEW - LIB127,1100L-W,Gen Waste,0.662
2009-02-01,Learning & Leisure,LOTHERTON BIRD GARDEN,1100L-W,Gen Waste,0.408
2009-02-01,Learning & Leisure,LOTHERTON HALL - MUS176,660L-W,Gen Waste,0.068
2009-02-01,Learning & Leisure,LOTHERTON HALL - MUS176,660L-C,Card,0.029
2009-02-01,Learning & Leisure,MIDDLETON LEISURE CENTRE - SPO159,1100L-C,Card,0.086
2009-02-01,Learning & Leisure,MIDDLETON LEISURE CENTRE - SPO159,1100L-W,Gen Waste,0.421
2009-02-01,Learning & Leisure,MOOR ALLERTON LIBRARY - LIB116,360L-W,Gen Waste,0.091
2009-02-01,Learning & Leisure,MOOR ALLERTON LIBRARY - LIB116,360L-C,Card,0.015
2009-02-01,Learning & Leisure,MORLEY EARLEY YEARS - TRGEYC218,1100L-C,Card,0.0
2009-02-01,Learning & Leisure,MORLEY EARLEY YEARS - TRGEYC218,1100L-W,Gen Waste,0.0
2009-02-01,Learning & Leisure,MORLEY EARLEY YEARS - TRGEYC218,660L-W,Gen Waste,0.0
2009-02-01,Learning & Leisure,MORLEY LEISURE CENTRE,1100L-C,Card,0.0
2009-02-01,Learning & Leisure,MORLEY PUBLIC LIBRARY (REAR) - LIB1,1100L-C,Card,0.082
2009-02-01,Learning & Leisure,MORLEY PUBLIC LIBRARY (REAR) - LIB1,360L-W,Gen Waste,0.088
2009-02-01,Learning & Leisure,MORLEY PUBLIC LIBRARY (REAR) - LIB1,1100L-W,Gen Waste,0.0
2009-02-01,Learning & Leisure,NEIGHBOURHOOD JOB SHOP,240L-W,Gen Waste,0.065
2009-02-01,Learning & Leisure,NEIGHBOURHOOD JOB SHOP,240L-C,Card,0.0
2009-02-01,Learning & Leisure,NESFIELD OUTREACH - U8EYC191,1100L-W,Gen Waste,0.229
2009-02-01,Learning & Leisure,NEW AQUATICS CENTRE,1100L-C,Card,0.189
2009-02-01,Learning & Leisure,NEW AQUATICS CENTRE,1100L-W,Gen Waste,1.505
2009-02-01,Learning & Leisure,NORTH AREA OFFICE - YS277,1100L-C,Card,0.18
2009-02-01,Learning & Leisure,NORTH AREA OFFICE - YS277,1100L-W,Gen Waste,0.21
2009-02-01,Learning & Leisure,OAKDALE EYC - U8EYC192,1100L-C,Card,0.068
2009-02-01,Learning & Leisure,OAKDALE EYC - U8EYC192,1100L-W,Gen Waste,0.184
2009-02-01,Learning & Leisure,OAKWOOD LIBRARY - LIB125,360L-W,Gen Waste,0.09
2009-02-01,Learning & Leisure,OTLEY LIBRARY - LIB135,360L-W,Gen Waste,0.114
2009-02-01,Learning & Leisure,PARKS & COUNTRYSIDES,1100L-C,Card,0.11
2009-02-01,Learning & Leisure,PARKS & COUNTRYSIDES,1100L-W,Gen Waste,0.4
2009-02-01,Learning & Leisure,PUDSEY CIVIC HALL,1100L-W,Gen Waste,0.0
2009-02-01,Learning & Leisure,PUDSEY CIVIC HALL - CATERING,1100L-C,Card,0.153
2009-02-01,Learning & Leisure,PUDSEY LEISURE CENTRE - SPO161,1100L-C,Card,0.098
2009-02-01,Learning & Leisure,PUDSEY LEISURE CENTRE - SPO161,1100L-W,Gen Waste,0.632
2009-02-01,Learning & Leisure,PUDSEY LIBRARY (REAR) - LIB109,1100L-W,Gen Waste,0.212
2009-02-01,Learning & Leisure,PUDSEY LIBRARY (REAR) - LIB109,1100L-C,Card,0.132
2009-02-01,Learning & Leisure,QUARRY MOUNT CHILDRENS CENTRE,1100L-W,Gen Waste,0.129
2009-02-01,Learning & Leisure,QUARRY MOUNT CHILDRENS CENTRE,1100L-C,Card,0.092
2009-02-01,Learning & Leisure,RED HALL,1100L-C,Card,0.214
2009-02-01,Learning & Leisure,RICHMOND HILL EYC - U8EYC193,1100L-W,Gen Waste,0.399
2009-02-01,Learning & Leisure,RICHMOND HILL EYC - U8EYC193,1100L-C,Card,0.096
2009-02-01,Learning & Leisure,RICHMOND HILL SPORTS HALL - SPO155,1100L-W,Gen Waste,0.104
2009-02-01,Learning & Leisure,ROSEVILLE CENTRE - TRGEYC284,1100L-W,Gen Waste,0.0
2009-02-01,Learning & Leisure,ROTHWELL LC - SPO279,1100L-C,Card,0.102
2009-02-01,Learning & Leisure,ROTHWELL LIBRARY - LIB104,360L-W,Gen Waste,0.116
2009-02-01,Learning & Leisure,ROTHWELL LIBRARY - LIB104,360L-C,Card,0.132
2009-02-01,Learning & Leisure,ROUNDHAY MANSION,1100L-C,Card,0.09
2009-02-01,Learning & Leisure,ROUNDHAY MANSION,660L-W,Gen Waste,0.142
2009-02-01,Learning & Leisure,SAILING CENTRE - SPO282,660L-W,Gen Waste,0.142
2009-02-01,Learning & Leisure,SCHOOLS LIBRARY SERVICE,1100L-W,Gen Waste,0.152
2009-02-01,Learning & Leisure,SCOTHALL SPORTS CENTRE - SPO152,1100L-C,Card,0.155
2009-02-01,Learning & Leisure,SCOTHALL SPORTS CENTRE - SPO152,1100L-W,Gen Waste,0.825
2009-02-01,Learning & Leisure,SCOTT HALL EYC - U8EYC195,1100L-C,Card,0.093
2009-02-01,Learning & Leisure,SCOTT HALL EYC - U8EYC195,1100L-W,Gen Waste,0.202
2009-02-01,Learning & Leisure,SEACROFT CC - U8EYC196,1100L-C,Card,0.039
2009-02-01,Learning & Leisure,SEACROFT CC - U8EYC196,1100L-W,Gen Waste,0.213
2009-02-01,Learning & Leisure,SEACROFT LIBRARY (SIDE) - LIB107,1100L-W,Gen Waste,0.218
2009-02-01,Learning & Leisure,SEACROFT LIBRARY (SIDE) - LIB107,1100L-C,Card,0.087
2009-02-01,Learning & Leisure,SHEPHERD LANE EYC - U8EYC197,1100L-C,Card,0.0
2009-02-01,Learning & Leisure,SHEPHERD LANE EYC - U8EYC197,1100L-W,Gen Waste,0.19
2009-02-01,Learning & Leisure,SOUTH LEEDS STADIUM,1100L-C,Card,0.157
2009-02-01,Learning & Leisure,SOUTH LEEDS STADIUM,1100L-W,Gen Waste,2.104
2009-02-01,Learning & Leisure,SPRINGFIELD EYC,1100L-W,Gen Waste,0.164
2009-02-01,Learning & Leisure,ST LAWRENCE HOUSE EYC - U8EYC198,1100L-C,Card,0.031
2009-02-01,Learning & Leisure,ST LAWRENCE HOUSE EYC - U8EYC198,1100L-W,Gen Waste,0.144
2009-02-01,Learning & Leisure,SWINNOW LIBRARY - LIB136,1100L-W,Gen Waste,0.0
2009-02-01,Learning & Leisure,TECHNORTH EYC - TRGEYC212,1100L-C,Card,0.169
2009-02-01,Learning & Leisure,TECHNORTH EYC - TRGEYC212,1100L-W,Gen Waste,0.629
2009-02-01,Learning & Leisure,TEMPLE NEWSAM HOUSE - MUS175,1100L-C,Card,0.089
2009-02-01,Learning & Leisure,TEMPLE NEWSAM HOUSE - MUS175,1100L-W,Gen Waste,0.217
2009-02-01,Learning & Leisure,THWAITE MILLS - MUS173,1100L-C,Card,0.104
2009-02-01,Learning & Leisure,THWAITE MILLS - MUS173,1100L-W,Gen Waste,0.191
2009-02-01,Learning & Leisure,TREETOPS COMMUNITY CENTRE,1100L-W,Gen Waste,0.0
2009-02-01,Learning & Leisure,TREETOPS COMMUNITY CENTRE,360L-W,Gen Waste,0.132
2009-02-01,Learning & Leisure,TUNSTALL ROAD CENTRE - YS270,1100L-C,Card,0.071
2009-02-01,Learning & Leisure,TUNSTALL ROAD CENTRE - YS270,1100L-W,Gen Waste,0.197
2009-02-01,Learning & Leisure,TWO WILLOWS EYC - U8EYC199,1100L-C,Card,0.093
2009-02-01,Learning & Leisure,TWO WILLOWS EYC - U8EYC199,1100L-W,Gen Waste,0.442
2009-02-01,Learning & Leisure,WEST ARDSLEY CENTRE - YS271,1100L-W,Gen Waste,0.0
2009-02-01,Learning & Leisure,WEST LEEDS FLC - TRGEYC211,1100L-C,Card,0.053
2009-02-01,Learning & Leisure,WEST LEEDS FLC - TRGEYC211,1100L-W,Gen Waste,0.297
2009-02-01,Learning & Leisure,WEST YORKSHIRE ARCHIVES DEPT - LIB1,240L-C,Card,0.023
2009-02-01,Learning & Leisure,WETHERBY LEISURE CENTRE - SPO156,1100L-W,Gen Waste,0.39
2009-02-01,Learning & Leisure,WETHERBY LIBRARY - LIB108,360L-W,Gen Waste,0.12
2009-02-01,Learning & Leisure,WHINMOOR LIBRARY - LIB126,1100L-W,Gen Waste,0.0
2009-02-01,Learning & Leisure,WINDMILL CHILDRENS CENTRE - U8EYC28,1100L-C,Card,0.08
2009-02-01,Learning & Leisure,WINDMILL CHILDRENS CENTRE - U8EYC28,1100L-W,Gen Waste,0.444
2009-02-01,Learning & Leisure,YEADON LIBRARY - LIB219,360L-W,Gen Waste,0.114
2009-02-01,Learning & Leisure,YEADON LIBRARY - LIB219,360L-C,Card,0.022
2009-02-01,Resources,CITY SERVICES - PROPERTY MAINTENANC,1100L-C,Card,0.158
2009-02-01,Resources,CITY SERVICES - PROPERTY MAINTENANC,1100L-W,Gen Waste,0.409
2009-02-01,Resources,CLEANING & SERVICES(CITY PRINT),1100L-W,Gen Waste,0.633
2009-02-01,Resources,SECURITY SERVICES,1100L-W,Gen Waste,0.162
2009-02-01,Resources,SECURITY SERVICES,1100L-C,Card,0.08
2009-02-01,Resources,TRANSPORT AGENCY 36370,1100L-C,Card,0.071
2009-02-01,Resources,TRANSPORT AGENCY 36370,1100L-W,Gen Waste,0.418
2009-02-01,Resources,WESTLAND ROAD DEPOT 77400,1100L-C,Card,0.097
2009-02-01,Resources,WESTLAND ROAD DEPOT 77400,1100L-W,Gen Waste,0.169
2009-02-01,Social Care,15 LAVENDER WALK,660L-C,Card,0.062
2009-02-01,Social Care,15 LAVENDER WALK,660L-W,Gen Waste,0.119
2009-02-01,Social Care,ACORN LODGE - Q890207,1100L-W,Gen Waste,0.19
2009-02-01,Social Care,AMBERTON COURT - S065890,1100L-C,Card,0.093
2009-02-01,Social Care,AMBERTON COURT - S065890,1100L-W,Gen Waste,0.573
2009-02-01,Social Care,APNA DAY CENTRE - S064100,1100L-W,Gen Waste,0.221
2009-02-01,Social Care,BAILEYS HOUSE - 238 - Q888998,1100L-C,Card,0.076
2009-02-01,Social Care,BAILEYS HOUSE - 238 - Q888998,1100L-W,Gen Waste,0.602
2009-02-01,Social Care,BELLE ISLE NEIGHBOURHOOD CENTRE - 9,660L-W,Gen Waste,0.143
2009-02-01,Social Care,BEWERLEY CROFT - 255 - S064200,1100L-C,Card,0.084
2009-02-01,Social Care,BEWERLEY CROFT - 255 - S064200,1100L-W,Gen Waste,0.434
2009-02-01,Social Care,BODMIN ROAD 2 - 81,660L-W,Gen Waste,0.155
2009-02-01,Social Care,BODMIN ROAD 2 - 81,660L-C,Card,0.063
2009-02-01,Social Care,BODMIN ROAD 4 - 70,660L-W,Gen Waste,0.192
2009-02-01,Social Care,BRAMLEY LAWN DC - S063921,1100L-W,Gen Waste,0.193
2009-02-01,Social Care,BRAMLEY LAWN DC - S063921,1100L-C,Card,0.107
2009-02-01,Social Care,BRAMLEY TC - 362 - S066251,1100L-C,Card,0.05
2009-02-01,Social Care,BRAMLEY TC - 362 - S066251,1100L-W,Gen Waste,0.416
2009-02-01,Social Care,BROOKSBANK - 141 Q893778,1100L-C,Card,0.0
2009-02-01,Social Care,BROOKSBANK - 141 Q893778,1100L-W,Gen Waste,0.397
2009-02-01,Social Care,BROOM COURT - 242 S066401,1100L-C,Card,0.09
2009-02-01,Social Care,BROOM COURT - 242 S066401,1100L-W,Gen Waste,0.549
2009-02-01,Social Care,BURLEY WILLOWS - 170 - S064513,1100L-C,Card,0.103
2009-02-01,Social Care,BURLEY WILLOWS - 170 - S064513,1100L-W,Gen Waste,0.427
2009-02-01,Social Care,BURLEY WILLOWS DC - 523,1100L-W,Gen Waste,0.15
2009-02-01,Social Care,CALVERLANDS DC - 516,1100L-C,Card,0.09
2009-02-01,Social Care,CALVERLANDS DC - 516,1100L-W,Gen Waste,0.204
2009-02-01,Social Care,CLIFFORD BROOKE CTR 327 - Q897660,1100L-C,Card,0.0
2009-02-01,Social Care,CLIFFORD BROOKE CTR 327 - Q897660,1100L-W,Gen Waste,0.0
2009-02-01,Social Care,COTTINGLEY COURT - 253,1100L-W,Gen Waste,0.552
2009-02-01,Social Care,COTTINGLEY COURT - 253,1100L-C,Card,0.098
2009-02-01,Social Care,CRISIS CENTRE - 353 - Q900405,1100L-C,Card,0.071
2009-02-01,Social Care,CRISIS CENTRE - 353 - Q900405,1100L-W,Gen Waste,0.177
2009-02-01,Social Care,CROSSGATES LIBRARY,1100L-C,Card,0.096
2009-02-01,Social Care,DELPH MANOR - 230 - Q829527,1100L-W,Gen Waste,0.63
2009-02-01,Social Care,DOLPHIN MANOR - S065663,1100L-C,Card,0.083
2009-02-01,Social Care,DOLPHIN MANOR - S065663,1100L-W,Gen Waste,0.72
2009-02-01,Social Care,EASDALE CLOSE,360L-W,Gen Waste,0.222
2009-02-01,Social Care,EAST LEEDS FAMILY RC  Q874041,1100L-W,Gen Waste,0.212
2009-02-01,Social Care,EASTMOOR CSU - 126 - S066405,1100L-C,Card,0.276
2009-02-01,Social Care,EASTMOOR CSU - 126 - S066405,1100L-W,Gen Waste,1.698
2009-02-01,Social Care,FAIRVIEW - S066039,1100L-C,Card,0.101
2009-02-01,Social Care,FAIRVIEW - S066039,1100L-W,Gen Waste,0.428
2009-02-01,Social Care,FARFIELD DC - S063922,660L-W,Gen Waste,0.0
2009-02-01,Social Care,FIRTHFIELDS DC - S065781,1100L-C,Card,0.092
2009-02-01,Social Care,FIRTHFIELDS DC - S065781,1100L-W,Gen Waste,0.193
2009-02-01,Social Care,FIRTHFIELDS DC - S065781,1100L-C,Card,0.0
2009-02-01,Social Care,FREDERICK HURDLE DC - 509 Q894243,1100L-C,Card,0.065
2009-02-01,Social Care,FREDERICK HURDLE DC - 509 Q894243,1100L-W,Gen Waste,0.222
2009-02-01,Social Care,GANNERS GREEN - 66 - Q874398,360L-W,Gen Waste,0.205
2009-02-01,Social Care,GRANGE COURT - S063964,1100L-C,Card,0.088
2009-02-01,Social Care,GRANGE COURT - S063964,1100L-W,Gen Waste,0.418
2009-02-01,Social Care,GREEN THE - 176 - S066593,1100L-W,Gen Waste,0.407
2009-02-01,Social Care,GREEN THE DC - S066593,1100L-C,Card,0.082
2009-02-01,Social Care,GREEN THE DC - S066593,1100L-W,Gen Waste,0.23
2009-02-01,Social Care,GREENHILL CENTRE - S069656,1100L-W,Gen Waste,0.117
2009-02-01,Social Care,HARRY BOOTH HOUSE - S063957,1100L-C,Card,0.089
2009-02-01,Social Care,HARRY BOOTH HOUSE - S063957,1100L-W,Gen Waste,0.62
2009-02-01,Social Care,HEALEY CROFT - 229,1100L-W,Gen Waste,0.306
2009-02-01,Social Care,HOLBECK DC - S063712,1100L-C,Card,0.105
2009-02-01,Social Care,HOLBECK DC - S063712,1100L-W,Gen Waste,0.213
2009-02-01,Social Care,HOME LEA HOUSE - S064059,1100L-C,Card,0.089
2009-02-01,Social Care,HOME LEA HOUSE - S064059,1100L-W,Gen Waste,0.637
2009-02-01,Social Care,HORSFORTH - 359 - Q895809,1100L-C,Card,0.093
2009-02-01,Social Care,HORSFORTH - 359 - Q895809,1100L-W,Gen Waste,0.317
2009-02-01,Social Care,HOUGH LANE CENTRE,1100L-C,Card,0.053
2009-02-01,Social Care,HOUGH LANE CENTRE,1100L-W,Gen Waste,0.42
2009-02-01,Social Care,HUNSLET HALL - 6,1100L-W,Gen Waste,0.359
2009-02-01,Social Care,HUNSLET HALL - 6,660L-C,Card,0.057
2009-02-01,Social Care,HUNSLET HALL ANNEX,360L-C,Card,0.021
2009-02-01,Social Care,INGLEWOOD - 46 - S066331,1100L-W,Gen Waste,0.454
2009-02-01,Social Care,IVESON APPROACH - 68 - Q882007,1100L-W,Gen Waste,0.0
2009-02-01,Social Care,JOSEPH STREET - 239 - S066530,1100L-W,Gen Waste,0.263
2009-02-01,Social Care,JOSEPH STREET - 239 - S066530,1100L-C,Card,0.0
2009-02-01,Social Care,KIRKLAND HOUSE - 164 - S064209,1100L-C,Card,0.091
2009-02-01,Social Care,KIRKLAND HOUSE - 164 - S064209,1100L-W,Gen Waste,0.411
2009-02-01,Social Care,KNOWLE MANOR - S064208,1100L-W,Gen Waste,0.483
2009-02-01,Social Care,LAUREL BANK DC - S066161,1100L-C,Card,0.054
2009-02-01,Social Care,LAUREL BANK DC - S066161,1100L-W,Gen Waste,0.218
2009-02-01,Social Care,LEE GRANGE - 251,1100L-W,Gen Waste,0.491
2009-02-01,Social Care,LEE GRANGE - 251,240L-W,Gen Waste,0.0
2009-02-01,Social Care,LEEDS CTR INTERGR LIV - 340 Q892988,1100L-C,Card,0.093
2009-02-01,Social Care,LEEDS CTR INTERGR LIV - 340 Q892988,1100L-W,Gen Waste,0.435
2009-02-01,Social Care,LINCOLNFIELDS DC - 501 - S063821,1100L-C,Card,0.096
2009-02-01,Social Care,LINCOLNFIELDS DC - 501 - S063821,1100L-W,Gen Waste,0.159
2009-02-01,Social Care,LUTTRELL CRESCENT - 72,660L-W,Gen Waste,0.134
2009-02-01,Social Care,MANORFIELD HOUSE - 161 - Q897775,1100L-C,Card,0.088
2009-02-01,Social Care,MANORFIELD HOUSE - 161 - Q897775,1100L-W,Gen Waste,0.427
2009-02-01,Social Care,MARINERS DC - 332 - S066141,1100L-C,Card,0.078
2009-02-01,Social Care,MARINERS DC - 332 - S066141,1100L-W,Gen Waste,0.341
2009-02-01,Social Care,MAWCROFT GRANGE - 234,1100L-W,Gen Waste,0.436
2009-02-01,Social Care,MIDDLECROSS - HOP,1100L-W,Gen Waste,0.415
2009-02-01,Social Care,MIDDLECROSS DC - 512 - S065939,1100L-C,Card,0.085
2009-02-01,Social Care,MIDDLECROSS DC - 512 - S065939,1100L-W,Gen Waste,0.264
2009-02-01,Social Care,MIDDLETON ADVICE CENTRE - 594,1100L-C,Card,0.0
2009-02-01,Social Care,MIDDLETON ADVICE CENTRE - 594,1100L-W,Gen Waste,0.22
2009-02-01,Social Care,MOOR END TC - 358 - Q896765,1100L-C,Card,0.091
2009-02-01,Social Care,MOOR END TC - 358 - Q896765,1100L-W,Gen Waste,0.422
2009-02-01,Social Care,MUSGRAVE COURT - 168 - S066540,1100L-W,Gen Waste,0.436
2009-02-01,Social Care,NABURN COURT DC - 316 - S066370,1100L-C,Card,0.095
2009-02-01,Social Care,NABURN COURT DC - 316 - S066370,1100L-W,Gen Waste,0.22
2009-02-01,Social Care,NORTHWEST LEEDS FAMILY RC - 69,240L-W,Gen Waste,0.062
2009-02-01,Social Care,OLD MIDDLETON OFFICE,1100L-W,Gen Waste,0.0
2009-02-01,Social Care,OLD MIDDLETON OFFICE,660L-C,Card,0.067
2009-02-01,Social Care,OLD MIDDLETON OFFICE,660L-W,Gen Waste,0.049
2009-02-01,Social Care,OSMONDTHORPE RES CTR - 331 Q892091,1100L-C,Card,0.091
2009-02-01,Social Care,OSMONDTHORPE RES CTR - 331 Q892091,1100L-W,Gen Waste,0.4
2009-02-01,Social Care,PARKLEES HOP -,1100L-C,Card,0.096
2009-02-01,Social Care,PARKLEES HOP -,1100L-W,Gen Waste,0.351
2009-02-01,Social Care,PINFOLDS - 243,1100L-C,Card,0.11
2009-02-01,Social Care,PINFOLDS - 243,1100L-W,Gen Waste,0.423
2009-02-01,Social Care,POTTERNEWTON - 367 - S063891,1100L-W,Gen Waste,0.613
2009-02-01,Social Care,POTTERNEWTON - 367 - S063891,660L-C,Card,0.0
2009-02-01,Social Care,PRIMROSE HILL - 171 S065699,1100L-W,Gen Waste,0.408
2009-02-01,Social Care,QUEENSWOOD DRIVE DC - S065697,1100L-C,Card,0.049
2009-02-01,Social Care,QUEENSWOOD DRIVE DC - S065697,1100L-W,Gen Waste,0.0
2009-02-01,Social Care,QUEENSWOOD DRIVE DC - S065697,660L-W,Gen Waste,0.085
2009-02-01,Social Care,RADCLIFFE LANE DC -  S066696,1100L-C,Card,0.037
2009-02-01,Social Care,RADCLIFFE LANE DC -  S066696,1100L-W,Gen Waste,0.179
2009-02-01,Social Care,RAMSHEAD WOOD - 363,1100L-C,Card,0.083
2009-02-01,Social Care,RAMSHEAD WOOD - 363,1100L-W,Gen Waste,0.424
2009-02-01,Social Care,RAYNELL DRIVE - 444 Q862300,1100L-W,Gen Waste,0.205
2009-02-01,Social Care,RAYNELL DRIVE - 444 Q862300,660L-W,Gen Waste,0.0
2009-02-01,Social Care,RICHMOND HILL DC - 322 S063822,1100L-W,Gen Waste,0.0
2009-02-01,Social Care,RICHMOND HOUSE - S065911,1100L-W,Gen Waste,0.4
2009-02-01,Social Care,RICHMOND HOUSE - S065911,1100L-C,Card,0.038
2009-02-01,Social Care,RIDGESIDE,1100L-W,Gen Waste,0.319
2009-02-01,Social Care,RIDGESIDE,240L-W,Gen Waste,0.14
2009-02-01,Social Care,RIDGESIDE - BETHANY,240L-W,Gen Waste,0.042
2009-02-01,Social Care,RIDGESIDE - HALFWAY HOUSE,240L-W,Gen Waste,0.053
2009-02-01,Social Care,ROOS COURT - 235 - Q859440,1100L-W,Gen Waste,0.439
2009-02-01,Social Care,ROSE FARM DC - 314 - Q880559,1100L-C,Card,0.064
2009-02-01,Social Care,ROSE FARM DC - 314 - Q880559,1100L-W,Gen Waste,0.432
2009-02-01,Social Care,ROSEVILLE ENTERPRISE PARK,660L-C,Card,0.063
2009-02-01,Social Care,ROSSEDENE - 231 - Q849090,1100L-W,Gen Waste,0.602
2009-02-01,Social Care,ROTHWELL- A T C - S064341,1100L-C,Card,0.095
2009-02-01,Social Care,ROTHWELL- A T C - S064341,1100L-C,Card,0.105
2009-02-01,Social Care,ROTHWELL- A T C - S064341,1100L-W,Gen Waste,0.419
2009-02-01,Social Care,SIEGEN DC 325 - S064988,1100L-W,Gen Waste,0.197
2009-02-01,Social Care,SIEGEN MANOR HOP AND CENTRE - 169,1100L-C,Card,0.083
2009-02-01,Social Care,SIEGEN MANOR HOP AND CENTRE - 169,1100L-W,Gen Waste,0.39
2009-02-01,Social Care,SPEN CROFT HOSTEL - Q884463,1100L-C,Card,0.065
2009-02-01,Social Care,SPEN CROFT HOSTEL - Q884463,1100L-W,Gen Waste,0.115
2009-02-01,Social Care,SPEN CROFT HOSTEL - Q884463,1100L-W,Gen Waste,0.132
2009-02-01,Social Care,SPRING GARDENS - 162 Q895017,1100L-W,Gen Waste,0.42
2009-02-01,Social Care,SPRING GARDENS ANNEXE - S063961,1100L-W,Gen Waste,0.213
2009-02-01,Social Care,SPRINGFIELD DC - 519 - S066010,1100L-C,Card,0.087
2009-02-01,Social Care,SPRINGFIELD DC - 519 - S066010,1100L-W,Gen Waste,0.198
2009-02-01,Social Care,SQUIRREL WAY - 82 Q892331,1100L-C,Card,0.077
2009-02-01,Social Care,SQUIRREL WAY - 82 Q892331,1100L-W,Gen Waste,0.84
2009-02-01,Social Care,ST CATHERINES DRIVE - 77,1100L-W,Gen Waste,0.256
2009-02-01,Social Care,STOCKS HILL DC - 345 Q878493,1100L-C,Card,0.09
2009-02-01,Social Care,STOCKS HILL DC - 345 Q878493,1100L-W,Gen Waste,0.175
2009-02-01,Social Care,SUFFOLK COURT - 137 - Q894346,1100L-C,Card,0.175
2009-02-01,Social Care,SUFFOLK COURT - 137 - Q894346,1100L-W,Gen Waste,0.42
2009-02-01,Social Care,TEMPLARS CROFT - 233 - S065942,1100L-W,Gen Waste,0.43
2009-02-01,Social Care,THE VALE DC - 347 - S064298,1100L-C,Card,0.052
2009-02-01,Social Care,THE VALE DC - 347 - S064298,1100L-W,Gen Waste,0.217
2009-02-01,Social Care,WEST ARDSLEY  ATC- S065913,1100L-C,Card,0.1
2009-02-01,Social Care,WEST ARDSLEY  ATC- S065913,1100L-W,Gen Waste,0.6
2009-02-01,Social Care,WETHERBY DAY SERVICES - S065123,1100L-W,Gen Waste,0.434
2009-02-01,Social Care,WHITE ROSE HOUSE - 2,1100L-C,Card,0.084
2009-02-01,Social Care,WHITE ROSE HOUSE - 2,1100L-W,Gen Waste,0.305
2009-02-01,Social Care,WINDLESFORD GREEN - 232,1100L-W,Gen Waste,0.439
2009-02-01,Social Care,WOOD LANE,1100L-W,Gen Waste,0.053
2009-02-01,Social Care,WOOD LANE,1100L-W,Gen Waste,0.061
2009-02-01,Social Care,WOODHOUSE DC - S063840,1100L-C,Card,0.094
2009-02-01,Social Care,WOODHOUSE DC - S063840,1100L-W,Gen Waste,0.147
2009-02-01,Social Care,WYKEBECK VALLEY DC - 317,1100L-C,Card,0.095
2009-02-01,Social Care,WYKEBECK VALLEY DC - 317,1100L-W,Gen Waste,0.139
2009-02-01,Social Care,YOUTH JUSTICE SERVICE,1100L-W,Gen Waste,0.174
2009-02-01,Social Care,YOUTH OFFENDING TEAM,1100L-C,Card,0.082
2009-02-01,Social Care,YOUTH OFFENDING TEAM,1100L-W,Gen Waste,0.208
2009-02-01,TBC,CITY ART GALLERY - MUS285,1100L-W,Gen Waste,0.649
2009-02-01,TBC,LEDSTON LUCK ENTERPRISE PARK,1100L-W,Gen Waste,0.199
2009-02-01,TBC,LEEDS C C - EVENTS TEAM,1100L-W,Gen Waste,1.497
2009-02-01,TBC,LEEDS C C - EVENTS TEAM,240L-W,Gen Waste,0.0
2009-02-01,TBC,LEEDS C C - EVENTS TEAM,360L-W,Gen Waste,0.0
2009-02-01,TBC,SANTA'S GROTTO - Z082275,1100L-W,Gen Waste,0.0
2009-02-01,TBC,WESTHOLME - 183 - S066464,1100L-C,Card,0.09
2009-02-01,TBC,WESTHOLME - 183 - S066464,1100L-W,Gen Waste,0.429
2009-02-01,W ALMO,BRAMLEY NHO,1100L-W,Gen Waste,0.191
2009-02-01,W ALMO,BRAMLEY NHO,1100L-C,Card,0.101
2009-02-01,W ALMO,HORSFORTH NHO,660L-W,Gen Waste,0.15
2009-02-01,W ALMO,HORSFORTH NHO,660L-C,Card,0.058
2009-02-01,W ALMO,HOUSING REGISTER,360L-W,Gen Waste,0.135
2009-02-01,W ALMO,KIRKSTALL NHO,1100L-W,Gen Waste,0.18
2009-02-01,W ALMO,KIRKSTALL NHO,1100L-C,Card,0.098
2009-02-01,W ALMO,PROGRESS HOUSE,1100L-W,Gen Waste,0.201
2009-02-01,W ALMO,PROGRESS HOUSE,1100L-C,Card,0.063
2009-02-01,W ALMO,SILVER ROYD HILL,1100L-W,Gen Waste,0.206
2009-02-01,W ALMO,SILVER ROYD HILL,1100L-C,Card,0.08
2009-02-01,W ALMO,WEETWOOD NHO,360L-W,Gen Waste,0.091
2009-02-01,W ALMO,WEETWOOD NHO,360L-C,Card,0.028
2009-02-01,W ALMO,WESTFIELD CHAMBERS,1100L-W,Gen Waste,0.198
2009-02-01,W ALMO,WESTFIELD CHAMBERS,1100L-C,Card,0.1
2009-02-01,W ALMO,WESTFIELD HOUSE,1100L-W,Gen Waste,0.144
2009-02-01,W ALMO,WORTLEY NHO,1100L-W,Gen Waste,0.094
2009-03-01,AIRE ALMO,"NAVAGATION HOUSE, LEEDS SOUTH HOMES",1100L-C,Card,0.038
2009-03-01,AIRE ALMO,"NAVAGATION HOUSE, LEEDS SOUTH HOMES",1100L-W,Gen Waste,0.49
2009-03-01,AIRE ALMO,SWARCLIFFE NHO,1100L-C,Card,0.0
2009-03-01,AIRE ALMO,SWARCLIFFE NHO,1100L-W,Gen Waste,0.0
2009-03-01,AIRE ALMO,SWARCLIFFE NHO,660L-C,Card,0.0
2009-03-01,City Development,ARKITECTURAL DESIGN,1100L-C,Card,0.111
2009-03-01,City Development,ARKITECTURAL DESIGN,1100L-W,Gen Waste,0.407
2009-03-01,City Development,PUDSEY MARKETS,1100L-C,Card,0.895
2009-03-01,City Development,PUDSEY MARKETS,1100L-W,Gen Waste,2.568
2009-03-01,City Development,TAXI LICENSING,1100L-C,Card,0.123
2009-03-01,City Development,TAXI LICENSING,1100L-W,Gen Waste,0.198
2009-03-01,City Services,AIREBOROUGH NEW ROADSIDE 03044,1100L-C,Card,0.0
2009-03-01,City Services,AIREBOROUGH NEW ROADSIDE 03044,1100L-W,Gen Waste,0.0
2009-03-01,City Services,ALLERTON BYWATER CENTRE - YS220,360L-W,Gen Waste,0.123
2009-03-01,City Services,ALLERTON BYWATER CENTRE - YS220,360L-C,Card,0.028
2009-03-01,City Services,ALSTON LANE CENTRE - YS221,660L-W,Gen Waste,0.149
2009-03-01,City Services,APEX HOUSE,1100L-C,Card,0.21
2009-03-01,City Services,APEX HOUSE,1100L-W,Gen Waste,0.796
2009-03-01,City Services,APEX HOUSE,660L-C,Card,0.066
2009-03-01,City Services,ARMLEY OSC 03082,1100L-C,Card,0.11
2009-03-01,City Services,ARMLEY OSC 03082,1100L-W,Gen Waste,0.21
2009-03-01,City Services,BANGLADESHI CENTRE - YS223,1100L-C,Card,0.091
2009-03-01,City Services,BANGLADESHI CENTRE - YS223,1100L-W,Gen Waste,0.515
2009-03-01,City Services,BARLEYFIELDS CENTRE - YS224,660L-W,Gen Waste,0.117
2009-03-01,City Services,BELGRAVE HOUSE,1100L-C,Card,0.157
2009-03-01,City Services,BELGRAVE HOUSE,1100L-W,Gen Waste,0.405
2009-03-01,City Services,BLACKBURN HALL - AET143,1100L-W,Gen Waste,0.386
2009-03-01,City Services,BOSTON SPA CENTRE - YS226,660L-W,Gen Waste,0.144
2009-03-01,City Services,CANON HOUSE 03025,1100L-C,Card,0.102
2009-03-01,City Services,CANON HOUSE 03026,1100L-W,Gen Waste,0.425
2009-03-01,City Services,CANON HOUSE 03027,1100L-W,Gen Waste,0.376
2009-03-01,City Services,CATERING - BEESTON PRIMARY,1100L-W,Gen Waste,0.212
2009-03-01,City Services,CIVIC HALL - CITY SERVICES DEPT,660L-C,Card,0.645
2009-03-01,City Services,CIVIC HALL - CITY SERVICES DEPT,660L-W,Gen Waste,3.071
2009-03-01,City Services,CIVIC HALL - CITY SERVICES DEPT,1100L-C,Card,0.0
2009-03-01,City Services,CROSS GREEN CENTRE - YS230,1100L-W,Gen Waste,0.255
2009-03-01,City Services,CROSSGATES CENTRE - YS231,1100L-C,Card,0.084
2009-03-01,City Services,CROSSGATES CENTRE - YS231,1100L-W,Gen Waste,0.225
2009-03-01,City Services,DEWSBURY ROAD OSC 03083,1100L-C,Card,0.086
2009-03-01,City Services,DEWSBURY ROAD OSC 03083,1100L-W,Gen Waste,0.419
2009-03-01,City Services,EBOR GARDENS COMM CENT- YS233,1100L-C,Card,0.115
2009-03-01,City Services,EBOR GARDENS COMM CENT- YS233,1100L-W,Gen Waste,0.258
2009-03-01,City Services,EVOLUTION HOUSE,1100L-C,Card,0.086
2009-03-01,City Services,EVOLUTION HOUSE,1100L-W,Gen Waste,0.374
2009-03-01,City Services,FIELDHEAD CARR CENTRE - YS234,660L-W,Gen Waste,0.136
2009-03-01,City Services,FIR TREE SCHOOL,1100L-W,Gen Waste,0.0
2009-03-01,City Services,GARFORTH OSC - MAIN STREET 03051,1100L-C,Card,0.096
2009-03-01,City Services,GARFORTH OSC - MAIN STREET 03051,1100L-W,Gen Waste,0.218
2009-03-01,City Services,GILDERSOME YOUTH CENTRE,1100L-W,Gen Waste,0.218
2009-03-01,City Services,HAREHILLS PLACE COMMUNITY CENTRE,1100L-W,Gen Waste,0.231
2009-03-01,City Services,HEADINGLEY COMMUNITY CENTRE,1100L-W,Gen Waste,0.254
2009-03-01,City Services,HEADINGLEY COMMUNITY CENTRE,660L-C,Card,0.073
2009-03-01,City Services,HENRY BARRAN CENTRE - YS240,1100L-C,Card,0.111
2009-03-01,City Services,HENRY BARRAN CENTRE - YS240,1100L-W,Gen Waste,0.54
2009-03-01,City Services,HOLBECK YOUTH CENTRE,1100L-W,Gen Waste,0.0
2009-03-01,City Services,HOLBECK YOUTH CENTRE,660L-W,Gen Waste,0.141
2009-03-01,City Services,HOUGH TOP COURT 03027,1100L-C,Card,0.155
2009-03-01,City Services,HOUGH TOP COURT 03027,1100L-W,Gen Waste,0.846
2009-03-01,City Services,KENTMERE CENTRE - YS244,1100L-C,Card,0.068
2009-03-01,City Services,KENTMERE CENTRE - YS244,1100L-W,Gen Waste,0.19
2009-03-01,City Services,KIPPAX YOUTH CENTRE,660L-W,Gen Waste,0.0
2009-03-01,City Services,KNOWSTHORPE GATE SUPPORT SER 43390,1100L-C,Card,0.18
2009-03-01,City Services,LANDMARK COURT,1100L-C,Card,0.083
2009-03-01,City Services,LANDMARK COURT,1100L-W,Gen Waste,0.207
2009-03-01,City Services,LINCOLN GREEN YOUTH CENTRE,1100L-W,Gen Waste,0.242
2009-03-01,City Services,LITTLE LONDON COMMUNITY CENTRE,1100L-W,Gen Waste,0.255
2009-03-01,City Services,LITTLE LONDON COMMUNITY CENTRE,1100L-C,Card,0.082
2009-03-01,City Services,MANDELA CENTRE,1100L-C,Card,0.101
2009-03-01,City Services,MANDELA CENTRE,1100L-W,Gen Waste,0.405
2009-03-01,City Services,MEANWOOD COMMUNITY CENTRE,1100L-W,Gen Waste,0.263
2009-03-01,City Services,MEANWOOD COMMUNITY CENTRE,1100L-C,Card,0.06
2009-03-01,City Services,MERRION HOUSE,1100L-C,Card,0.357
2009-03-01,City Services,MERRION HOUSE,1100L-W,Gen Waste,4.554
2009-03-01,City Services,MERRION HOUSE,360L-C,Card,0.399
2009-03-01,City Services,MERRION HOUSE,660L-C,Card,0.553
2009-03-01,City Services,METHLEY CENTRE,1100L-W,Gen Waste,0.204
2009-03-01,City Services,MICKLEFIELD YOUTH CENTRE,1100L-W,Gen Waste,0.22
2009-03-01,City Services,MICKLEFIELD YOUTH CENTRE,660L-C,Card,0.0
2009-03-01,City Services,MIDDLETON PARK HIGHWAYS 03034,1100L-C,Card,0.502
2009-03-01,City Services,MIDDLETON PARK HIGHWAYS 03034,1100L-W,Gen Waste,1.004
2009-03-01,City Services,MIDDLETON SKILLS CENTRE - YS253,1100L-C,Card,0.117
2009-03-01,City Services,MIDDLETON SKILLS CENTRE - YS253,1100L-W,Gen Waste,0.246
2009-03-01,City Services,MORLEY TOWN HALL 03060,1100L-C,Card,0.203
2009-03-01,City Services,MORLEY TOWN HALL 03060,1100L-W,Gen Waste,0.394
2009-03-01,City Services,NOWELL MOUNT CENTRE - YS254,1100L-W,Gen Waste,0.212
2009-03-01,City Services,OLD COCKBURN SPORTS HALL,1100L-W,Gen Waste,0.209
2009-03-01,City Services,OSMONDTHORPE OSC 03085,1100L-C,Card,0.108
2009-03-01,City Services,OSMONDTHORPE OSC 03085,1100L-W,Gen Waste,0.536
2009-03-01,City Services,OTLEY A O 03066,1100L-W,Gen Waste,0.191
2009-03-01,City Services,PAKISTANI CENTRE - YS256,1100L-C,Card,0.0
2009-03-01,City Services,PALACE PROJECT - YS257,1100L-W,Gen Waste,0.0
2009-03-01,City Services,PALACE PROJECT - YS257,660L-W,Gen Waste,0.185
2009-03-01,City Services,PRINCE PHILLIP CENTRE - YS258,1100L-C,Card,0.098
2009-03-01,City Services,PRINCE PHILLIP CENTRE - YS258,1100L-W,Gen Waste,0.525
2009-03-01,City Services,PUDSEY TOWN HALL 03071,1100L-W,Gen Waste,0.393
2009-03-01,City Services,PUDSEY TOWN HALL 03071,660L-C,Card,0.135
2009-03-01,City Services,RICHMOND HILL CENTRE - YS259,1100L-W,Gen Waste,0.239
2009-03-01,City Services,RICHMOND HILL CENTRE - YS259,660L-W,Gen Waste,0.0
2009-03-01,City Services,RICHMOND HILL CENTRE - YS259,660L-C,Card,0.057
2009-03-01,City Services,ROSE LUND CENTRE - YS260,660L-W,Gen Waste,0.147
2009-03-01,City Services,ROTHWELL A O - 03074,1100L-C,Card,0.087
2009-03-01,City Services,ROTHWELL A O - 03074,1100L-W,Gen Waste,0.21
2009-03-01,City Services,SOUTH GIPTON CENTRE - YS263,1100L-W,Gen Waste,0.252
2009-03-01,City Services,SOUTH LEEDS FLC,1100L-C,Card,0.092
2009-03-01,City Services,SOUTH LEEDS FLC,1100L-W,Gen Waste,1.433
2009-03-01,City Services,SOUTH SEACROFT OSC,1100L-C,Card,0.099
2009-03-01,City Services,SOUTH SEACROFT OSC,660L-C,Card,0.138
2009-03-01,City Services,SOUTH SEACROFT OSC,660L-W,Gen Waste,0.448
2009-03-01,City Services,ST GABRIELS CENTRE - YS264,660L-W,Gen Waste,0.15
2009-03-01,City Services,ST GEORGES CENTRE 03036,1100L-C,Card,0.188
2009-03-01,City Services,ST GEORGES CENTRE 03036,1100L-W,Gen Waste,0.496
2009-03-01,City Services,ST GREGORYS Y & A CENTRE,1100L-C,Card,0.078
2009-03-01,City Services,ST GREGORYS Y & A CENTRE,1100L-W,Gen Waste,0.21
2009-03-01,City Services,ST MATTHEWS CENTRE - YS266,1100L-W,Gen Waste,0.211
2009-03-01,City Services,ST MATTHEWS CENTRE - YS266,1100L-C,Card,0.018
2009-03-01,City Services,STANHOPE DRIVE YOUTH CENTRE,660L-W,Gen Waste,0.107
2009-03-01,City Services,STRAWBERRY LANE CENTRE - YS268,1100L-C,Card,0.101
2009-03-01,City Services,STRAWBERRY LANE CENTRE - YS268,1100L-W,Gen Waste,0.204
2009-03-01,City Services,THE LEONARDO BUILDING 03020,1100L-C,Card,0.208
2009-03-01,City Services,THE LEONARDO BUILDING 03020,1100L-W,Gen Waste,1.098
2009-03-01,City Services,THORESBY HOUSE 03017,1100L-C,Card,0.458
2009-03-01,City Services,THORESBY HOUSE 03017,1100L-W,Gen Waste,2.276
2009-03-01,City Services,TINGLEY YOUTH & COMMUNITY CENTRE,660L-W,Gen Waste,0.141
2009-03-01,City Services,WELFARE RIGHTS UNIT,1100L-W,Gen Waste,0.252
2009-03-01,City Services,WELFARE RIGHTS UNIT,660L-C,Card,0.074
2009-03-01,City Services,WESTON LANE CENTRE - YS272,1100L-W,Gen Waste,0.281
2009-03-01,City Services,WETHERBY A O 03078,1100L-W,Gen Waste,0.203
2009-03-01,City Services,WINDMILL YOUTH CENTRE,1100L-W,Gen Waste,0.219
2009-03-01,City Services,WINDMILL YOUTH CENTRE,1100L-C,Card,0.077
2009-03-01,City Services,WOODHOUSE COMMUNITY CENTRE,1100L-W,Gen Waste,0.265
2009-03-01,City Services,WOODHOUSE COMMUNITY CENTRE,1100L-C,Card,0.112
2009-03-01,City Services,WOODSLEY ROAD CENTRE - YS275,1100L-W,Gen Waste,0.54
2009-03-01,City Services,YEADON TOWN HALL - AET149,1100L-C,Card,0.092
2009-03-01,City Services,YEADON TOWN HALL - AET149,1100L-W,Gen Waste,0.518
2009-03-01,E ALMO,BUILDING SERVICES,1100L-C,Card,0.048
2009-03-01,E ALMO,BUILDING SERVICES,1100L-W,Gen Waste,0.219
2009-03-01,E ALMO,BURMANTOFTS NH,1100L-W,Gen Waste,0.228
2009-03-01,E ALMO,BURMANTOFTS NH,1100L-C,Card,0.086
2009-03-01,E ALMO,BUTTON HILL COMMUNITY CENTRE,1100L-W,Gen Waste,0.206
2009-03-01,E ALMO,GIPTON NHO,660L-W,Gen Waste,0.175
2009-03-01,E ALMO,GIPTON NHO,660L-C,Card,0.073
2009-03-01,E ALMO,HAREHILLS & CHAPEL TOWN NHO,1100L-W,Gen Waste,0.256
2009-03-01,E ALMO,HAREHILLS & CHAPEL TOWN NHO,1100L-C,Card,0.077
2009-03-01,E ALMO,MEANWOOD NHO,1100L-W,Gen Waste,0.257
2009-03-01,E ALMO,MOORTOWN NHO,1100L-W,Gen Waste,0.221
2009-03-01,E ALMO,MOORTOWN NHO,1100L-C,Card,0.103
2009-03-01,E ALMO,RICHOMOND HILL NHO,660L-W,Gen Waste,0.182
2009-03-01,E ALMO,SEACROFT NORTH 0SS - S066640,1100L-C,Card,0.081
2009-03-01,E ALMO,SEACROFT NORTH 0SS - S066640,1100L-W,Gen Waste,0.196
2009-03-01,E ALMO,TRIBECA HOUSE,1100L-C,Card,0.0
2009-03-01,E ALMO,TRIBECA HOUSE,1100L-W,Gen Waste,0.0
2009-03-01,E ALMO,TRIBECA HOUSE,660L-C,Card,0.125
2009-03-01,E ALMO,TRIBECA HOUSE,660L-W,Gen Waste,0.538
2009-03-01,E ALMO,TRIBECA HOUSE,360L-W,Gen Waste,0.133
2009-03-01,Education Leeds/Schools,ARTEMIS,1100L-W,Gen Waste,0.201
2009-03-01,Education Leeds/Schools,BEECHWOOD PRIMARY SCHOOL,1100L-W,Gen Waste,1.278
2009-03-01,Education Leeds/Schools,BLENHEIM CENTRE,1100L-W,Gen Waste,0.26
2009-03-01,Education Leeds/Schools,BLENHEIM CENTRE,1100L-W,Gen Waste,0.276
2009-03-01,Education Leeds/Schools,BLENHEIM CENTRE,1100L-W,Gen Waste,0.253
2009-03-01,Education Leeds/Schools,BLENHEIM CENTRE,1100L-C,Card,0.176
2009-03-01,Education Leeds/Schools,BRUDENELL PRIMARY SCHOOL,1100L-W,Gen Waste,0.704
2009-03-01,Education Leeds/Schools,CALVERLEY C OF E PRIMARY SCHOOL,1100L-C,Card,0.0
2009-03-01,Education Leeds/Schools,CALVERLEY C OF E PRIMARY SCHOOL,1100L-W,Gen Waste,0.0
2009-03-01,Education Leeds/Schools,CHAPEL ALLERTON PRIMARY SCHOOL,1100L-W,Gen Waste,0.0
2009-03-01,Education Leeds/Schools,ELMETE CENTRE,1100L-C,Card,0.108
2009-03-01,Education Leeds/Schools,ELMETE CENTRE,1100L-C,Card,0.098
2009-03-01,Education Leeds/Schools,ELMETE CENTRE,1100L-W,Gen Waste,0.467
2009-03-01,Education Leeds/Schools,ELMETE CENTRE,1100L-W,Gen Waste,0.474
2009-03-01,Education Leeds/Schools,ELMETE CENTRE,1100L-W,Gen Waste,0.461
2009-03-01,Education Leeds/Schools,GRAFTON SITE,1100L-C,Card,0.1
2009-03-01,Education Leeds/Schools,GRAFTON SITE,1100L-W,Gen Waste,0.249
2009-03-01,Education Leeds/Schools,HAREWOOD C OF E PRIMARY SCHOOL,1100L-W,Gen Waste,0.0
2009-03-01,Education Leeds/Schools,HORSFORTH NEWLAITHES SCHOOL,1100L-W,Gen Waste,0.497
2009-03-01,Education Leeds/Schools,HORSFORTH SCHOOL,1100L-C,Card,0.333
2009-03-01,Education Leeds/Schools,HORSFORTH SCHOOL,1100L-W,Gen Waste,3.107
2009-03-01,Education Leeds/Schools,IVESON PRIMARY SCHOOL - CARD,1100L-C,Card,0.178
2009-03-01,Education Leeds/Schools,IVESON PRIMARY SCOOL - GEN,1100L-W,Gen Waste,0.479
2009-03-01,Education Leeds/Schools,ROYDS SCHOOL,1100L-C,Card,0.47
2009-03-01,Education Leeds/Schools,ROYDS SCHOOL SPECIALIST LANGUAGE COLLEGE,1100L-W,Gen Waste,2.979
2009-03-01,Education Leeds/Schools,SOUTH PUDSEY COMMUNITY CENTRE,1100L-W,Gen Waste,0.191
2009-03-01,Education Leeds/Schools,SOUTH PUDSEY COMMUNITY CENTRE,1100L-C,Card,0.096
2009-03-01,Education Leeds/Schools,SOUTH PUDSEY COMMUNITY CENTRE,1100L-W,Gen Waste,0.0
2009-03-01,Education Leeds/Schools,ST ANTHONY'S CATHOLIC PRIMARY SCHOOL,1100L-C,Card,0.11
2009-03-01,Education Leeds/Schools,ST ANTHONY'S CATHOLIC PRIMARY SCHOOL,1100L-W,Gen Waste,0.398
2009-03-01,Education Leeds/Schools,THE BEST HOUSE,360L-W,Gen Waste,0.157
2009-03-01,Education Leeds/Schools,WEST END PRIMARY SCHOOL,1100L-C,Card,0.103
2009-03-01,Education Leeds/Schools,WEST END PRIMARY SCHOOL,1100L-W,Gen Waste,0.763
2009-03-01,Education Leeds/Schools,WEST PARK CENTRE,1100L-C,Card,0.08
2009-03-01,Education Leeds/Schools,WEST PARK CENTRE,1100L-C,Card,0.094
2009-03-01,Education Leeds/Schools,WEST PARK CENTRE,1100L-W,Gen Waste,0.243
2009-03-01,Education Leeds/Schools,WEST PARK CENTRE,1100L-W,Gen Waste,0.255
2009-03-01,Education Leeds/Schools,WEST PARK CENTRE,1100L-W,Gen Waste,0.251
2009-03-01,Education Leeds/Schools,WEST PARK CENTRE,1100L-W,Gen Waste,0.263
2009-03-01,Education Leeds/Schools,WESTERTON PRIMARY SCHOOL,1100L-C,Card,0.201
2009-03-01,Education Leeds/Schools,WESTERTON PRIMARY SCHOOL,1100L-W,Gen Waste,1.037
2009-03-01,Environment & Neighbourhoods,AIRE VALLEY TEAM - BELLE ISLE FOUND,660L-C,Card,0.064
2009-03-01,Environment & Neighbourhoods,AIRE VALLEY TEAM - BELLE ISLE FOUND,660L-W,Gen Waste,0.181
2009-03-01,Environment & Neighbourhoods,EAST KESWICK HALL (LCC),1100L-W,Gen Waste,0.0
2009-03-01,Environment & Neighbourhoods,EAST LEEDS AREA MANAGEMENT TEAM,1100L-C,Card,0.085
2009-03-01,Environment & Neighbourhoods,EAST LEEDS AREA MANAGEMENT TEAM,1100L-W,Gen Waste,0.195
2009-03-01,Environment & Neighbourhoods,ENVIROMENTAL HEALTH NEW ADD,660L-C,Card,0.0
2009-03-01,Environment & Neighbourhoods,ENVIROMENTAL HEALTH NEW ADD,660L-W,Gen Waste,0.11
2009-03-01,Environment & Neighbourhoods,ENVIROMENTAL HEALTH NEW ADD,1100L-C,Card,0.0
2009-03-01,Environment & Neighbourhoods,HILLSIDE HOSTEL,1100L-C,Card,0.116
2009-03-01,Environment & Neighbourhoods,HILLSIDE HOSTEL,1100L-W,Gen Waste,0.644
2009-03-01,Environment & Neighbourhoods,KIRKGATE CHAMBERS,1100L-C,Card,0.0
2009-03-01,Environment & Neighbourhoods,KIRKGATE CHAMBERS,240L-C,Card,0.0
2009-03-01,Environment & Neighbourhoods,KIRKGATE CHAMBERS,360L-C,Card,0.0
2009-03-01,Environment & Neighbourhoods,KIRKGATE CHAMBERS,360L-C,Card,0.0
2009-03-01,Environment & Neighbourhoods,LEEDS COMMUNITY SAFETY,660L-C,Card,0.055
2009-03-01,Environment & Neighbourhoods,LEEDS COMMUNITY SAFETY,660L-W,Gen Waste,0.0
2009-03-01,Environment & Neighbourhoods,LEEDS COMMUNITY SAFETY,660L-C,Card,0.0
2009-03-01,Environment & Neighbourhoods,MILLSHAW ENVIRONMENTAL HEALTH OFFICE,1100L-C,Card,0.098
2009-03-01,Environment & Neighbourhoods,MILLSHAW ENVIRONMENTAL HEALTH OFFICE,1100L-W,Gen Waste,0.293
2009-03-01,Environment & Neighbourhoods,PENNINGTON PLACE,1100L-W,Gen Waste,0.787
2009-03-01,Environment & Neighbourhoods,RESETTLEMENT SERVICES,1100L-W,Gen Waste,0.0
2009-03-01,Environment & Neighbourhoods,RESETTLEMENT SERVICES,1100L-C,Card,0.0
2009-03-01,Environment & Neighbourhoods,RICHMOND COURT,1100L-W,Gen Waste,1.064
2009-03-01,Environment & Neighbourhoods,SUE RYDER CARE (LCC),1100L-W,Gen Waste,0.415
2009-03-01,Environment & Neighbourhoods,SUE RYDER CARE (LCC),1100L-W,Gen Waste,0.489
2009-03-01,Environment & Neighbourhoods,SUE RYDER CARE (LCC),1100L-W,Gen Waste,0.0
2009-03-01,Environment & Neighbourhoods,THE HOLLIES,1100L-W,Gen Waste,0.812
2009-03-01,Environment & Neighbourhoods,WOODHOUSE LANE CAR PARK,1100L-W,Gen Waste,0.498
2009-03-01,Highways,POTTERY FIELDS DEPOT,1100L-C,Card,0.089
2009-03-01,Highways,POTTERY FIELDS DEPOT,1100L-W,Gen Waste,0.205
2009-03-01,Learning & Leisure,ARDSLEY/TINGLEY LIBRARY,1100L-W,Gen Waste,0.0
2009-03-01,Learning & Leisure,ARDSLEY/TINGLEY LIBRARY,660L-W,Gen Waste,0.153
2009-03-01,Learning & Leisure,ARMLEY EYC - OUTREACH CENTRE,1100L-W,Gen Waste,0.206
2009-03-01,Learning & Leisure,ARMLEY LASER CENTRE - YS222,1100L-C,Card,0.093
2009-03-01,Learning & Leisure,ARMLEY LASER CENTRE - YS222,1100L-W,Gen Waste,0.214
2009-03-01,Learning & Leisure,ARMLEY LASER CENTRE - YS222,660L-W,Gen Waste,0.0
2009-03-01,Learning & Leisure,ARMLEY MILLS -  MUS174,1100L-W,Gen Waste,0.209
2009-03-01,Learning & Leisure,ARMLEY MILLS -  MUS174,660L-C,Card,0.074
2009-03-01,Learning & Leisure,ARMLEY SPORTS CENTRE - SPO164,1100L-C,Card,0.099
2009-03-01,Learning & Leisure,ARMLEY SPORTS CENTRE - SPO164,1100L-W,Gen Waste,0.851
2009-03-01,Learning & Leisure,BEESTON LIBRARY,660L-C,Card,0.015
2009-03-01,Learning & Leisure,BEESTON LIBRARY,660L-W,Gen Waste,0.041
2009-03-01,Learning & Leisure,BELLE ISLE CENTRE - YS226,1100L-C,Card,0.064
2009-03-01,Learning & Leisure,BELLE ISLE CENTRE - YS226,1100L-W,Gen Waste,0.268
2009-03-01,Learning & Leisure,BOWLS & ATHLETICS SPO16,1100L-C,Card,0.096
2009-03-01,Learning & Leisure,BOWLS & ATHLETICS SPO16,1100L-W,Gen Waste,0.512
2009-03-01,Learning & Leisure,BRAMLEY BATHS - SPO160,1100L-C,Card,0.101
2009-03-01,Learning & Leisure,BRAMLEY BATHS - SPO160,1100L-W,Gen Waste,0.214
2009-03-01,Learning & Leisure,BRAMLEY CENTRE - YS227,1100L-C,Card,1.078
2009-03-01,Learning & Leisure,BRAMLEY CENTRE - YS227,1100L-W,Gen Waste,0.215
2009-03-01,Learning & Leisure,BRAMLEY CHILDRENS CENTRE - EDEYC206,1100L-C,Card,0.084
2009-03-01,Learning & Leisure,BRAMLEY CHILDRENS CENTRE - EDEYC206,1100L-W,Gen Waste,0.2
2009-03-01,Learning & Leisure,BROAD LANE LIBRARY - LIB120,1100L-W,Gen Waste,0.0
2009-03-01,Learning & Leisure,BURLEY LIBRARY - LIB133,360L-W,Gen Waste,0.13
2009-03-01,Learning & Leisure,BURLEY PARK EYC - U8EYC183,1100L-C,Card,0.102
2009-03-01,Learning & Leisure,BURLEY PARK EYC - U8EYC183,1100L-W,Gen Waste,0.423
2009-03-01,Learning & Leisure,CALVERLEY LIBRARY - S067160,660L-W,Gen Waste,0.0
2009-03-01,Learning & Leisure,CATERING - CANAL GARDEN,1100L-C,Card,0.198
2009-03-01,Learning & Leisure,CATERING - CANAL GARDEN,1100L-W,Gen Waste,1.025
2009-03-01,Learning & Leisure,CATERING - GOLDEN ACRE PARK,1100L-C,Card,0.083
2009-03-01,Learning & Leisure,CATERING - GOLDEN ACRE PARK,1100L-W,Gen Waste,0.424
2009-03-01,Learning & Leisure,CATERING - TEMPLE NEWSAM PARK,1100L-C,Card,0.087
2009-03-01,Learning & Leisure,CATERING - TEMPLE NEWSAM PARK,1100L-W,Gen Waste,0.618
2009-03-01,Learning & Leisure,CENTRAL LIBRARY - LIB114,1100L-C,Card,0.086
2009-03-01,Learning & Leisure,CENTRAL LIBRARY - LIB114,1100L-W,Gen Waste,1.128
2009-03-01,Learning & Leisure,CHAPEL ALLERTON BR LIBRARY - LIB113,240L-W,Gen Waste,0.091
2009-03-01,Learning & Leisure,CHAPEL ALLERTON CHILDRENS CENTRE,1100L-C,Card,0.12
2009-03-01,Learning & Leisure,CHAPEL ALLERTON CHILDRENS CENTRE,1100L-W,Gen Waste,0.525
2009-03-01,Learning & Leisure,CHAPELTOWN CHILDRENS CENTRE,1100L-C,Card,0.083
2009-03-01,Learning & Leisure,CHAPELTOWN CHILDRENS CENTRE,1100L-W,Gen Waste,0.836
2009-03-01,Learning & Leisure,CITY MUSEUM,1100L-C,Card,0.1
2009-03-01,Learning & Leisure,CITY MUSEUM,1100L-W,Gen Waste,0.479
2009-03-01,Learning & Leisure,COMPTON ROAD LIBRARY - LIB140,1100L-C,Card,0.0
2009-03-01,Learning & Leisure,COMPTON ROAD LIBRARY - LIB140,660L-W,Gen Waste,0.0
2009-03-01,Learning & Leisure,COMPTON ROAD LIBRARY - LIB140,660L-C,Card,0.0
2009-03-01,Learning & Leisure,CONSTRUCTION SKILLS TRAINING CENTRE,1100L-C,Card,0.0
2009-03-01,Learning & Leisure,CONSTRUCTION SKILLS TRAINING CENTRE,1100L-W,Gen Waste,0.0
2009-03-01,Learning & Leisure,CROSSGATES LIBRARY - LIB119,1100L-W,Gen Waste,0.204
2009-03-01,Learning & Leisure,DENIS HEALEY CENTRE - YS232,1100L-W,Gen Waste,0.148
2009-03-01,Learning & Leisure,DOREEN HAMILTON DC - 506 Q884679,1100L-C,Card,0.078
2009-03-01,Learning & Leisure,DOREEN HAMILTON DC - 506 Q884679,1100L-W,Gen Waste,0.528
2009-03-01,Learning & Leisure,DOREEN HAMILTON EYC - SSEYC200,1100L-C,Card,0.061
2009-03-01,Learning & Leisure,DOREEN HAMILTON EYC - SSEYC200,1100L-W,Gen Waste,0.303
2009-03-01,Learning & Leisure,DRIGHLINGTON MEETING HALL - AET144,1100L-W,Gen Waste,0.195
2009-03-01,Learning & Leisure,EAST LEEDS FLC - TRGEYC214,1100L-C,Card,0.16
2009-03-01,Learning & Leisure,EAST LEEDS FLC - TRGEYC214,1100L-W,Gen Waste,1.642
2009-03-01,Learning & Leisure,EAST LEEDS LEISURE CENTRE - SPO158,1100L-C,Card,0.0
2009-03-01,Learning & Leisure,EAST LEEDS LEISURE CENTRE - SPO158,1100L-W,Gen Waste,0.0
2009-03-01,Learning & Leisure,EAST LEEDS LEISURE CENTRE - SPO158,660L-C,Card,0.075
2009-03-01,Learning & Leisure,EAST LEEDS LEISURE CENTRE - SPO158,660L-W,Gen Waste,0.879
2009-03-01,Learning & Leisure,FARSLEY BRANCH LIBRARY - LIB103,1100L-W,Gen Waste,0.0
2009-03-01,Learning & Leisure,FEARNVILLE SPORTS CENTRE - SPO153,1100L-C,Card,0.11
2009-03-01,Learning & Leisure,FEARNVILLE SPORTS CENTRE - SPO153,1100L-W,Gen Waste,0.496
2009-03-01,Learning & Leisure,FIRTHFIELD EYC - (ANNE FLEGG),1100L-W,Gen Waste,0.197
2009-03-01,Learning & Leisure,GARFORTH LEISURE CENTRE - SPO281,1100L-C,Card,0.079
2009-03-01,Learning & Leisure,GARFORTH LEISURE CENTRE - SPO281,1100L-W,Gen Waste,0.0
2009-03-01,Learning & Leisure,GARFORTH LIBRARY (REAR) - LIB110,360L-W,Gen Waste,0.0
2009-03-01,Learning & Leisure,GARFORTH LIBRARY (REAR) - LIB110,360L-C,Card,0.0
2009-03-01,Learning & Leisure,GILDERSOME MEETING HALL DMS - AET14,1100L-W,Gen Waste,0.229
2009-03-01,Learning & Leisure,GOTTS PARK MUNICIPAL GOLF CL - PK16,1100L-W,Gen Waste,0.21
2009-03-01,Learning & Leisure,GUISELEY LIBRARY - LIB106,660L-W,Gen Waste,0.186
2009-03-01,Learning & Leisure,GUISELEY LIBRARY - LIB106,660L-C,Card,0.083
2009-03-01,Learning & Leisure,HALTON LIBRARY - LIB139,1100L-W,Gen Waste,0.0
2009-03-01,Learning & Leisure,HALTON LIBRARY - LIB139,660L-C,Card,0.066
2009-03-01,Learning & Leisure,HALTON LIBRARY - LIB139,660L-W,Gen Waste,0.154
2009-03-01,Learning & Leisure,HAREHILLS CHILDRENS CENTRE,1100L-C,Card,0.077
2009-03-01,Learning & Leisure,HAREHILLS CHILDRENS CENTRE,1100L-W,Gen Waste,0.267
2009-03-01,Learning & Leisure,HAREHILLS JOB SHOP,660L-W,Gen Waste,0.07
2009-03-01,Learning & Leisure,HAWKSWORTH WOOD EYC - TRGEYC217,1100L-C,Card,0.09
2009-03-01,Learning & Leisure,HAWKSWORTH WOOD EYC - TRGEYC217,1100L-W,Gen Waste,0.273
2009-03-01,Learning & Leisure,HEADINGLEY ANN CENTRE - YS238,360L-W,Gen Waste,0.167
2009-03-01,Learning & Leisure,HEADINGLEY ANN CENTRE - YS238,360L-C,Card,0.04
2009-03-01,Learning & Leisure,"HERD FARM, ECCUP RESEVIOR - YS241",1100L-C,Card,0.204
2009-03-01,Learning & Leisure,"HERD FARM, ECCUP RESEVIOR - YS241",1100L-W,Gen Waste,0.419
2009-03-01,Learning & Leisure,HOLBECK LIBRARY - LIB137,240L-W,Gen Waste,0.059
2009-03-01,Learning & Leisure,HOLT PARK LEISURE CENTRE - SPO157,1100L-W,Gen Waste,0.475
2009-03-01,Learning & Leisure,HORSFORTH LIBRARY - LIB118,1100L-W,Gen Waste,0.254
2009-03-01,Learning & Leisure,HOVINGHAM PRIMARY SCHOOL - PORTACABIN,360L-W,Gen Waste,0.133
2009-03-01,Learning & Leisure,HUNSLET CHILDRENS CENTRE,1100L-C,Card,0.112
2009-03-01,Learning & Leisure,HUNSLET CHILDRENS CENTRE,1100L-W,Gen Waste,0.306
2009-03-01,Learning & Leisure,HUNSLET HALL EYC - U8EYC186,1100L-C,Card,0.097
2009-03-01,Learning & Leisure,HUNSLET HALL EYC - U8EYC186,1100L-W,Gen Waste,0.426
2009-03-01,Learning & Leisure,HUNSLET LAKE - YS243,1100L-W,Gen Waste,0.0
2009-03-01,Learning & Leisure,HUNSLET LIBRARY (REAR) - LIB117,1100L-W,Gen Waste,0.0
2009-03-01,Learning & Leisure,HUNSLET LIBRARY (REAR) - LIB117,660L-W,Gen Waste,0.034
2009-03-01,Learning & Leisure,HUNSLET LIBRARY (REAR) - LIB117,660L-C,Card,0.0
2009-03-01,Learning & Leisure,IRELAND WOOD PUBLIC LIBRARY - LIB11,240L-W,Gen Waste,0.0
2009-03-01,Learning & Leisure,IYSS YOUTH HUB,1100L-W,Gen Waste,0.171
2009-03-01,Learning & Leisure,JOHN SMEATON LEISURE CENTRE,1100L-C,Card,0.019
2009-03-01,Learning & Leisure,JOHN SMEATON LEISURE CENTRE,1100L-W,Gen Waste,1.294
2009-03-01,Learning & Leisure,KENTMERE EYC - U8EYC187,1100L-C,Card,0.074
2009-03-01,Learning & Leisure,KENTMERE EYC - U8EYC187,1100L-W,Gen Waste,0.433
2009-03-01,Learning & Leisure,KIPPAX LIBRARY - LIB111,240L-W,Gen Waste,0.064
2009-03-01,Learning & Leisure,KIPPAX SPORTS CENTRE - SPO163,1100L-C,Card,0.105
2009-03-01,Learning & Leisure,KIPPAX SPORTS CENTRE - SPO163,1100L-W,Gen Waste,0.412
2009-03-01,Learning & Leisure,KIPPAX SPORTS CENTRE - SPO163,1100L-W,Gen Waste,0.0
2009-03-01,Learning & Leisure,KIRKSTALL ABBEY HOUSE MUSEUM - MUS1,1100L-C,Card,0.087
2009-03-01,Learning & Leisure,KIRKSTALL ABBEY HOUSE MUSEUM - MUS1,1100L-W,Gen Waste,0.413
2009-03-01,Learning & Leisure,KIRKSTALL LEISURE CENTRE,1100L-C,Card,0.095
2009-03-01,Learning & Leisure,KIRKSTALL LEISURE CENTRE,1100L-W,Gen Waste,0.628
2009-03-01,Learning & Leisure,LANGBAR EYC - U8EYC189,1100L-C,Card,0.093
2009-03-01,Learning & Leisure,LANGBAR EYC - U8EYC189,1100L-W,Gen Waste,0.198
2009-03-01,Learning & Leisure,LAUREL BANK EYC - SSEYC202,1100L-W,Gen Waste,0.257
2009-03-01,Learning & Leisure,LEEDS C C - EVENTS TEAM,1100L-W,Gen Waste,0.147
2009-03-01,Learning & Leisure,LEEDS MUSEUM DISCOVERY CENTRE,1100L-C,Card,0.074
2009-03-01,Learning & Leisure,LEEDS MUSEUM DISCOVERY CENTRE,660L-W,Gen Waste,0.187
2009-03-01,Learning & Leisure,LEEDS TOWN HALL,1100L-C,Card,0.363
2009-03-01,Learning & Leisure,LEEDS TOWN HALL,1100L-W,Gen Waste,3.001
2009-03-01,Learning & Leisure,LIBRARY HQ - LIB127,1100L-C,Card,0.0
2009-03-01,Learning & Leisure,LIBRARY HQ - NEW - LIB127,1100L-C,Card,0.1
2009-03-01,Learning & Leisure,LIBRARY HQ - NEW - LIB127,1100L-W,Gen Waste,0.801
2009-03-01,Learning & Leisure,LOTHERTON BIRD GARDEN,1100L-W,Gen Waste,0.413
2009-03-01,Learning & Leisure,LOTHERTON HALL - MUS176,660L-W,Gen Waste,0.0
2009-03-01,Learning & Leisure,LOTHERTON HALL - MUS176,660L-C,Card,0.0
2009-03-01,Learning & Leisure,MIDDLETON LEISURE CENTRE - SPO159,1100L-C,Card,0.066
2009-03-01,Learning & Leisure,MIDDLETON LEISURE CENTRE - SPO159,1100L-W,Gen Waste,0.459
2009-03-01,Learning & Leisure,MOOR ALLERTON LIBRARY - LIB116,360L-W,Gen Waste,0.086
2009-03-01,Learning & Leisure,MOOR ALLERTON LIBRARY - LIB116,360L-C,Card,0.025
2009-03-01,Learning & Leisure,MORLEY EARLEY YEARS - TRGEYC218,1100L-C,Card,0.0
2009-03-01,Learning & Leisure,MORLEY EARLEY YEARS - TRGEYC218,1100L-W,Gen Waste,0.0
2009-03-01,Learning & Leisure,MORLEY EARLEY YEARS - TRGEYC218,660L-W,Gen Waste,0.0
2009-03-01,Learning & Leisure,MORLEY LEISURE CENTRE,1100L-C,Card,0.0
2009-03-01,Learning & Leisure,MORLEY PUBLIC LIBRARY (REAR) - LIB1,1100L-C,Card,0.081
2009-03-01,Learning & Leisure,MORLEY PUBLIC LIBRARY (REAR) - LIB1,360L-W,Gen Waste,0.06
2009-03-01,Learning & Leisure,MORLEY PUBLIC LIBRARY (REAR) - LIB1,1100L-W,Gen Waste,0.0
2009-03-01,Learning & Leisure,NEIGHBOURHOOD JOB SHOP,240L-W,Gen Waste,0.028
2009-03-01,Learning & Leisure,NEIGHBOURHOOD JOB SHOP,240L-C,Card,0.0
2009-03-01,Learning & Leisure,NESFIELD OUTREACH - U8EYC191,1100L-W,Gen Waste,0.254
2009-03-01,Learning & Leisure,NEW AQUATICS CENTRE,1100L-C,Card,0.196
2009-03-01,Learning & Leisure,NEW AQUATICS CENTRE,1100L-W,Gen Waste,1.842
2009-03-01,Learning & Leisure,NORTH AREA OFFICE - YS277,1100L-C,Card,0.091
2009-03-01,Learning & Leisure,NORTH AREA OFFICE - YS277,1100L-W,Gen Waste,0.216
2009-03-01,Learning & Leisure,OAKDALE EYC - U8EYC192,1100L-C,Card,0.068
2009-03-01,Learning & Leisure,OAKDALE EYC - U8EYC192,1100L-W,Gen Waste,0.136
2009-03-01,Learning & Leisure,OAKWOOD LIBRARY - LIB125,360L-W,Gen Waste,0.157
2009-03-01,Learning & Leisure,OTLEY LIBRARY - LIB135,360L-W,Gen Waste,0.148
2009-03-01,Learning & Leisure,PARKS & COUNTRYSIDES,1100L-C,Card,0.096
2009-03-01,Learning & Leisure,PARKS & COUNTRYSIDES,1100L-W,Gen Waste,0.438
2009-03-01,Learning & Leisure,PUDSEY CIVIC HALL,1100L-W,Gen Waste,0.0
2009-03-01,Learning & Leisure,PUDSEY CIVIC HALL - CATERING,1100L-C,Card,0.152
2009-03-01,Learning & Leisure,PUDSEY LEISURE CENTRE - SPO161,1100L-C,Card,0.114
2009-03-01,Learning & Leisure,PUDSEY LEISURE CENTRE - SPO161,1100L-W,Gen Waste,0.625
2009-03-01,Learning & Leisure,PUDSEY LIBRARY (REAR) - LIB109,1100L-W,Gen Waste,0.205
2009-03-01,Learning & Leisure,PUDSEY LIBRARY (REAR) - LIB109,1100L-C,Card,0.083
2009-03-01,Learning & Leisure,QUARRY MOUNT CHILDRENS CENTRE,1100L-W,Gen Waste,0.251
2009-03-01,Learning & Leisure,QUARRY MOUNT CHILDRENS CENTRE,1100L-C,Card,0.063
2009-03-01,Learning & Leisure,RED HALL,1100L-C,Card,0.161
2009-03-01,Learning & Leisure,RICHMOND HILL EYC - U8EYC193,1100L-W,Gen Waste,0.478
2009-03-01,Learning & Leisure,RICHMOND HILL EYC - U8EYC193,1100L-C,Card,0.086
2009-03-01,Learning & Leisure,RICHMOND HILL SPORTS HALL - SPO155,1100L-W,Gen Waste,0.103
2009-03-01,Learning & Leisure,ROSEVILLE CENTRE - TRGEYC284,1100L-W,Gen Waste,0.0
2009-03-01,Learning & Leisure,ROTHWELL LC - SPO279,1100L-C,Card,0.113
2009-03-01,Learning & Leisure,ROTHWELL LIBRARY - LIB104,360L-W,Gen Waste,0.108
2009-03-01,Learning & Leisure,ROTHWELL LIBRARY - LIB104,360L-C,Card,0.037
2009-03-01,Learning & Leisure,ROUNDHAY MANSION,1100L-C,Card,0.056
2009-03-01,Learning & Leisure,ROUNDHAY MANSION,660L-W,Gen Waste,0.182
2009-03-01,Learning & Leisure,SAILING CENTRE - SPO282,660L-W,Gen Waste,0.149
2009-03-01,Learning & Leisure,SCHOOLS LIBRARY SERVICE,1100L-W,Gen Waste,0.247
2009-03-01,Learning & Leisure,SCOTHALL SPORTS CENTRE - SPO152,1100L-C,Card,0.0
2009-03-01,Learning & Leisure,SCOTHALL SPORTS CENTRE - SPO152,1100L-W,Gen Waste,1.073
2009-03-01,Learning & Leisure,SCOTT HALL EYC - U8EYC195,1100L-C,Card,0.124
2009-03-01,Learning & Leisure,SCOTT HALL EYC - U8EYC195,1100L-W,Gen Waste,0.28
2009-03-01,Learning & Leisure,SEACROFT CC - U8EYC196,1100L-C,Card,0.035
2009-03-01,Learning & Leisure,SEACROFT CC - U8EYC196,1100L-W,Gen Waste,0.22
2009-03-01,Learning & Leisure,SEACROFT LIBRARY (SIDE) - LIB107,1100L-W,Gen Waste,0.222
2009-03-01,Learning & Leisure,SEACROFT LIBRARY (SIDE) - LIB107,1100L-C,Card,0.058
2009-03-01,Learning & Leisure,SHEPHERD LANE EYC - U8EYC197,1100L-C,Card,0.0
2009-03-01,Learning & Leisure,SHEPHERD LANE EYC - U8EYC197,1100L-W,Gen Waste,0.285
2009-03-01,Learning & Leisure,SOUTH LEEDS STADIUM,1100L-C,Card,0.173
2009-03-01,Learning & Leisure,SOUTH LEEDS STADIUM,1100L-W,Gen Waste,2.763
2009-03-01,Learning & Leisure,SPRINGFIELD EYC,1100L-W,Gen Waste,0.236
2009-03-01,Learning & Leisure,ST LAWRENCE HOUSE EYC - U8EYC198,1100L-C,Card,0.117
2009-03-01,Learning & Leisure,ST LAWRENCE HOUSE EYC - U8EYC198,1100L-W,Gen Waste,0.213
2009-03-01,Learning & Leisure,SWINNOW LIBRARY - LIB136,1100L-W,Gen Waste,0.0
2009-03-01,Learning & Leisure,TECHNORTH EYC - TRGEYC212,1100L-C,Card,0.207
2009-03-01,Learning & Leisure,TECHNORTH EYC - TRGEYC212,1100L-W,Gen Waste,1.074
2009-03-01,Learning & Leisure,TEMPLE NEWSAM HOUSE - MUS175,1100L-C,Card,0.11
2009-03-01,Learning & Leisure,TEMPLE NEWSAM HOUSE - MUS175,1100L-W,Gen Waste,0.216
2009-03-01,Learning & Leisure,THWAITE MILLS - MUS173,1100L-C,Card,0.098
2009-03-01,Learning & Leisure,THWAITE MILLS - MUS173,1100L-W,Gen Waste,0.266
2009-03-01,Learning & Leisure,TREETOPS COMMUNITY CENTRE,1100L-W,Gen Waste,0.0
2009-03-01,Learning & Leisure,TREETOPS COMMUNITY CENTRE,360L-W,Gen Waste,0.119
2009-03-01,Learning & Leisure,TUNSTALL ROAD CENTRE - YS270,1100L-C,Card,0.086
2009-03-01,Learning & Leisure,TUNSTALL ROAD CENTRE - YS270,1100L-W,Gen Waste,0.207
2009-03-01,Learning & Leisure,TWO WILLOWS EYC - U8EYC199,1100L-C,Card,0.1
2009-03-01,Learning & Leisure,TWO WILLOWS EYC - U8EYC199,1100L-W,Gen Waste,0.423
2009-03-01,Learning & Leisure,WEST ARDSLEY CENTRE - YS271,1100L-W,Gen Waste,0.0
2009-03-01,Learning & Leisure,WEST LEEDS FLC - TRGEYC211,1100L-C,Card,0.03
2009-03-01,Learning & Leisure,WEST LEEDS FLC - TRGEYC211,1100L-W,Gen Waste,0.41
2009-03-01,Learning & Leisure,WEST YORKSHIRE ARCHIVES DEPT - LIB1,240L-C,Card,0.0
2009-03-01,Learning & Leisure,WETHERBY LEISURE CENTRE - SPO156,1100L-W,Gen Waste,0.395
2009-03-01,Learning & Leisure,WETHERBY LIBRARY - LIB108,360L-W,Gen Waste,0.113
2009-03-01,Learning & Leisure,WHINMOOR LIBRARY - LIB126,1100L-W,Gen Waste,0.0
2009-03-01,Learning & Leisure,WINDMILL CHILDRENS CENTRE - U8EYC28,1100L-C,Card,0.086
2009-03-01,Learning & Leisure,WINDMILL CHILDRENS CENTRE - U8EYC28,1100L-W,Gen Waste,0.53
2009-03-01,Learning & Leisure,YEADON LIBRARY - LIB219,360L-W,Gen Waste,0.147
2009-03-01,Learning & Leisure,YEADON LIBRARY - LIB219,360L-C,Card,0.039
2009-03-01,Resources,CITY SERVICES - PROPERTY MAINTENANC,1100L-C,Card,0.165
2009-03-01,Resources,CITY SERVICES - PROPERTY MAINTENANC,1100L-W,Gen Waste,0.465
2009-03-01,Resources,CLEANING & SERVICES(CITY PRINT),1100L-W,Gen Waste,0.595
2009-03-01,Resources,SECURITY SERVICES,1100L-W,Gen Waste,0.16
2009-03-01,Resources,SECURITY SERVICES,1100L-C,Card,0.079
2009-03-01,Resources,TRANSPORT AGENCY 36370,1100L-C,Card,0.098
2009-03-01,Resources,TRANSPORT AGENCY 36370,1100L-W,Gen Waste,0.509
2009-03-01,Resources,WESTLAND ROAD DEPOT 77400,1100L-C,Card,0.103
2009-03-01,Resources,WESTLAND ROAD DEPOT 77400,1100L-W,Gen Waste,0.217
2009-03-01,Social Care,15 LAVENDER WALK,660L-C,Card,0.069
2009-03-01,Social Care,15 LAVENDER WALK,660L-W,Gen Waste,0.179
2009-03-01,Social Care,ACORN LODGE - Q890207,1100L-W,Gen Waste,0.219
2009-03-01,Social Care,AMBERTON COURT - S065890,1100L-C,Card,0.093
2009-03-01,Social Care,AMBERTON COURT - S065890,1100L-W,Gen Waste,0.747
2009-03-01,Social Care,APNA DAY CENTRE - S064100,1100L-W,Gen Waste,0.246
2009-03-01,Social Care,BAILEYS HOUSE - 238 - Q888998,1100L-C,Card,0.08
2009-03-01,Social Care,BAILEYS HOUSE - 238 - Q888998,1100L-W,Gen Waste,0.593
2009-03-01,Social Care,BELLE ISLE NEIGHBOURHOOD CENTRE - 9,660L-W,Gen Waste,0.183
2009-03-01,Social Care,BEWERLEY CROFT - 255 - S064200,1100L-C,Card,0.094
2009-03-01,Social Care,BEWERLEY CROFT - 255 - S064200,1100L-W,Gen Waste,0.449
2009-03-01,Social Care,BODMIN ROAD 2 - 81,660L-W,Gen Waste,0.182
2009-03-01,Social Care,BODMIN ROAD 2 - 81,660L-C,Card,0.022
2009-03-01,Social Care,BODMIN ROAD 4 - 70,660L-W,Gen Waste,0.18
2009-03-01,Social Care,BRAMLEY LAWN DC - S063921,1100L-W,Gen Waste,0.199
2009-03-01,Social Care,BRAMLEY LAWN DC - S063921,1100L-C,Card,0.106
2009-03-01,Social Care,BRAMLEY TC - 362 - S066251,1100L-C,Card,0.119
2009-03-01,Social Care,BRAMLEY TC - 362 - S066251,1100L-W,Gen Waste,0.429
2009-03-01,Social Care,BROOKSBANK - 141 Q893778,1100L-C,Card,0.0
2009-03-01,Social Care,BROOKSBANK - 141 Q893778,1100L-W,Gen Waste,0.428
2009-03-01,Social Care,BROOM COURT - 242 S066401,1100L-C,Card,0.077
2009-03-01,Social Care,BROOM COURT - 242 S066401,1100L-W,Gen Waste,0.751
2009-03-01,Social Care,BURLEY WILLOWS - 170 - S064513,1100L-C,Card,0.09
2009-03-01,Social Care,BURLEY WILLOWS - 170 - S064513,1100L-W,Gen Waste,0.415
2009-03-01,Social Care,BURLEY WILLOWS DC - 523,1100L-W,Gen Waste,0.193
2009-03-01,Social Care,CALVERLANDS DC - 516,1100L-C,Card,0.11
2009-03-01,Social Care,CALVERLANDS DC - 516,1100L-W,Gen Waste,0.269
2009-03-01,Social Care,CLIFFORD BROOKE CTR 327 - Q897660,1100L-C,Card,0.0
2009-03-01,Social Care,CLIFFORD BROOKE CTR 327 - Q897660,1100L-W,Gen Waste,0.0
2009-03-01,Social Care,COTTINGLEY COURT - 253,1100L-W,Gen Waste,0.798
2009-03-01,Social Care,COTTINGLEY COURT - 253,1100L-C,Card,0.02
2009-03-01,Social Care,CRISIS CENTRE - 353 - Q900405,1100L-C,Card,0.091
2009-03-01,Social Care,CRISIS CENTRE - 353 - Q900405,1100L-W,Gen Waste,0.27
2009-03-01,Social Care,CROSSGATES LIBRARY,1100L-C,Card,0.077
2009-03-01,Social Care,DELPH MANOR - 230 - Q829527,1100L-W,Gen Waste,1.069
2009-03-01,Social Care,DOLPHIN MANOR - S065663,1100L-C,Card,0.068
2009-03-01,Social Care,DOLPHIN MANOR - S065663,1100L-W,Gen Waste,0.645
2009-03-01,Social Care,EASDALE CLOSE,360L-W,Gen Waste,0.261
2009-03-01,Social Care,EAST LEEDS FAMILY RC  Q874041,1100L-W,Gen Waste,0.163
2009-03-01,Social Care,EASTMOOR CSU - 126 - S066405,1100L-C,Card,0.188
2009-03-01,Social Care,EASTMOOR CSU - 126 - S066405,1100L-W,Gen Waste,2.132
2009-03-01,Social Care,FAIRVIEW - S066039,1100L-C,Card,0.068
2009-03-01,Social Care,FAIRVIEW - S066039,1100L-W,Gen Waste,0.392
2009-03-01,Social Care,FARFIELD DC - S063922,660L-W,Gen Waste,0.0
2009-03-01,Social Care,FIRTHFIELDS DC - S065781,1100L-C,Card,0.079
2009-03-01,Social Care,FIRTHFIELDS DC - S065781,1100L-W,Gen Waste,0.22
2009-03-01,Social Care,FIRTHFIELDS DC - S065781,1100L-C,Card,0.0
2009-03-01,Social Care,FREDERICK HURDLE DC - 509 Q894243,1100L-C,Card,0.088
2009-03-01,Social Care,FREDERICK HURDLE DC - 509 Q894243,1100L-W,Gen Waste,0.206
2009-03-01,Social Care,GANNERS GREEN - 66 - Q874398,360L-W,Gen Waste,0.243
2009-03-01,Social Care,GRANGE COURT - S063964,1100L-C,Card,0.102
2009-03-01,Social Care,GRANGE COURT - S063964,1100L-W,Gen Waste,0.415
2009-03-01,Social Care,GREEN THE - 176 - S066593,1100L-W,Gen Waste,0.44
2009-03-01,Social Care,GREEN THE DC - S066593,1100L-C,Card,0.07
2009-03-01,Social Care,GREEN THE DC - S066593,1100L-W,Gen Waste,0.152
2009-03-01,Social Care,GREENHILL CENTRE - S069656,1100L-W,Gen Waste,0.218
2009-03-01,Social Care,HARRY BOOTH HOUSE - S063957,1100L-C,Card,0.077
2009-03-01,Social Care,HARRY BOOTH HOUSE - S063957,1100L-W,Gen Waste,0.597
2009-03-01,Social Care,HEALEY CROFT - 229,1100L-W,Gen Waste,0.412
2009-03-01,Social Care,HOLBECK DC - S063712,1100L-C,Card,0.08
2009-03-01,Social Care,HOLBECK DC - S063712,1100L-W,Gen Waste,0.184
2009-03-01,Social Care,HOME LEA HOUSE - S064059,1100L-C,Card,0.098
2009-03-01,Social Care,HOME LEA HOUSE - S064059,1100L-W,Gen Waste,0.596
2009-03-01,Social Care,HORSFORTH - 359 - Q895809,1100L-C,Card,0.09
2009-03-01,Social Care,HORSFORTH - 359 - Q895809,1100L-W,Gen Waste,0.531
2009-03-01,Social Care,HOUGH LANE CENTRE,1100L-C,Card,0.119
2009-03-01,Social Care,HOUGH LANE CENTRE,1100L-W,Gen Waste,0.454
2009-03-01,Social Care,HUNSLET HALL - 6,1100L-W,Gen Waste,0.42
2009-03-01,Social Care,HUNSLET HALL - 6,660L-C,Card,0.076
2009-03-01,Social Care,HUNSLET HALL ANNEX,360L-C,Card,0.039
2009-03-01,Social Care,INGLEWOOD - 46 - S066331,1100L-W,Gen Waste,0.545
2009-03-01,Social Care,IVESON APPROACH - 68 - Q882007,1100L-W,Gen Waste,0.0
2009-03-01,Social Care,JOSEPH STREET - 239 - S066530,1100L-W,Gen Waste,0.261
2009-03-01,Social Care,JOSEPH STREET - 239 - S066530,1100L-C,Card,0.0
2009-03-01,Social Care,KIRKLAND HOUSE - 164 - S064209,1100L-C,Card,0.102
2009-03-01,Social Care,KIRKLAND HOUSE - 164 - S064209,1100L-W,Gen Waste,0.534
2009-03-01,Social Care,KNOWLE MANOR - S064208,1100L-W,Gen Waste,0.624
2009-03-01,Social Care,LAUREL BANK DC - S066161,1100L-C,Card,0.075
2009-03-01,Social Care,LAUREL BANK DC - S066161,1100L-W,Gen Waste,0.273
2009-03-01,Social Care,LEE GRANGE - 251,1100L-W,Gen Waste,0.634
2009-03-01,Social Care,LEE GRANGE - 251,240L-W,Gen Waste,0.0
2009-03-01,Social Care,LEEDS CTR INTERGR LIV - 340 Q892988,1100L-C,Card,0.087
2009-03-01,Social Care,LEEDS CTR INTERGR LIV - 340 Q892988,1100L-W,Gen Waste,0.41
2009-03-01,Social Care,LINCOLNFIELDS DC - 501 - S063821,1100L-C,Card,0.079
2009-03-01,Social Care,LINCOLNFIELDS DC - 501 - S063821,1100L-W,Gen Waste,0.26
2009-03-01,Social Care,LUTTRELL CRESCENT - 72,660L-W,Gen Waste,0.14
2009-03-01,Social Care,MANORFIELD HOUSE - 161 - Q897775,1100L-C,Card,0.092
2009-03-01,Social Care,MANORFIELD HOUSE - 161 - Q897775,1100L-W,Gen Waste,0.513
2009-03-01,Social Care,MARINERS DC - 332 - S066141,1100L-C,Card,0.085
2009-03-01,Social Care,MARINERS DC - 332 - S066141,1100L-W,Gen Waste,0.426
2009-03-01,Social Care,MAWCROFT GRANGE - 234,1100L-W,Gen Waste,0.566
2009-03-01,Social Care,MIDDLECROSS - HOP,1100L-W,Gen Waste,0.443
2009-03-01,Social Care,MIDDLECROSS DC - 512 - S065939,1100L-C,Card,0.102
2009-03-01,Social Care,MIDDLECROSS DC - 512 - S065939,1100L-W,Gen Waste,0.23
2009-03-01,Social Care,MIDDLETON ADVICE CENTRE - 594,1100L-C,Card,0.0
2009-03-01,Social Care,MIDDLETON ADVICE CENTRE - 594,1100L-W,Gen Waste,0.257
2009-03-01,Social Care,MOOR END TC - 358 - Q896765,1100L-C,Card,0.088
2009-03-01,Social Care,MOOR END TC - 358 - Q896765,1100L-W,Gen Waste,0.499
2009-03-01,Social Care,MUSGRAVE COURT - 168 - S066540,1100L-W,Gen Waste,0.412
2009-03-01,Social Care,NABURN COURT DC - 316 - S066370,1100L-C,Card,0.051
2009-03-01,Social Care,NABURN COURT DC - 316 - S066370,1100L-W,Gen Waste,0.214
2009-03-01,Social Care,NORTHWEST LEEDS FAMILY RC - 69,240L-W,Gen Waste,0.128
2009-03-01,Social Care,OLD MIDDLETON OFFICE,1100L-W,Gen Waste,0.0
2009-03-01,Social Care,OLD MIDDLETON OFFICE,660L-C,Card,0.019
2009-03-01,Social Care,OLD MIDDLETON OFFICE,660L-W,Gen Waste,0.043
2009-03-01,Social Care,OSMONDTHORPE RES CTR - 331 Q892091,1100L-C,Card,0.111
2009-03-01,Social Care,OSMONDTHORPE RES CTR - 331 Q892091,1100L-W,Gen Waste,0.52
2009-03-01,Social Care,PARKLEES HOP -,1100L-C,Card,0.096
2009-03-01,Social Care,PARKLEES HOP -,1100L-W,Gen Waste,0.478
2009-03-01,Social Care,PINFOLDS - 243,1100L-C,Card,0.096
2009-03-01,Social Care,PINFOLDS - 243,1100L-W,Gen Waste,0.437
2009-03-01,Social Care,POTTERNEWTON - 367 - S063891,1100L-W,Gen Waste,0.752
2009-03-01,Social Care,POTTERNEWTON - 367 - S063891,660L-C,Card,0.0
2009-03-01,Social Care,PRIMROSE HILL - 171 S065699,1100L-W,Gen Waste,0.444
2009-03-01,Social Care,QUEENSWOOD DRIVE DC - S065697,1100L-C,Card,0.103
2009-03-01,Social Care,QUEENSWOOD DRIVE DC - S065697,1100L-W,Gen Waste,0.0
2009-03-01,Social Care,QUEENSWOOD DRIVE DC - S065697,660L-W,Gen Waste,0.197
2009-03-01,Social Care,RADCLIFFE LANE DC -  S066696,1100L-C,Card,0.092
2009-03-01,Social Care,RADCLIFFE LANE DC -  S066696,1100L-W,Gen Waste,0.225
2009-03-01,Social Care,RAMSHEAD WOOD - 363,1100L-C,Card,0.091
2009-03-01,Social Care,RAMSHEAD WOOD - 363,1100L-W,Gen Waste,0.435
2009-03-01,Social Care,RAYNELL DRIVE - 444 Q862300,1100L-W,Gen Waste,0.206
2009-03-01,Social Care,RAYNELL DRIVE - 444 Q862300,660L-W,Gen Waste,0.0
2009-03-01,Social Care,RICHMOND HILL DC - 322 S063822,1100L-W,Gen Waste,0.0
2009-03-01,Social Care,RICHMOND HOUSE - S065911,1100L-W,Gen Waste,0.409
2009-03-01,Social Care,RICHMOND HOUSE - S065911,1100L-C,Card,0.107
2009-03-01,Social Care,RIDGESIDE,1100L-W,Gen Waste,0.395
2009-03-01,Social Care,RIDGESIDE,240L-W,Gen Waste,0.139
2009-03-01,Social Care,RIDGESIDE - BETHANY,240L-W,Gen Waste,0.065
2009-03-01,Social Care,RIDGESIDE - HALFWAY HOUSE,240L-W,Gen Waste,0.069
2009-03-01,Social Care,ROOS COURT - 235 - Q859440,1100L-W,Gen Waste,0.513
2009-03-01,Social Care,ROSE FARM DC - 314 - Q880559,1100L-C,Card,0.093
2009-03-01,Social Care,ROSE FARM DC - 314 - Q880559,1100L-W,Gen Waste,0.393
2009-03-01,Social Care,ROSEVILLE ENTERPRISE PARK,660L-C,Card,0.065
2009-03-01,Social Care,ROSSEDENE - 231 - Q849090,1100L-W,Gen Waste,0.646
2009-03-01,Social Care,ROTHWELL- A T C - S064341,1100L-C,Card,0.115
2009-03-01,Social Care,ROTHWELL- A T C - S064341,1100L-C,Card,0.117
2009-03-01,Social Care,ROTHWELL- A T C - S064341,1100L-W,Gen Waste,0.412
2009-03-01,Social Care,SIEGEN DC 325 - S064988,1100L-W,Gen Waste,0.228
2009-03-01,Social Care,SIEGEN MANOR HOP AND CENTRE - 169,1100L-C,Card,0.107
2009-03-01,Social Care,SIEGEN MANOR HOP AND CENTRE - 169,1100L-W,Gen Waste,0.583
2009-03-01,Social Care,SPEN CROFT HOSTEL - Q884463,1100L-C,Card,0.1
2009-03-01,Social Care,SPEN CROFT HOSTEL - Q884463,1100L-W,Gen Waste,0.256
2009-03-01,Social Care,SPEN CROFT HOSTEL - Q884463,1100L-W,Gen Waste,0.254
2009-03-01,Social Care,SPRING GARDENS - 162 Q895017,1100L-W,Gen Waste,0.528
2009-03-01,Social Care,SPRING GARDENS ANNEXE - S063961,1100L-W,Gen Waste,0.247
2009-03-01,Social Care,SPRINGFIELD DC - 519 - S066010,1100L-C,Card,0.088
2009-03-01,Social Care,SPRINGFIELD DC - 519 - S066010,1100L-W,Gen Waste,0.251
2009-03-01,Social Care,SQUIRREL WAY - 82 Q892331,1100L-C,Card,0.106
2009-03-01,Social Care,SQUIRREL WAY - 82 Q892331,1100L-W,Gen Waste,0.83
2009-03-01,Social Care,ST CATHERINES DRIVE - 77,1100L-W,Gen Waste,0.192
2009-03-01,Social Care,STOCKS HILL DC - 345 Q878493,1100L-C,Card,0.0
2009-03-01,Social Care,STOCKS HILL DC - 345 Q878493,1100L-W,Gen Waste,0.05
2009-03-01,Social Care,SUFFOLK COURT - 137 - Q894346,1100L-C,Card,0.079
2009-03-01,Social Care,SUFFOLK COURT - 137 - Q894346,1100L-W,Gen Waste,0.532
2009-03-01,Social Care,TEMPLARS CROFT - 233 - S065942,1100L-W,Gen Waste,0.433
2009-03-01,Social Care,THE VALE DC - 347 - S064298,1100L-C,Card,0.099
2009-03-01,Social Care,THE VALE DC - 347 - S064298,1100L-W,Gen Waste,0.294
2009-03-01,Social Care,WEST ARDSLEY  ATC- S065913,1100L-C,Card,0.084
2009-03-01,Social Care,WEST ARDSLEY  ATC- S065913,1100L-W,Gen Waste,0.788
2009-03-01,Social Care,WETHERBY DAY SERVICES - S065123,1100L-W,Gen Waste,0.401
2009-03-01,Social Care,WHITE ROSE HOUSE - 2,1100L-C,Card,0.084
2009-03-01,Social Care,WHITE ROSE HOUSE - 2,1100L-W,Gen Waste,0.493
2009-03-01,Social Care,WINDLESFORD GREEN - 232,1100L-W,Gen Waste,0.408
2009-03-01,Social Care,WOOD LANE,1100L-W,Gen Waste,0.275
2009-03-01,Social Care,WOOD LANE,1100L-W,Gen Waste,0.263
2009-03-01,Social Care,WOODHOUSE DC - S063840,1100L-C,Card,0.11
2009-03-01,Social Care,WOODHOUSE DC - S063840,1100L-W,Gen Waste,0.263
2009-03-01,Social Care,WYKEBECK VALLEY DC - 317,1100L-C,Card,0.094
2009-03-01,Social Care,WYKEBECK VALLEY DC - 317,1100L-W,Gen Waste,0.247
2009-03-01,Social Care,YOUTH JUSTICE SERVICE,1100L-W,Gen Waste,0.207
2009-03-01,Social Care,YOUTH OFFENDING TEAM,1100L-C,Card,0.1
2009-03-01,Social Care,YOUTH OFFENDING TEAM,1100L-W,Gen Waste,0.217
2009-03-01,TBC,CITY ART GALLERY - MUS285,1100L-W,Gen Waste,0.781
2009-03-01,TBC,LEDSTON LUCK ENTERPRISE PARK,1100L-W,Gen Waste,0.202
2009-03-01,TBC,LEEDS C C - EVENTS TEAM,1100L-W,Gen Waste,1.426
2009-03-01,TBC,LEEDS C C - EVENTS TEAM,240L-W,Gen Waste,0.0
2009-03-01,TBC,LEEDS C C - EVENTS TEAM,360L-W,Gen Waste,0.387
2009-03-01,TBC,SANTA'S GROTTO - Z082275,1100L-W,Gen Waste,0.0
2009-03-01,TBC,WESTHOLME - 183 - S066464,1100L-C,Card,0.071
2009-03-01,TBC,WESTHOLME - 183 - S066464,1100L-W,Gen Waste,0.44
2009-03-01,W ALMO,BRAMLEY NHO,1100L-W,Gen Waste,0.218
2009-03-01,W ALMO,BRAMLEY NHO,1100L-C,Card,0.089
2009-03-01,W ALMO,HORSFORTH NHO,660L-W,Gen Waste,0.18
2009-03-01,W ALMO,HORSFORTH NHO,660L-C,Card,0.079
2009-03-01,W ALMO,HOUSING REGISTER,360L-W,Gen Waste,0.12
2009-03-01,W ALMO,KIRKSTALL NHO,1100L-W,Gen Waste,0.202
2009-03-01,W ALMO,KIRKSTALL NHO,1100L-C,Card,0.078
2009-03-01,W ALMO,PROGRESS HOUSE,1100L-W,Gen Waste,0.201
2009-03-01,W ALMO,PROGRESS HOUSE,1100L-C,Card,0.0
2009-03-01,W ALMO,SILVER ROYD HILL,1100L-W,Gen Waste,0.199
2009-03-01,W ALMO,SILVER ROYD HILL,1100L-C,Card,0.082
2009-03-01,W ALMO,WEETWOOD NHO,360L-W,Gen Waste,0.127
2009-03-01,W ALMO,WEETWOOD NHO,360L-C,Card,0.033
2009-03-01,W ALMO,WESTFIELD CHAMBERS,1100L-W,Gen Waste,0.206
2009-03-01,W ALMO,WESTFIELD CHAMBERS,1100L-C,Card,0.099
2009-03-01,W ALMO,WESTFIELD HOUSE,1100L-W,Gen Waste,0.15
2009-03-01,W ALMO,WORTLEY NHO,1100L-W,Gen Waste,0.147
